# vtk DataFile Version 2.0 
3D Model data 
ASCII
DATASET RECTILINEAR_GRID
DIMENSIONS 35 35 31
X_COORDINATES 35 double
        7180000         7188000         7196000         7204000         7212000         7220000         7228000         7236000         7244000         7252000         7260000         7268000         7276000         7284000         7292000         7300000         7308000         7316000         7324000         7332000         7340000         7348000         7356000         7364000         7372000         7380000         7388000         7396000         7404000         7412000         7420000         7428000         7436000         7444000         7452000 
Y_COORDINATES 35 double
         407500          415500          423500          431500          439500          447500          455500          463500          471500          479500          487500          495500          503500          511500          519500          527500          535500          543500          551500          559500          567500          575500          583500          591500          599500          607500          615500          623500          631500          639500          647500          655500          663500          671500          679500 
Z_COORDINATES 31 double
              0              50             110             182             268             372             496             645             824            1039            1297            1607            1979            2425            2960            3602            4372            5296            6405            7736            9333           11250           13550           16310           19622           23597           28367           34091           40960           49202           59093 
CELL_DATA 34680
SCALARS Susceptibility double
LOOKUP_TABLE default
-0.00143337749 -0.00182381005 -0.00204324231 -0.00214497163 -0.00217888186 -0.00215426312 -0.00212984776 -0.00210330006 -0.00208774451 -0.00207521868 -0.00206615826 -0.00205902184 -0.00205996451 -0.00207149456 -0.00209207816 -0.00209680302 -0.00208280702 -0.00206642043 -0.00204021555 -0.0020246776 -0.0020206568 -0.00203917101 -0.00209762957 -0.00218311964 -0.00225224012 -0.00227401148 -0.00226168095 -0.00223854605 -0.0022085667 -0.00217149867 -0.00211944455 -0.00202981385 -0.00183523306 -0.00145755762 
-0.00182261711 -0.00233657599 -0.00264266394 -0.00280361805 -0.00279531933 -0.00264531489 -0.00251394751 -0.0024811759 -0.0024789857 -0.00246241454 -0.00243958734 -0.00242587611 -0.00241111184 -0.00245621738 -0.00256647078 -0.00263425126 -0.00260567454 -0.00257005009 -0.00254859853 -0.00251674281 -0.00246748898 -0.00248403352 -0.00263995236 -0.00286021408 -0.00303089893 -0.00306628419 -0.00299132242 -0.00292529797 -0.00286408854 -0.00275285147 -0.0026459475 -0.0025398622 -0.00231596938 -0.00184545598 
-0.00205327853 -0.00265331828 -0.00311134888 -0.00341481891 -0.00327079781 -0.00267577482 -0.00229208931 -0.00231909595 -0.00243676911 -0.00242100901 -0.00238596697 -0.00232330283 -0.00222090544 -0.00234574831 -0.00278699967 -0.00305158465 -0.00292330732 -0.00282662364 -0.0029373114 -0.00286116151 -0.00253846957 -0.00256468983 -0.00299444948 -0.00345765329 -0.003862669 -0.00392427899 -0.00361465577 -0.0034634718 -0.00335913753 -0.00301504834 -0.00275602326 -0.00270386606 -0.00253468078 -0.00204542138 
-0.00216542207 -0.00285661384 -0.00350626938 -0.00403800443 -0.00383402976 -0.00226641803 -0.00160723638 -0.00185722285 -0.0023247537 -0.00226580974 -0.00211025735 -0.00204620749 -0.00169143089 -0.00186192675 -0.00324240911 -0.00366705099 -0.00335597679 -0.00307304125 -0.00338105194 -0.00345658746 -0.00215215338 -0.00229898553 -0.00322612175 -0.00382475198 -0.00470804217 -0.00485277054 -0.00370810342 -0.00364751917 -0.00370887895 -0.00263225464 -0.00225511484 -0.00246436094 -0.00252868674 -0.00210998449 
-0.00221196956 -0.00290771781 -0.00352923101 -0.00421003333 -0.0046594852 -0.00160065557 -0.00155155977 -0.00185027309 -0.00281830515 -0.00243856538 -0.00191289754 -0.00225600546 -0.00152726166 -0.00126294024 -0.00452069376 -0.00453994678 -0.00392538112 -0.00310797239 -0.00379133281 -0.00465740467 -0.00120038379 -0.00225206094 -0.00372355995 -0.00357884548 -0.00519554036 -0.00572626307 -0.00242671832 -0.00317736265 -0.0040187893 -0.00113675683 -0.00103203032 -0.00191062289 -0.00238969933 -0.00210981529 
-0.0022203513 -0.00278534046 -0.00296128246 -0.0030469427 -0.00320760011 -0.0030399224 -0.00422947607 -0.00315966297 -0.00365087698 -0.00299062579 -0.00216489503 -0.00291208557 -0.00275998135 -0.00239879927 -0.0052674595 -0.00484236095 -0.00340870822 -0.00332297165 -0.00394194886 -0.00302265218 -0.00280008869 -0.0034508435 -0.00360109329 -0.00381844647 -0.00434080655 -0.00485687208 -0.000891618212 -0.0022256886 -0.00329187299 0.000603335007 0.00029828831 -0.00126795036 -0.00219970054 -0.0020622929 
-0.00221822055 -0.00266052734 -0.0025315849 -0.00171000874 -0.00112645825 -0.00698260176 -0.00439268607 -0.0030878578 -0.00343456091 -0.00161612511 -0.00148725973 -0.00298208494 -0.00318439883 -0.00286679355 -0.00354902755 -0.00301414461 -0.00180543206 -0.00376818905 -0.000438702932 0.000742552245 -0.00935610251 -0.00468735015 -0.00279783487 -0.00656685099 -0.00565091475 -0.00535195755 -0.00130923963 -0.00276997777 -0.00404600416 0.00133931955 0.00115017523 -0.000805854647 -0.00203040811 -0.00201206784 
-0.00221757128 -0.0027049022 -0.0026767659 -0.00269778185 -0.00362377336 -0.00373156642 -0.00402905408 -0.00384546889 -0.00217695885 -0.00105513526 -0.00070254736 -0.00364710029 -0.0031074017 -0.00235624964 -0.00307127604 -0.00293160752 -0.00270312733 -0.00237790361 -0.00210272761 -0.00343845524 -0.00381384318 -0.00398383444 -0.00400001089 -0.0047274823 -0.005436267 -0.00529577979 -0.00261316509 -0.00378068636 -0.00499069563 0.00123360267 0.000982789731 -0.000858409887 -0.00201566671 -0.00199710896 
-0.00221841768 -0.0026906466 -0.00267504363 -0.00259639059 -0.00313385146 -0.00294992251 -0.00510621532 -0.00416254475 -0.00267623488 -0.00306749862 -0.00214018867 -0.00393695885 -0.00249471867 -0.00195210205 -0.00374576357 -0.00378198296 -0.00288620091 -0.00264901045 -0.00292011063 -0.00335278998 -0.00183397165 -0.00365022209 -0.00395371093 -0.0027892908 -0.00348608862 -0.00425290198 -0.00139338613 -0.00177367374 -0.0027204308 0.000327679889 -0.000441716087 -0.00163907743 -0.00221016958 -0.00202620745 
-0.00220047252 -0.00258497166 -0.00232524022 -0.00156527622 -0.00137304471 -0.00586583394 -0.00557284419 -0.00376631957 -0.00361737911 -0.00202397358 -0.00239888492 -0.0027471262 -0.00318282667 -0.00168657522 -0.00450285445 -0.00348208525 -0.00211343393 -0.00488540107 -0.00376718135 -0.0022553581 -0.00553397721 -0.00351801924 -0.00393960517 -0.00244319332 -0.00390394471 -0.00483167153 0.00025601952 0.000498081001 -0.000364412853 -0.004351767 -0.00277796289 -0.00237034749 -0.0024318511 -0.00206124652 
-0.00217693919 -0.00251624118 -0.00212867778 -0.00151333882 -0.00214861263 -0.00452733823 -0.00471892547 -0.00376694037 -0.00334437987 -0.00213951498 -0.0012461435 -0.00386197377 -0.00287360106 -0.00169306223 -0.00351206332 -0.00344195558 -0.00323295177 -0.00392753341 -0.00477049709 -0.00514914317 -0.00286555133 -0.00312185992 -0.00388722499 -0.00383551929 -0.00524548112 -0.00559324726 -9.61115564e-05 -0.000712865954 -0.00291366734 -0.000917605912 -0.00136159804 -0.00216630488 -0.00242979984 -0.00209996795 
-0.00218257018 -0.00256056382 -0.0021911917 -0.00161995823 -0.0022324668 -0.00494045499 -0.00439161014 -0.00344561572 -0.00449708295 -0.00457850065 -0.00277807255 -0.00397217917 -0.00079076064 -0.00130274242 -0.00322846753 -0.00377638404 -0.00357652487 -0.00370416754 -0.00508877798 -0.00492887367 -0.00164586407 -0.00344015367 -0.0039807239 -0.00451677916 -0.00561848556 -0.00494206996 8.92317439e-05 -0.00049357081 -0.00239053765 0.0015221995 -0.000102108781 -0.00173397619 -0.00236188323 -0.0020914838 
-0.00225795289 -0.00277151283 -0.00283196622 -0.0023092976 -0.00190478064 -0.00717674081 -0.0046134808 -0.00224342377 -0.00548246429 -0.00337019239 -0.00325028079 -0.00202313753 -0.0021498207 -0.00175964496 -0.00272390196 -0.00338119149 -0.00320643508 -0.00423372363 -0.00483646976 -0.00383616382 -0.00402890403 -0.00391229226 -0.00405206027 -0.00458554831 -0.004564453 -0.00456386588 -0.00147615875 -0.00296557018 -0.00231501848 -0.0006551397 -0.00125039424 -0.00213215905 -0.0024157381 -0.00204967795 
-0.00235832916 -0.00319116656 -0.00409238076 -0.00514105938 -0.00549168128 -0.00146902732 -0.001313729 -0.00183489516 -0.00280778674 -0.00248110775 -0.0022588688 -0.00217726238 -0.00153187876 -0.000863989336 -0.00325964112 -0.00279582023 -0.00232201825 -0.00473738493 -0.00422055629 -0.00321415607 -0.00488303808 -0.00470767938 -0.00451178374 -0.004120139 -0.00498954474 -0.00506486727 0.000173440503 0.000221608652 -0.000680855048 -0.00339508395 -0.003520228 -0.0030571035 -0.00255161277 -0.00199601355 
-0.00243897551 -0.00349782003 -0.00499096169 -0.00629969281 -0.00527408234 0.00265707612 0.00130696069 -0.00149928236 -0.000908702256 -0.00283386045 -0.00279435646 -0.00184846621 -0.000824674551 -0.00133693232 -0.00257272061 -0.00217347332 -0.00276166025 -0.00448491369 -0.00216319723 -0.00300602096 -0.00434983558 -0.00328419369 -0.00371430687 -0.00328449862 -0.00446919714 -0.00337784668 0.00270946753 0.00408728157 0.00031519382 -0.00534789803 -0.0051597247 -0.00371225092 -0.00260768938 -0.00193089689 
-0.00245562487 -0.00348110696 -0.00478361958 -0.00593953236 -0.0051519485 0.00113094527 -0.00277658847 -0.00432969687 0.000571612836 -0.00390760008 -0.00466256784 0.000381157506 -0.00081723081 -0.0024428197 -4.51833571e-05 -0.00318478614 -0.00460908297 -0.00334440704 -0.00401479133 -0.00411672178 -0.00302352604 -0.0035666499 -0.00362808049 -0.00140123923 -0.000659749375 -0.000949547531 0.000599461203 0.000926725018 -0.000505032234 -0.00632464822 -0.00551380274 -0.00370872382 -0.00254899556 -0.00186982504 
-0.00241917209 -0.00320872834 -0.00387601191 -0.00406117711 -0.0033803087 -0.00315664403 -0.00416585022 -0.00413708373 -0.00201625985 -0.00384273322 -0.00500771232 0.00172428505 0.00143001426 -0.000164602756 -0.00409911047 -0.00611313786 -0.00688771066 -0.000249998294 -0.00168107064 -0.00367238872 -0.00318855456 -0.00482624725 -0.00428914675 0.000460788078 0.00169705106 0.00146531172 -0.00276097727 -0.00195059521 -0.00247427731 -0.00408114874 -0.00428704376 -0.00332380901 -0.00245891414 -0.0018583856 
-0.00235035191 -0.00292047137 -0.0029606336 -0.00264061495 -0.00273873176 -0.00518813307 -0.00534293663 -0.00348780802 -0.0027931951 -0.0021608559 -0.00167954482 0.000539546645 -0.000437731272 -0.000595695109 -0.00681518988 -0.00633348047 -0.0032815581 0.000592684703 0.0010418845 -0.00159622479 -0.00525932096 -0.00674540274 -0.00489249062 0.0019164176 0.00188424211 -0.000126528185 -0.00183864393 0.000853694521 -0.000991634434 -0.00337118175 -0.00381942589 -0.00317605618 -0.00245890937 -0.00189068343 
-0.0023071397 -0.00273390556 -0.00242253606 -0.00171160886 -0.00186709296 -0.0046915575 -0.00303772125 -0.00134866959 -0.00388754846 0.000478833377 0.00273852527 -0.0064660839 -0.000507175929 0.00115500318 -0.00551097039 0.00137980052 0.00459742146 -0.00805758118 -0.00167385539 0.000733559583 -0.0113550636 -0.00929280348 -0.00608905527 0.000798014049 -0.00322620365 -0.00461751199 0.00341130844 0.00165185396 -0.00013317711 -0.0048934581 -0.00395755254 -0.00304064614 -0.002512103 -0.00195222405 
-0.00229988191 -0.00268823791 -0.00228066556 -0.0015308172 -0.00165081127 -0.0042828453 -0.00305732117 -0.00176028153 -0.00386947216 -0.00145106655 -0.000269337366 -0.00447302687 -0.00266773758 -0.000548997191 -0.000457147916 0.00362483268 0.00424619563 -0.00556556514 -0.00215273879 0.000391504944 -0.0110651924 -0.00883244567 -0.00284629685 -0.00654975426 -0.00551669597 -0.0034367252 -0.00143360594 -0.00176967539 -0.00335845476 -0.00137539384 -0.00208322744 -0.00257485175 -0.00248875438 -0.00202940078 
-0.0023201411 -0.00272283757 -0.00239553676 -0.00186965607 -0.00238455264 -0.00515927409 -0.00462228584 -0.00337745342 -0.00490061524 -0.00310015052 -0.00204544384 -0.00413406815 -0.00454082042 -0.00204214342 0.00165659158 0.0023760907 0.0018490027 -0.00475146486 0.00051548526 -0.00106143222 -0.0117210481 -0.00813644945 -0.00523972813 -0.00818713523 -0.0041844937 -0.00312972745 -0.00402632827 -0.00360315855 -0.00309449828 -0.000156275713 -0.00167807512 -0.00255336878 -0.00255548972 -0.0020821602 
-0.00233601026 -0.00277416427 -0.00252817254 -0.00211422459 -0.00255789359 -0.00497981109 -0.00442659752 -0.00354671248 -0.00384979523 -0.00168398921 -0.000922337336 -0.00353006555 -0.00389615264 -0.0025204306 0.00391119534 0.00209067968 0.00101252022 -0.00618750354 -0.00467830038 -0.00367513512 -0.0105496489 -0.0114013001 -0.00960464462 -0.000999560035 -0.00374365016 -0.00382211692 -0.00234455202 -0.00209375477 -0.000922950689 -0.00428936206 -0.00390359847 -0.00330073717 -0.00274489007 -0.00210196059 
-0.00232792215 -0.00275397624 -0.00247362791 -0.00202266099 -0.00242596796 -0.00422761339 -0.00401707295 -0.00321649576 -0.00232339847 -0.000173221761 0.00134198067 -0.00349238554 -0.00108020888 0.00268541801 -0.00295714482 -0.000666227189 0.000551658106 -0.00642486687 -0.00576988668 -0.00443498313 -0.00596164133 -0.00634616881 -0.00523090148 -0.00313829783 -0.0034068936 -0.00347675056 -0.00195265574 -0.00148267558 -0.00115709366 -0.00507763902 -0.00496623074 -0.0038286585 -0.00282718458 -0.00208883375 
-0.00229419256 -0.00264112278 -0.0021549261 -0.00147955138 -0.00190715829 -0.00432745654 -0.00369604362 -0.0025777247 -0.00266968782 -0.000218211576 0.000218783616 -0.00408370274 -0.000162625481 0.000868490585 -0.00573138993 -0.00104771702 -0.000733422424 -0.00559464343 -0.00212331096 -0.00201338041 -0.00116419634 0.000983005575 -0.000705723772 -0.00460940212 -0.00189240328 -0.00211234523 -0.00420636634 -0.00421822462 -0.00346513864 -0.00563107036 -0.00493166912 -0.00367997143 -0.00274144649 -0.00204575753 
-0.00225123427 -0.00251122436 -0.00181791568 -0.000681962011 -0.000652866236 -0.00520231751 -0.00347790869 -0.00137938245 -0.0055530679 -0.00340369534 -0.0017358938 -0.00309739791 -0.00211263487 -0.00271722051 -0.000339796659 -0.00242448893 -0.00284970888 -0.00259739429 -0.00180417281 -0.00110992568 -0.000518746648 0.000814510574 0.00110851944 -0.00687833199 -0.00126299811 0.000185047821 -0.0094437505 -0.00756439167 -0.00510173499 -0.00460816008 -0.00398631958 -0.00324031476 -0.00259469658 -0.00199949112 
-0.00221094555 -0.00245054333 -0.00172712064 -0.000695958013 -0.000908511436 -0.00379013251 -0.00282684044 -0.00173825125 -0.00465704356 -0.00354367288 -0.00204666968 -0.00338807799 -0.00226650469 -0.000981745875 -0.00440997279 -0.00572327415 -0.0055013672 -0.000187958019 -0.000255408822 -0.00121831209 -0.00267551303 -0.00275745104 -0.00311527459 -0.00218898327 -0.000859175488 -0.00158647624 -0.00613427486 -0.00637892916 -0.00483253233 -0.00375548557 -0.00327870339 -0.00288411263 -0.00250184459 -0.00197652136 
-0.00218750988 -0.00244640288 -0.00180924057 -0.000936209315 -0.00133741013 -0.00402755954 -0.00305232509 -0.00229781135 -0.00455941997 -0.00314926773 -0.0020732368 -0.00501106712 -0.00410637307 -0.00276083972 -0.00747714172 -0.00847065973 -0.00612706342 0.000284689225 -0.00145927774 -0.00267547467 -0.00500834363 -0.00601021338 -0.0044291279 -0.000145183676 -0.000581183482 -0.00206565617 -0.00391678534 -0.00447323462 -0.00380319979 -0.0032233257 -0.00294703605 -0.00274670818 -0.00247575856 -0.00199057996 
-0.00217602761 -0.0024738583 -0.00197911725 -0.001141627 -0.0012072444 -0.0050186683 -0.00411296346 -0.00234253274 -0.00468301084 -0.0027606281 -0.00106237866 -0.00605277085 -0.00339639688 -0.00354607713 -0.00545199121 -0.0085693099 -0.00651137459 -0.00109729514 -0.00188921266 -0.00295890814 -0.00464090195 -0.00504665911 -0.00374443064 -0.00169050031 -0.00156011594 -0.00240272391 -0.00318231659 -0.00339193789 -0.00321554581 -0.00300365171 -0.00287278982 -0.00274578852 -0.00250526612 -0.00201875438 
-0.00216953737 -0.0025516844 -0.00231034495 -0.00191648926 -0.00217549367 -0.00357286875 -0.00339664463 -0.00274910715 -0.00301773651 -0.00190334325 -0.00126035328 -0.00433788281 -0.00260664626 -0.00168900718 -0.00711419598 -0.00885470735 -0.0072661365 0.000321934394 -3.21965247e-06 -0.00198609548 -0.0034214674 -0.00372622842 -0.00327602559 -0.00262297288 -0.00252879162 -0.00284131317 -0.00305597154 -0.0031092695 -0.00304298287 -0.00296019496 -0.00288070898 -0.00278471962 -0.00254191659 -0.00204508289 
-0.00215597385 -0.00262449276 -0.00264683587 -0.00251851982 -0.00263666505 -0.00292629642 -0.00289598756 -0.00271201658 -0.00258378163 -0.00220470109 -0.00210244246 -0.00378571275 -0.00246514019 -0.00239710816 -0.00806820561 -0.00783897962 -0.00526188753 0.00192724832 0.000919808419 -0.00137632628 -0.00273249776 -0.00309466097 -0.00307022927 -0.00296915776 -0.00295262465 -0.00302098588 -0.00305682544 -0.00305039066 -0.00299746205 -0.00295506725 -0.0029119046 -0.002812543 -0.00256545352 -0.00205861285 
-0.00211881115 -0.00262850318 -0.00279514805 -0.00281755536 -0.00281409735 -0.00282362625 -0.00279892889 -0.00274965195 -0.00269195313 -0.00257791103 -0.00268616891 -0.00308001827 -0.00267108425 -0.00313285442 -0.00531374863 -0.0053556328 -0.00338568451 -0.000349632082 -0.000434557007 -0.00175183924 -0.00268807255 -0.00294535723 -0.0030172941 -0.00302083324 -0.00302118251 -0.00303213598 -0.00302011368 -0.00300971451 -0.00296955722 -0.00294345284 -0.00290776142 -0.00281061734 -0.00255805049 -0.00204728192 
-0.00202845173 -0.00253835474 -0.00275653987 -0.00283685374 -0.00283856092 -0.00280880122 -0.00280395991 -0.00279528307 -0.00278777493 -0.00273491569 -0.00278823756 -0.00278542904 -0.00267421188 -0.00288419697 -0.00346784852 -0.00351584043 -0.0027097488 -0.00183410496 -0.00181756731 -0.00235373961 -0.00276289239 -0.00288528552 -0.00292019124 -0.0029270045 -0.00292080907 -0.00292231742 -0.00290628878 -0.00289330281 -0.00287311164 -0.00285541568 -0.00282138478 -0.00272572742 -0.00247818673 -0.00197688408 
-0.00182294009 -0.00229393839 -0.00251237414 -0.0026006018 -0.00261790386 -0.00260860734 -0.00260778375 -0.00260642805 -0.0026089288 -0.00258187876 -0.00255499622 -0.00251014588 -0.00244224097 -0.00246143154 -0.00257171827 -0.00258051194 -0.00243192842 -0.00228187034 -0.00232873989 -0.00249215445 -0.00262429498 -0.00265866938 -0.00266473668 -0.00265645229 -0.00264584606 -0.00264289845 -0.00263103433 -0.0026270903 -0.0026132421 -0.0026014825 -0.0025706376 -0.00248264867 -0.00225379362 -0.00179363457 
-0.00144237068 -0.00181785212 -0.00200158655 -0.00208161399 -0.0021071556 -0.00210697513 -0.00211256173 -0.00211248444 -0.00211633571 -0.00209286712 -0.00206551064 -0.00201867705 -0.00197609807 -0.00194570267 -0.0019542172 -0.00196627839 -0.00197926608 -0.00199505396 -0.00204452829 -0.0021024806 -0.00214564357 -0.00214814202 -0.00214007706 -0.00213015507 -0.00211876048 -0.0021132135 -0.00210441844 -0.00210238578 -0.00209373566 -0.00208389411 -0.00205658575 -0.00198108877 -0.00179419226 -0.00142659243 
-0.00179844383 -0.00228540547 -0.00255312827 -0.00268376617 -0.00272467997 -0.00270467249 -0.00267566076 -0.00264649242 -0.00262312709 -0.00260533363 -0.00259365023 -0.00258627827 -0.00258512862 -0.00259341919 -0.00261128091 -0.0026142894 -0.00258610079 -0.00256172527 -0.00253626787 -0.00251325525 -0.00251370266 -0.00253668252 -0.0026132566 -0.00271765246 -0.00280416933 -0.00283280638 -0.00281573121 -0.00279171088 -0.00276107657 -0.00271868627 -0.00265874794 -0.00255358262 -0.00231227493 -0.00183627702 
-0.00228297311 -0.00291972413 -0.0033032145 -0.00348903341 -0.00349068369 -0.00331742172 -0.0031687797 -0.00311876131 -0.0031127322 -0.00308457053 -0.0030553162 -0.00304014025 -0.00302135957 -0.00306459999 -0.00319686359 -0.00325546426 -0.00321402398 -0.00317680143 -0.00313561449 -0.00310645169 -0.00304590332 -0.00307354282 -0.00326888213 -0.0035528986 -0.00376391352 -0.00381318207 -0.00372573302 -0.00365318318 -0.00358778154 -0.00345256203 -0.00333320493 -0.00320183631 -0.00292215381 -0.00232842285 
-0.00256357785 -0.00331472694 -0.00386870444 -0.0042352935 -0.00408376648 -0.00333809544 -0.00290071722 -0.00292072738 -0.00305375314 -0.00302686594 -0.00297101101 -0.00290749647 -0.0027688754 -0.00290562674 -0.00345401404 -0.00374566152 -0.0035888531 -0.00344811358 -0.00359005271 -0.00351500934 -0.00306782102 -0.00313395226 -0.00368637716 -0.00425193494 -0.00477830308 -0.00487974605 -0.00448060934 -0.00432816919 -0.0042273089 -0.003788486 -0.00348923893 -0.00342677395 -0.00320614069 -0.00258558601 
-0.00270587849 -0.00355165544 -0.00434692889 -0.00500808348 -0.00472749394 -0.00282055823 -0.00210567806 -0.00239236673 -0.00293855892 -0.00284428624 -0.00264186719 -0.00255703797 -0.00213518132 -0.00230622024 -0.00403707761 -0.00453745447 -0.00407811659 -0.00374436993 -0.00420725058 -0.00420007258 -0.00249699582 -0.00271217783 -0.00391895019 -0.00463145861 -0.00569391219 -0.00596699862 -0.00454240759 -0.00453136515 -0.00465931058 -0.00331305357 -0.00289108537 -0.00315314827 -0.00322129156 -0.00267848435 
-0.00276249328 -0.00361459136 -0.00441592016 -0.00517065217 -0.00554514266 -0.00211216293 -0.00224449734 -0.002427353 -0.00354854662 -0.00312191616 -0.00243378819 -0.00278868225 -0.00197537729 -0.001734182 -0.00557866092 -0.00564277127 -0.00472827047 -0.00386950723 -0.00483818978 -0.00540089932 -0.00146126665 -0.00265722895 -0.00431583447 -0.00432480353 -0.00607197744 -0.00673577137 -0.00297779911 -0.00386971224 -0.00487694011 -0.00151300645 -0.00139314264 -0.00248578586 -0.00307867995 -0.00269331088 
-0.00277855612 -0.00349787208 -0.00369547138 -0.00379479585 -0.00389954478 -0.00400595085 -0.00523625433 -0.00403119529 -0.00453237903 -0.00369386336 -0.00270933746 -0.00357730781 -0.00341537676 -0.00306633479 -0.00640063494 -0.00595430793 -0.00415997768 -0.00409382797 -0.00473329104 -0.00357600345 -0.00362659717 -0.00403942335 -0.0042042651 -0.00456942587 -0.00501583196 -0.00561919664 -0.00101201571 -0.00264234555 -0.00398697428 0.000644340437 0.000258913817 -0.00169615682 -0.00285985256 -0.00264670205 
-0.00278934551 -0.00334525155 -0.00316083864 -0.00222076828 -0.00199458368 -0.00824298247 -0.00538742051 -0.00389407137 -0.00415706136 -0.002004014 -0.00183953799 -0.00365237985 -0.00385103403 -0.00337196727 -0.00429771241 -0.00366805829 -0.00237716747 -0.00419537093 -0.000325296254 0.000109587373 -0.0108575992 -0.00563017098 -0.00365959716 -0.00766154776 -0.006566903 -0.00618660623 -0.00153002377 -0.00329261247 -0.00478913558 0.00159762707 0.00137013701 -0.001121316 -0.00265355367 -0.00258326837 
-0.00279290321 -0.0034128652 -0.00338283003 -0.00338103959 -0.00428012967 -0.00475987476 -0.00505055157 -0.00464820423 -0.00274678258 -0.00160302687 -0.00108183684 -0.00439893124 -0.0035933851 -0.00273687405 -0.00363002308 -0.00356804354 -0.00311839847 -0.00282117021 -0.00232635463 -0.00383902231 -0.00484092383 -0.00484384276 -0.00476606667 -0.0057002733 -0.00631941622 -0.00632087881 -0.00318220937 -0.0046048971 -0.00590673141 0.00142873318 0.00112319903 -0.00114675817 -0.00263300495 -0.00255974899 
-0.00279859091 -0.00339689036 -0.00338208404 -0.00320890291 -0.00372870345 -0.00386657704 -0.00633939482 -0.00511114755 -0.00344226815 -0.00380555772 -0.00279750996 -0.00472294873 -0.00304757475 -0.00226033484 -0.00447097781 -0.00449343155 -0.00337891145 -0.00323470027 -0.0034476343 -0.00381087734 -0.00242950101 -0.00424521262 -0.00463456218 -0.0033032449 -0.00411852047 -0.00510471261 -0.00170894085 -0.00221059733 -0.00328826756 8.82747719e-05 -0.000640047648 -0.00213059344 -0.00283019134 -0.0025865668 
-0.00278663403 -0.00326738122 -0.00291585689 -0.00201925773 -0.00201695676 -0.00707729057 -0.00697869092 -0.00481497759 -0.00436779605 -0.00244266547 -0.00281903834 -0.0035072883 -0.00392128381 -0.00216617566 -0.00529625567 -0.00420148999 -0.00272179032 -0.00576763048 -0.00470286766 -0.00322316255 -0.00633891157 -0.00403309422 -0.00453147014 -0.00293736632 -0.00460885387 -0.00569534237 0.00038993044 0.000719930653 -0.000988485085 -0.00519494198 -0.00363672919 -0.00309298712 -0.00311295023 -0.00262197885 
-0.00274529459 -0.00318458987 -0.00269280031 -0.00189959946 -0.00262942173 -0.00564156575 -0.00580360701 -0.00458082606 -0.0041310976 -0.00286959345 -0.00178960111 -0.00458097687 -0.00317087058 -0.0019368885 -0.00417776883 -0.00412909446 -0.00380804207 -0.00478916941 -0.00588517873 -0.00609459055 -0.00358276291 -0.00377868111 -0.00469407998 -0.00463133206 -0.0064166561 -0.00662941129 -1.8160294e-05 -0.000640542776 -0.00335732352 -0.00138202318 -0.00182432408 -0.00280268521 -0.00310265679 -0.00267036157 
-0.00274364364 -0.00322997848 -0.0027531947 -0.00204869846 -0.00279063414 -0.00619698064 -0.00544528889 -0.00420104622 -0.00555359087 -0.0055385036 -0.003543335 -0.00465021854 -0.000938730527 -0.00143942497 -0.00383159284 -0.0045280581 -0.00422383456 -0.00455949018 -0.00619820907 -0.00586774148 -0.00218154765 -0.00417756556 -0.00484017616 -0.005524444 -0.00673958457 -0.00589872822 2.64234235e-06 -0.000776293936 -0.00284969223 0.00160009634 -0.000218162939 -0.00221025679 -0.00302572886 -0.00264990953 
-0.00282572664 -0.00346675231 -0.00351541628 -0.00292607514 -0.00292236089 -0.00854089771 -0.00574987551 -0.00305333817 -0.00638062986 -0.00382989894 -0.00365456378 -0.0026346664 -0.00274548442 -0.00217162694 -0.00339042911 -0.00416158622 -0.00388688174 -0.00514528887 -0.00587409451 -0.00475994105 -0.00483039895 -0.00466079055 -0.00493796563 -0.0054777816 -0.00540953855 -0.00555707498 -0.00199145318 -0.00415815965 -0.00315123587 -0.000996802459 -0.00160069116 -0.00271059141 -0.00305168652 -0.00257195416 
-0.00293475987 -0.00397616161 -0.00508140007 -0.006353726 -0.00643229833 -0.00180965418 -0.00137001976 -0.00210459995 -0.00333394916 -0.00288035155 -0.00276634447 -0.00259310389 -0.00196155166 -0.00129872451 -0.00399407717 -0.00338818189 -0.00301743902 -0.00569137127 -0.00484017705 -0.00397931305 -0.00588561326 -0.0055187352 -0.0053807978 -0.00502005833 -0.00620636831 -0.00610372561 0.000122626677 0.000296825491 -0.00113637537 -0.00431930267 -0.00442900598 -0.00379287396 -0.0031507003 -0.00247577075 
-0.00302848494 -0.00431063563 -0.00620781706 -0.00765334422 -0.00612581894 0.00326168648 0.00161301663 -0.00169906651 -0.00104696868 -0.00354593152 -0.00350946211 -0.00224931633 -0.00116804379 -0.00183132015 -0.00302777381 -0.00273753418 -0.00353038918 -0.00539078304 -0.00272012514 -0.00368808547 -0.00515998738 -0.00393667212 -0.00438265206 -0.00403456206 -0.00544800189 -0.00408329454 0.00320773287 0.00493745019 0.000239002184 -0.00668809105 -0.00641394249 -0.00454779064 -0.0031510009 -0.00235967588 
-0.00305573562 -0.0043184859 -0.00592998672 -0.00728119168 -0.00594387852 0.00105325759 -0.00381652711 -0.00510088764 0.000341720932 -0.00504905401 -0.0056599159 0.000213340822 -0.0013112434 -0.00277571839 -0.000455484925 -0.00407416163 -0.00572216792 -0.00415817457 -0.00501898423 -0.00501049714 -0.00373421393 -0.00419530313 -0.00435065942 -0.00153459382 -0.0006308604 -0.0011258 0.00055747224 0.00103706563 -0.000986995908 -0.00776282116 -0.00679754372 -0.00450509427 -0.0030562079 -0.00226086764 
-0.00301933403 -0.00400254262 -0.00482895965 -0.00500108706 -0.00429852279 -0.00402615665 -0.0056749076 -0.00523966558 -0.00253941587 -0.00481069735 -0.00582125425 0.00189523313 0.00127618306 -0.000541122401 -0.0052980389 -0.00790519818 -0.00809001886 -0.000385060146 -0.00174588361 -0.00416533838 -0.00390103564 -0.00577023657 -0.00494635553 0.000807964626 0.00236842888 0.00137979466 -0.0034275853 -0.00224645647 -0.0030450237 -0.00512228005 -0.00523944375 -0.00398767842 -0.00294674951 -0.00225016254 
-0.00295265304 -0.00367935555 -0.00371529788 -0.00334630691 -0.00355395923 -0.00653244639 -0.00679862867 -0.00447396371 -0.00348877029 -0.00261223744 -0.0018990816 0.000315350192 -0.000544612661 -0.00106837854 -0.00858380572 -0.00785736116 -0.00384117435 0.000483159836 0.00156916961 -0.0015529547 -0.00647867887 -0.00790379851 -0.0055255532 0.00268761308 0.00237917685 -0.000347508108 -0.00205355037 0.000948310999 -0.00117949438 -0.00425132965 -0.00466038905 -0.00384089188 -0.00296603571 -0.00230673529 
-0.00291181572 -0.00346594454 -0.0030791086 -0.00221451828 -0.0025296725 -0.00581520858 -0.00384827034 -0.00202265048 -0.00463057471 0.000592737763 0.00247893944 -0.00735365472 -0.000413660342 0.000962167709 -0.00644479354 0.0016669105 0.00459468301 -0.00925852438 -0.00174335492 0.000478394455 -0.0134465249 -0.0108149595 -0.00647282353 0.000889924875 -0.0038823155 -0.00495213215 0.00376912535 0.00198145175 -0.00056891897 -0.00581913804 -0.00489478805 -0.00374707938 -0.00308016184 -0.00240556965 
-0.00291610803 -0.003421441 -0.00291626864 -0.00201435508 -0.00224976255 -0.00540183781 -0.00396865917 -0.00245601974 -0.00486774163 -0.00192739261 -0.000475593447 -0.00559133401 -0.0032355322 -0.000687158493 -0.000554018091 0.00422957741 0.00469373058 -0.006855796 -0.00189879514 0.000310416084 -0.0133137964 -0.0101391172 -0.00361378139 -0.00747158014 -0.00644375397 -0.00424239417 -0.00161078722 -0.00230849559 -0.0038914549 -0.00185016824 -0.00254122165 -0.0031613186 -0.00308779491 -0.00252181843 
-0.00294647481 -0.00347695462 -0.00307704324 -0.00244925567 -0.0031385443 -0.00647728253 -0.00584798766 -0.00438359776 -0.00613863015 -0.00386346058 -0.00249679282 -0.00513731764 -0.00546656433 -0.00233739658 0.00205383401 0.00270515907 0.00190367388 -0.00584402997 0.000686730762 -0.00127819838 -0.0140291684 -0.00986449848 -0.00646810359 -0.00933097995 -0.00517051933 -0.00387684752 -0.00483778889 -0.00450851188 -0.00368867821 -0.000386556372 -0.00203646071 -0.00313311222 -0.00318121352 -0.0025929199 
-0.00297236166 -0.00354229597 -0.003247541 -0.00276097112 -0.0033413797 -0.00621890545 -0.00556160549 -0.00449395028 -0.00472205831 -0.00197329639 -0.00102904771 -0.0042994838 -0.00452807787 -0.00233252016 0.00444964971 0.00233746408 0.000832722357 -0.00776105013 -0.00571320676 -0.00467831081 -0.0129329146 -0.0138401911 -0.0108672189 -0.00161056282 -0.00460994602 -0.0046195278 -0.00295836835 -0.00275496798 -0.00149016332 -0.00514992341 -0.00483655289 -0.00410016746 -0.00339642928 -0.00260523236 
-0.00296379789 -0.00351935167 -0.00319284744 -0.00263285718 -0.0031123321 -0.00533583984 -0.00501002626 -0.00396682797 -0.00283461168 -1.2816303e-07 0.00149934216 -0.00400656508 -0.000951850019 0.00288451548 -0.00325772957 -0.000649496402 0.000319941735 -0.00786395299 -0.00669511948 -0.00523432947 -0.00726375942 -0.00730059292 -0.00623207264 -0.00369963111 -0.00401572671 -0.00406236069 -0.00245562763 -0.00189932777 -0.00155754097 -0.00627643928 -0.00610261908 -0.00470822359 -0.00344953523 -0.00257725711 
-0.00292434077 -0.00339155381 -0.00279524301 -0.0019760193 -0.0024945794 -0.00547763173 -0.00466786702 -0.00322609046 -0.0033361848 -0.000284939103 0.000182507987 -0.00463049126 1.17740919e-06 0.000920970295 -0.00641516786 -0.00125853136 -0.000974330127 -0.00658261898 -0.00253865027 -0.00228968026 -0.00123641953 0.00119811321 -0.000884076252 -0.00563324813 -0.00219013822 -0.00249620334 -0.00529822885 -0.00521175365 -0.00433635502 -0.00679457295 -0.00602436345 -0.00446863592 -0.00333792383 -0.0025117957 
-0.00287380122 -0.00322737774 -0.00236660523 -0.00101133416 -0.00119705686 -0.0064200946 -0.00447653763 -0.0021425568 -0.00679194477 -0.00430602603 -0.00213427084 -0.00375151526 -0.00227663686 -0.00250948361 -0.000600349241 -0.00282579205 -0.00332714013 -0.00317676357 -0.00233884673 -0.00146980728 -0.000791904182 0.000722535579 0.000425670037 -0.00811008162 -0.00147176881 -0.000387381067 -0.0113865011 -0.00948320943 -0.00625179251 -0.00558328568 -0.00477965015 -0.00391027965 -0.0031538062 -0.00245248584 
-0.00281969789 -0.00314956754 -0.00225179608 -0.000986438303 -0.00127962146 -0.00478466434 -0.00353434723 -0.00225285879 -0.00582386242 -0.00440607962 -0.00253263395 -0.00405050789 -0.00265898967 -0.00114192009 -0.0050698757 -0.00684809196 -0.00632520627 -0.000293289792 -0.000649656078 -0.00181012372 -0.00358266269 -0.00386852251 -0.0038960584 -0.00292916689 -0.000974970433 -0.00198484748 -0.00776038203 -0.00789773827 -0.00589459614 -0.00449053236 -0.00392690677 -0.00347892761 -0.00305196748 -0.00243511608 
-0.00278502276 -0.00313322454 -0.00234399577 -0.0012641461 -0.00176431405 -0.00504782041 -0.00386146907 -0.00290881523 -0.00564732064 -0.00400493048 -0.00259639863 -0.00603319949 -0.00470102666 -0.0032141497 -0.00869777482 -0.0101648537 -0.00723197434 0.000221977621 -0.00207264483 -0.00365031479 -0.00645387924 -0.00758166146 -0.00544689517 -0.000356993551 -0.000689778305 -0.00252091276 -0.00491515594 -0.00550723001 -0.00458774106 -0.00387975212 -0.00354687562 -0.00333788831 -0.00304538816 -0.00246332842 
-0.00276413912 -0.00315195412 -0.00252677592 -0.00152210663 -0.00178161952 -0.00621492462 -0.00528551118 -0.00319933344 -0.00578573178 -0.00361308884 -0.00171763989 -0.0070894472 -0.00358993166 -0.00359831803 -0.00654256264 -0.0103354699 -0.00777939374 -0.00127252374 -0.00268194157 -0.00394432515 -0.00587810242 -0.00633506492 -0.0046370682 -0.00205093349 -0.00194200986 -0.00298954817 -0.00394537983 -0.00412774825 -0.00391408661 -0.00364394286 -0.00349545277 -0.0033728494 -0.00309803921 -0.00250917241 
-0.0027430173 -0.00323612548 -0.00292661133 -0.00243148099 -0.00273487564 -0.00450258745 -0.00427695332 -0.003434513 -0.00379783637 -0.00251655474 -0.00169833171 -0.00523993579 -0.00279436545 -0.00191552484 -0.00835057011 -0.0105781096 -0.00838693339 0.000495619628 -0.000127833972 -0.00257528755 -0.00430642517 -0.00460535921 -0.00405056108 -0.00323145354 -0.00316308737 -0.00354866779 -0.00378444161 -0.00382839642 -0.00372297713 -0.00362061561 -0.00354058661 -0.0034394217 -0.00315696984 -0.00254904275 
-0.00271811337 -0.00330400326 -0.00333540007 -0.00314708435 -0.00324877503 -0.00362912982 -0.00356036254 -0.0033114344 -0.00321007359 -0.00276807847 -0.00268794917 -0.00454977177 -0.00291395234 -0.00288557864 -0.00954830323 -0.00933590136 -0.00602734401 0.00243914501 0.00117194978 -0.00172594571 -0.00342359029 -0.00381919028 -0.00378895283 -0.00369217236 -0.00368800408 -0.00375986898 -0.00379835109 -0.0037680695 -0.00368670923 -0.00364316826 -0.00359695303 -0.00348874673 -0.00319432422 -0.00257062339 
-0.00266690777 -0.00330421781 -0.00350340324 -0.00352103594 -0.00348036035 -0.00347568177 -0.00343332859 -0.00337030549 -0.00332024916 -0.0032031208 -0.00331376601 -0.00380598208 -0.00320087386 -0.00373099292 -0.00641793816 -0.00638844168 -0.00398553484 -0.000245384454 -0.000533479959 -0.00222074433 -0.00338046151 -0.00366823026 -0.00374429819 -0.00375507686 -0.00376039252 -0.00377433165 -0.00375188653 -0.00372572753 -0.00367346982 -0.00364098271 -0.00360576661 -0.00349639166 -0.00319294607 -0.00256129368 
-0.00255174323 -0.00319123312 -0.00345788736 -0.0035425442 -0.00353271314 -0.00348591282 -0.0034725438 -0.00346265646 -0.00346014133 -0.0034028406 -0.00344983277 -0.00344210093 -0.00326106474 -0.00346289282 -0.00418606328 -0.00420789762 -0.00326522742 -0.00222479056 -0.00229572565 -0.00299145875 -0.00347701929 -0.0036118534 -0.00364190628 -0.00364112748 -0.00363808788 -0.00363739316 -0.00361102636 -0.00359271577 -0.00356531382 -0.00354540225 -0.00351069525 -0.00340163639 -0.00310196802 -0.00247928839 
-0.00229513768 -0.00288482883 -0.00315534086 -0.00325567299 -0.00326887446 -0.0032555292 -0.00325138792 -0.0032477074 -0.00325489059 -0.00322047317 -0.00317539169 -0.00310950784 -0.00300386641 -0.00299037623 -0.00312142166 -0.00312441227 -0.00300213177 -0.00284748323 -0.00295356801 -0.00315485415 -0.00331061378 -0.00333638385 -0.00333020379 -0.00331422167 -0.00329961935 -0.0032933562 -0.0032777492 -0.00327037873 -0.00325341888 -0.00324140287 -0.00320871165 -0.00310739362 -0.00282836135 -0.00225438391 
-0.00181621524 -0.00228795747 -0.00251470043 -0.00260992456 -0.00263730014 -0.00263637704 -0.00264168229 -0.00264248241 -0.00264644011 -0.0026155578 -0.00257607964 -0.00251374681 -0.00244357784 -0.00239524671 -0.00239646021 -0.00242580446 -0.00245648229 -0.00250255915 -0.00258047642 -0.00265874988 -0.00270363017 -0.00269532246 -0.00267840578 -0.00266150653 -0.00264504458 -0.00263715048 -0.00262578669 -0.0026223359 -0.00261219693 -0.00260239194 -0.00257255147 -0.0024842082 -0.00225494239 -0.00179465418 
-0.00198426026 -0.00251614577 -0.00281045301 -0.00294937472 -0.0030013349 -0.00297542512 -0.0029517912 -0.00291277402 -0.00288520671 -0.00286505736 -0.00285318991 -0.00284213062 -0.00284269774 -0.00284619645 -0.00286115221 -0.00285502626 -0.00282653274 -0.0027962303 -0.00276750686 -0.00275210598 -0.00275204074 -0.00279032971 -0.00287864818 -0.00299940051 -0.00309530036 -0.00312955544 -0.00311211238 -0.00308540234 -0.00304826327 -0.00300254175 -0.00293923994 -0.00281752681 -0.00255339009 -0.00203130687 
-0.0025123562 -0.00320687156 -0.00361713443 -0.00382335688 -0.00381986186 -0.0036478499 -0.003487172 -0.00343120911 -0.00341232529 -0.00337942832 -0.00334654485 -0.00332854531 -0.00330747406 -0.00335318558 -0.00347609262 -0.00353574502 -0.00348293521 -0.00343846808 -0.0034054014 -0.00336250582 -0.00332114685 -0.00335538723 -0.00358354172 -0.00391049115 -0.00413815795 -0.00419747275 -0.00411750927 -0.00403743105 -0.00396039142 -0.0038218366 -0.00368742966 -0.00353621419 -0.00322831238 -0.00257506095 
-0.00282142535 -0.00362651033 -0.00421948567 -0.00459512605 -0.00441695678 -0.00368747917 -0.00324704378 -0.00325864556 -0.00335880413 -0.00331616829 -0.00326220669 -0.00318053969 -0.00304877761 -0.00319438999 -0.00374535774 -0.00404135855 -0.00384377375 -0.00372196354 -0.00388158024 -0.00375942298 -0.00330950296 -0.00339778327 -0.00401603043 -0.00464108559 -0.00518324463 -0.00531245583 -0.00494095882 -0.00477360171 -0.00465733106 -0.0042130499 -0.003890768 -0.00380338372 -0.00355608347 -0.00286515765 
-0.00297291732 -0.00388612741 -0.00471153363 -0.00533891274 -0.00504634517 -0.00314821943 -0.00255419391 -0.00278679017 -0.00327246132 -0.00316897383 -0.00293353174 -0.00283809996 -0.00243326588 -0.00263869289 -0.00438544594 -0.00486993148 -0.00436740947 -0.00404275328 -0.00456472823 -0.00444599969 -0.00262481386 -0.00292683637 -0.00419341304 -0.00493970308 -0.00601696625 -0.0063286538 -0.00495889515 -0.00495861353 -0.00507767853 -0.00372059972 -0.0032826941 -0.0035455531 -0.0035920224 -0.00297796549 
-0.00303779347 -0.00396216675 -0.00475949211 -0.00551975448 -0.00573484724 -0.00251076345 -0.0029155275 -0.00297344136 -0.00393769028 -0.003540308 -0.00277955002 -0.00309395743 -0.00237753001 -0.00221601085 -0.00599266696 -0.00612052283 -0.00502227399 -0.00420564059 -0.00544566063 -0.00554946643 -0.00157758049 -0.00281511516 -0.00449588266 -0.00449191981 -0.00608962605 -0.00681457594 -0.00324717062 -0.00415604512 -0.00512093659 -0.00185099326 -0.00172032688 -0.00286948733 -0.00346444444 -0.00300947341 
-0.00306279981 -0.00383459588 -0.00407571166 -0.00415448856 -0.00423586683 -0.00452286811 -0.00577594686 -0.00451394063 -0.00491067767 -0.00402078053 -0.00301990588 -0.00385018444 -0.0037592456 -0.00347276292 -0.00677208733 -0.00637389505 -0.00444631933 -0.00441306158 -0.00507213892 -0.0038779827 -0.00400697294 -0.00423446818 -0.00441358774 -0.00476544331 -0.00495864968 -0.00554387869 -0.0011771879 -0.00279578946 -0.00411291641 0.000409059262 1.91226245e-05 -0.00205933898 -0.0032471889 -0.002966568 
-0.00307904748 -0.00370015501 -0.003537092 -0.00265593665 -0.00277942252 -0.00863108438 -0.00563751624 -0.00424584226 -0.00443506838 -0.00227508223 -0.00211296236 -0.00389720134 -0.00404231355 -0.00357500229 -0.00452819096 -0.00399880974 -0.00278458024 -0.00424504083 -0.000236939553 -0.000710525831 -0.0112010884 -0.00582424843 -0.00407884299 -0.00783580961 -0.00644851098 -0.00606401897 -0.00164996797 -0.00331938515 -0.00477089416 0.00150042046 0.00120562572 -0.00142837516 -0.00302271676 -0.00289858404 
-0.00308546306 -0.00375987211 -0.00374346115 -0.00372513969 -0.00457103806 -0.00518548611 -0.00551389621 -0.00496380119 -0.00315340976 -0.00220114044 -0.001611265 -0.00462770405 -0.00365237078 -0.00281628304 -0.00377264082 -0.00383735562 -0.00327228417 -0.00287407452 -0.00224980432 -0.00391630277 -0.00523270293 -0.00516210296 -0.00506255445 -0.00597153334 -0.0063425851 -0.00640907572 -0.00343709709 -0.00479971402 -0.00587919545 0.00130669595 0.000996952357 -0.00145874071 -0.00298008337 -0.00287135981 
-0.00309477583 -0.00374915671 -0.00371787233 -0.00352290462 -0.00397760635 -0.00433942679 -0.00690885796 -0.00554766296 -0.00384770544 -0.00427070665 -0.0032837831 -0.00496229844 -0.00325304349 -0.0024319056 -0.00464011208 -0.00475199797 -0.00356061915 -0.00341758592 -0.00363702075 -0.00393322292 -0.00269406082 -0.00438939267 -0.0048139984 -0.00351253594 -0.00424466416 -0.00527463204 -0.00198499508 -0.00240595918 -0.00346163606 -0.000295088462 -0.00095266032 -0.00247430706 -0.00320469392 -0.00288944937 
-0.00308149159 -0.00361805959 -0.00325867371 -0.00233002162 -0.00258681836 -0.00753885676 -0.00763750161 -0.00534359822 -0.00464455569 -0.00262593884 -0.0030186025 -0.00385356707 -0.00438250769 -0.00257094429 -0.00550067785 -0.00446293382 -0.00312102141 -0.00607489461 -0.00514678396 -0.00386682057 -0.00647639473 -0.00391458186 -0.00451472952 -0.00313325566 -0.00480879164 -0.00573362177 0.000314712118 0.000750814483 -0.0014878214 -0.00561386253 -0.00409569355 -0.00349350414 -0.00347717841 -0.0029222929 
-0.0030374315 -0.00351906279 -0.00302171985 -0.00222161571 -0.00300322005 -0.00607579621 -0.00621128553 -0.00495340194 -0.00453190422 -0.0034128911 -0.00230235529 -0.00476477992 -0.00305262792 -0.00200908747 -0.00433944678 -0.00437830586 -0.00400122441 -0.00512177525 -0.0063278465 -0.00636476343 -0.00390736734 -0.00405296979 -0.00496948476 -0.00499669903 -0.00679029984 -0.00670019352 -2.95679816e-05 -0.000405786262 -0.00335642617 -0.00171248166 -0.00218579473 -0.00318826269 -0.00348529971 -0.0029730512 
-0.00303119119 -0.00356603561 -0.00311289673 -0.00240406755 -0.0032437232 -0.0066931832 -0.00587518383 -0.00456679356 -0.00591778759 -0.00588419008 -0.00394336865 -0.00477184868 -0.000935386202 -0.00149063094 -0.00397682714 -0.00478436581 -0.00445743715 -0.00484302507 -0.00660426222 -0.00612057275 -0.00256662223 -0.00453250116 -0.0052527796 -0.00591795413 -0.00706074195 -0.00605922524 -0.000258095628 -0.00109554955 -0.00299493746 0.00129986792 -0.000467323512 -0.00258137994 -0.0033766461 -0.00294736675 
-0.00311484517 -0.00382636931 -0.00390306052 -0.00338069385 -0.00368190593 -0.00900264491 -0.00627499484 -0.00356788572 -0.00646781301 -0.00357137762 -0.00356524656 -0.00289577948 -0.00321843725 -0.00247358555 -0.00367413726 -0.00447214544 -0.00421109577 -0.00545316938 -0.00621751234 -0.00516703601 -0.00512008592 -0.0048885901 -0.00525873131 -0.00576092091 -0.00554345536 -0.00571163165 -0.00252313354 -0.00508699749 -0.00375860673 -0.00134623044 -0.00192631949 -0.00303655374 -0.00337309138 -0.00284042772 
-0.00323058791 -0.00433512188 -0.00550561375 -0.00670748982 -0.00652135542 -0.00194073935 -0.00129638035 -0.00219986349 -0.00345230714 -0.00292794671 -0.00287257057 -0.00282515682 -0.00224870279 -0.00172905827 -0.00430395676 -0.00369389946 -0.00342891159 -0.00598027594 -0.00479336159 -0.00428841903 -0.00620691027 -0.00557865468 -0.00556849488 -0.00539458817 -0.00662171185 -0.00627156976 -9.33496798e-05 0.000138727771 -0.00161338654 -0.00480985234 -0.00483550823 -0.00412885298 -0.00342874653 -0.00270386598 
-0.00332566762 -0.0047094797 -0.00659705881 -0.0079831647 -0.00604068969 0.00324594495 0.00150882854 -0.00179908874 -0.00122228539 -0.00394600428 -0.0038511054 -0.00246132994 -0.00150955934 -0.00216476959 -0.00327563456 -0.00308643578 -0.00400597108 -0.00570273004 -0.00295701804 -0.00403058426 -0.00547211043 -0.00408549289 -0.00458514362 -0.00432877554 -0.00576837384 -0.0042340305 0.00311534227 0.00501389356 -0.000122579637 -0.00722534014 -0.00689652278 -0.00485591974 -0.00338881362 -0.00255182181 
-0.00336117927 -0.00470547222 -0.00634291036 -0.00754896916 -0.00589571151 0.000637094864 -0.00478383471 -0.00537117951 -4.31071089e-05 -0.00576006239 -0.00594820112 -0.000120328821 -0.00193262387 -0.00301405794 -0.000855760417 -0.00462234915 -0.00616845782 -0.00453398826 -0.00557086604 -0.00538140375 -0.00402955807 -0.00448804365 -0.00448402159 -0.00158008435 -0.00045589774 -0.00119574641 0.000323906178 0.00091192686 -0.00153213336 -0.00825402622 -0.00726074562 -0.00476740544 -0.00324609692 -0.00242680018 
-0.00332902057 -0.00438748184 -0.00522887826 -0.00539507458 -0.0047113365 -0.00466369241 -0.00676682919 -0.00583814676 -0.0028155166 -0.00521244431 -0.00584743971 0.00167790859 0.000544304092 -0.00128160917 -0.00585567706 -0.00879594458 -0.00825180685 -0.00036480916 -0.00160076953 -0.00422863205 -0.00411231837 -0.00594213528 -0.00494793439 0.000947538068 0.00262860626 0.00102136659 -0.00371216355 -0.00222951018 -0.00323293002 -0.00552625956 -0.00556661644 -0.00422410169 -0.00313003636 -0.00241778095 
-0.00326301726 -0.00405469029 -0.00413090743 -0.0037456596 -0.00406625002 -0.00717401064 -0.00753737461 -0.00501519733 -0.00382712066 -0.00274237422 -0.0019735286 -3.09274769e-07 -0.000819868368 -0.00167547038 -0.00919961797 -0.00842607018 -0.0040775051 0.000410118001 0.00190935774 -0.00158009388 -0.00673892647 -0.00795271529 -0.00527469709 0.00287823419 0.00240054669 -0.000611775028 -0.00213730836 0.000936593947 -0.00135856428 -0.00460852295 -0.0049912038 -0.00409379732 -0.00317974455 -0.00249147485 
-0.00322629346 -0.00384326832 -0.00347074583 -0.00262948904 -0.00309350885 -0.00631275381 -0.00431550547 -0.00266772185 -0.00492816358 0.000466866793 0.00169468019 -0.0074671197 -0.000143047232 0.000545902282 -0.00667373376 0.00166955428 0.00365670699 -0.00940248399 -0.00145259781 -1.49365883e-05 -0.0136656419 -0.0105666042 -0.00585625273 0.000905435652 -0.00415163602 -0.00473238187 0.00366216731 0.00174298222 -0.00110421999 -0.00616142563 -0.00524278053 -0.00402757322 -0.00332497745 -0.00261450191 
-0.00323593741 -0.00380560236 -0.0033122706 -0.00241665774 -0.0028059895 -0.00595552274 -0.00457013477 -0.00309956467 -0.00538008569 -0.00230300666 -0.000943214294 -0.00596082047 -0.00331039922 -0.000789525342 -0.000759948667 0.00388234763 0.00394881411 -0.00715488902 -0.00130361244 -6.8862542e-05 -0.0137514008 -0.00998441031 -0.00385677733 -0.00760307381 -0.00653516279 -0.00433877873 -0.00174764321 -0.00263168653 -0.00405243228 -0.00207088077 -0.00277199927 -0.00344975632 -0.00336425941 -0.00275942649 
-0.00327453905 -0.00386653485 -0.00347413378 -0.00286904425 -0.00368863393 -0.00702621651 -0.00647781612 -0.00503807471 -0.00655115022 -0.00422342259 -0.0028232688 -0.00532206621 -0.00562171998 -0.00232603637 0.00208322751 0.00222659646 0.00109979733 -0.00607731298 0.000802151257 -0.0017463785 -0.0144999279 -0.0102241878 -0.00685038268 -0.00951505804 -0.0054588277 -0.00416580066 -0.00513674381 -0.00497803871 -0.00388981341 -0.000661289924 -0.00225184881 -0.00343854547 -0.00347104468 -0.00284219733 
-0.00330405253 -0.00394325888 -0.00365296889 -0.00318096294 -0.00388687475 -0.0067136659 -0.00604956102 -0.00499888228 -0.00498755161 -0.00202606069 -0.00118470377 -0.00437221027 -0.0045264299 -0.00187340469 0.00440771098 0.00195385957 7.48202707e-06 -0.00828361856 -0.00621509648 -0.00530795905 -0.0135333616 -0.0144020011 -0.0106998143 -0.0019319292 -0.00524542865 -0.0049829893 -0.00335103024 -0.00332256252 -0.00212373296 -0.00551387618 -0.00521129606 -0.00442525019 -0.00368216787 -0.00284743795 
-0.00329717877 -0.00392241446 -0.00358867645 -0.00304196901 -0.00358826252 -0.00577462686 -0.00543545906 -0.0043349627 -0.00299106311 7.76499871e-05 0.00123590793 -0.00402740723 -0.000741239311 0.00262179434 -0.00327076274 -0.000639572614 -0.000175579337 -0.00817935896 -0.00664034169 -0.0054413137 -0.00743682956 -0.00725533612 -0.00632629927 -0.00379766034 -0.00414926804 -0.00423806342 -0.00271625518 -0.00233487118 -0.00212284593 -0.00672691758 -0.00652463823 -0.00502266683 -0.00373018862 -0.00280006953 
-0.00325579349 -0.00378046029 -0.00318180553 -0.00236882664 -0.00298556863 -0.00597557257 -0.00517532305 -0.00368539816 -0.00363065318 -0.000447670665 -9.81580841e-05 -0.00461347584 0.00017684468 0.000737384161 -0.00633311904 -0.00126223466 -0.00123445245 -0.00667517764 -0.0025298702 -0.00231196703 -0.00135553703 0.00119745664 -0.00126194922 -0.00594438786 -0.00223552867 -0.00268299012 -0.005802327 -0.00575038055 -0.00480476578 -0.00716595372 -0.0063484889 -0.00474685091 -0.00357781983 -0.00272558219 
-0.00319917939 -0.00361090679 -0.00273396362 -0.00140209118 -0.0018383349 -0.00694699672 -0.00509863177 -0.00288077651 -0.00725062734 -0.00475824454 -0.00244668228 -0.00381548718 -0.00220154283 -0.0021308987 -0.000656555683 -0.00294836683 -0.00349557708 -0.00341848039 -0.00278212326 -0.0018510271 -0.00120227598 4.19382751e-05 -0.000643146509 -0.00851191849 -0.00143900339 -0.00109472355 -0.0120536006 -0.0101638948 -0.00670154534 -0.00586821429 -0.00504491449 -0.00414534527 -0.0033813912 -0.00265998429 
-0.00313748365 -0.00351501928 -0.00259747869 -0.00132122412 -0.00173359158 -0.00522328327 -0.0039498594 -0.00276398023 -0.00626268574 -0.00482764126 -0.00288026753 -0.00421862857 -0.00284389718 -0.00131364393 -0.00510332386 -0.00714862545 -0.00628280328 -0.000510816723 -0.00130371484 -0.00247476566 -0.00425967481 -0.00475659022 -0.00449172784 -0.00331914455 -0.00112482061 -0.00241663795 -0.00841028378 -0.0085093049 -0.00625518724 -0.00475735534 -0.00415173217 -0.00371197907 -0.00328785684 -0.00264712712 
-0.00309501652 -0.00348869182 -0.00267420721 -0.00158416049 -0.00218926961 -0.00547496612 -0.00432597997 -0.00338678049 -0.00607667295 -0.00446443372 -0.00303121489 -0.00620460628 -0.00467051477 -0.00329867814 -0.00880541674 -0.01054547 -0.00724549201 -7.59043904e-05 -0.00274171925 -0.00440057295 -0.00711326749 -0.00831637226 -0.0058403301 -0.000604820128 -0.000886698794 -0.00287225258 -0.00534238019 -0.00591385409 -0.00491860726 -0.004122355 -0.00379097912 -0.00359343588 -0.00329929301 -0.00268854867 
-0.00306588855 -0.00350454636 -0.00285945814 -0.00185830118 -0.00233089234 -0.00674341465 -0.00599220504 -0.00386186418 -0.00629722531 -0.00431264918 -0.00242292159 -0.0071457004 -0.00309164844 -0.00321052957 -0.00671845588 -0.0107854402 -0.00792057381 -0.00154377906 -0.00340435463 -0.00463104203 -0.00642495155 -0.00681608684 -0.00499344838 -0.00228072396 -0.00220214183 -0.00333401296 -0.00428495245 -0.00448225267 -0.00420857311 -0.00391519936 -0.00376788618 -0.00365572306 -0.00337250995 -0.00274689358 
-0.0030387704 -0.00357739327 -0.00326290294 -0.00275548933 -0.00310702434 -0.00493095152 -0.00475268792 -0.00385661844 -0.00423346397 -0.00303274527 -0.00224450271 -0.00543111082 -0.00264197838 -0.00199376255 -0.00850408553 -0.0108286838 -0.00823374789 0.000467623951 -0.000408126591 -0.002989864 -0.00469699913 -0.00496770659 -0.00437142964 -0.00355627743 -0.00350324278 -0.00391429466 -0.00414527919 -0.00415914012 -0.00404036876 -0.0039239141 -0.00384029112 -0.00374658816 -0.00344901084 -0.00279640553 
-0.00300493371 -0.0036477341 -0.00366914415 -0.00347063917 -0.00355659744 -0.00391642432 -0.00384497472 -0.00359261192 -0.00348963261 -0.00312516979 -0.00309470765 -0.00480088224 -0.00306382576 -0.00321998792 -0.00976737499 -0.00953686384 -0.00582872277 0.00248250812 0.0011193685 -0.00200060693 -0.00374832352 -0.00414830344 -0.00412249087 -0.00404555808 -0.00405240073 -0.00413517524 -0.00415989984 -0.00411066976 -0.00401701741 -0.00396491278 -0.00392123245 -0.00380989202 -0.00349767478 -0.00282453914 
-0.00294531836 -0.00363941626 -0.00384713725 -0.00384970357 -0.00379034904 -0.0037494564 -0.0036951459 -0.00363169315 -0.00358311396 -0.00349495726 -0.00364560384 -0.00408846987 -0.00347814545 -0.00401745458 -0.00671603122 -0.00657395307 -0.0040268836 -0.000272489838 -0.000673083256 -0.0024978924 -0.00372254438 -0.00401027399 -0.00409968415 -0.00411246544 -0.00412978433 -0.00414102515 -0.00410789424 -0.00407351664 -0.00401119492 -0.00397450197 -0.00393990824 -0.00382650236 -0.00350086283 -0.00281744979 
-0.002817552 -0.0035131967 -0.00379726431 -0.00388714961 -0.00385905051 -0.00379485593 -0.00377344515 -0.00376176628 -0.00375642193 -0.0037031162 -0.00375831493 -0.00372377467 -0.0035204637 -0.00372099086 -0.00442325737 -0.0044277371 -0.00346344152 -0.00243934202 -0.00257488861 -0.00331866055 -0.00384645707 -0.00396749315 -0.00399361058 -0.00399512454 -0.00399066232 -0.00398598899 -0.00395646071 -0.003930119 -0.00389850952 -0.00387759182 -0.00384201358 -0.00372740753 -0.00340467861 -0.00272926731 
-0.00253363669 -0.00317775066 -0.00346977566 -0.00357848976 -0.00358555861 -0.0035647576 -0.00355693862 -0.00355240707 -0.00355318722 -0.00351727937 -0.00346547045 -0.00338084743 -0.00325157124 -0.0032336986 -0.00334801281 -0.00336662685 -0.003251264 -0.00313727339 -0.00327060073 -0.00349776225 -0.00366178835 -0.00367670509 -0.00366247079 -0.0036401596 -0.00362138319 -0.00361238034 -0.0035933066 -0.00358327592 -0.0035637304 -0.00355175326 -0.00351836336 -0.00341064958 -0.00310848535 -0.00248412443 
-0.00200845161 -0.00252529269 -0.00277292302 -0.00287709881 -0.00290539111 -0.00290120296 -0.00290676911 -0.00290694716 -0.00290655344 -0.00287347416 -0.00282562865 -0.00274848818 -0.00266896239 -0.0026054136 -0.00260919159 -0.002634638 -0.00269909754 -0.0027615768 -0.00286582052 -0.00294654324 -0.00299559773 -0.00297875521 -0.00295396083 -0.00293075149 -0.00291090699 -0.0029003021 -0.00288621128 -0.00288191943 -0.00287057014 -0.00286055631 -0.00282958418 -0.00273451285 -0.00248462684 -0.00198188051 
-0.00205978572 -0.00260550614 -0.00290759652 -0.00304906066 -0.00309951331 -0.00307385217 -0.003042565 -0.00300177544 -0.00297149462 -0.0029486201 -0.00293770764 -0.00292653296 -0.00292412629 -0.00292432051 -0.00293504975 -0.00292636125 -0.00289318179 -0.00286688657 -0.00283983536 -0.00283083435 -0.00284606983 -0.00289392464 -0.002997015 -0.00313138306 -0.00323431921 -0.00327060552 -0.00325173764 -0.00322130082 -0.0031789112 -0.00312525533 -0.00305449896 -0.00292536029 -0.00264932417 -0.00211093739 
-0.00260196766 -0.00331080242 -0.0037254446 -0.00392642875 -0.00392606488 -0.00374682763 -0.00359281449 -0.00352552366 -0.0034957348 -0.00345922093 -0.00342549074 -0.00340849514 -0.00338524953 -0.00342495686 -0.00353982952 -0.0035910522 -0.00353446662 -0.00349185224 -0.00346901896 -0.00343888114 -0.00340301772 -0.00347233642 -0.0037253257 -0.00406957326 -0.0043116369 -0.00437780474 -0.00430468014 -0.00422191451 -0.00413614177 -0.00398758478 -0.00383952181 -0.00367597346 -0.00335011956 -0.00267502092 
-0.00291795504 -0.00373416452 -0.00432014942 -0.00467045702 -0.00447264214 -0.00380218146 -0.00339687876 -0.00338977348 -0.00345167104 -0.00339855821 -0.00334271646 -0.00325668453 -0.00313523879 -0.00328005855 -0.0037998638 -0.00407535489 -0.00385709902 -0.00376978795 -0.003948875 -0.00378879582 -0.00337218657 -0.0034981834 -0.00415099787 -0.00479031585 -0.00532700708 -0.00547727719 -0.0051495777 -0.00498865017 -0.00485815152 -0.00441709756 -0.00407944473 -0.00397658889 -0.00370365587 -0.00298205048 
-0.00307138597 -0.00399029932 -0.00478154279 -0.00532256687 -0.00500316984 -0.00328438697 -0.00287781186 -0.00304177415 -0.00342406309 -0.0033078113 -0.00305402925 -0.00295211467 -0.0026073716 -0.00281667445 -0.00448206316 -0.00490446476 -0.00436926723 -0.00412161212 -0.00469211211 -0.0044313335 -0.00262028799 -0.0029939398 -0.00426952811 -0.00497756958 -0.00597133408 -0.00633250763 -0.00510621063 -0.00513516175 -0.00523339501 -0.0039306839 -0.00351057742 -0.00375217015 -0.00376407662 -0.00311121679 
-0.00313985611 -0.00406913223 -0.00481866826 -0.00546174796 -0.00561254878 -0.00267264554 -0.00350291076 -0.00335268431 -0.00413433421 -0.00376890647 -0.00294745194 -0.00325509364 -0.00268014937 -0.00254875414 -0.00613956606 -0.00622433232 -0.00504164042 -0.004320165 -0.00577229293 -0.00550730649 -0.00152772896 -0.00287596284 -0.00446414719 -0.00436857211 -0.00569741824 -0.00650982582 -0.00327442906 -0.00420748919 -0.00513367696 -0.00203950707 -0.00198505219 -0.00311438318 -0.00366221823 -0.00315720663 
-0.00317060094 -0.00394693183 -0.00419037461 -0.00427600629 -0.00431160812 -0.00471435587 -0.00607728882 -0.00475700689 -0.00503018069 -0.00415178962 -0.00316476331 -0.003938977 -0.00396274751 -0.00369423097 -0.00685150706 -0.00650375431 -0.00450544736 -0.00449425184 -0.00530930884 -0.00405454305 -0.00411118677 -0.00418640024 -0.00442492509 -0.00461682931 -0.00440902208 -0.00512495128 -0.00113741529 -0.00273096921 -0.00400086429 0.000240188636 -0.000263890125 -0.00232503722 -0.00345933349 -0.00312522224 
-0.00318113057 -0.00382578152 -0.00370500193 -0.00293979502 -0.00328883005 -0.00873166324 -0.00545103973 -0.0042585799 -0.00451391105 -0.00239896293 -0.00228409704 -0.00393148127 -0.00401808365 -0.00355367782 -0.00453587702 -0.00412822457 -0.0030075313 -0.00416848779 -4.27660013e-05 -0.00132636444 -0.0113744026 -0.00561296822 -0.0042203352 -0.00770698846 -0.00580783016 -0.00555328341 -0.00153240315 -0.00304539847 -0.00443112178 0.00144365978 0.000955548416 -0.00168887952 -0.00323460341 -0.00305717732 
-0.00319604533 -0.00387710095 -0.00385758933 -0.00384063984 -0.00461852024 -0.00524375131 -0.00559807759 -0.00499685629 -0.00333491765 -0.00275030734 -0.00202474755 -0.00468674963 -0.00347123037 -0.00273784303 -0.00373188901 -0.00396407995 -0.00328108621 -0.00274128931 -0.00202644411 -0.00386547226 -0.00527351504 -0.00519090776 -0.0051331106 -0.00590629199 -0.00591098153 -0.00614515258 -0.00343568442 -0.00461899087 -0.00556881585 0.00125912349 0.000741764912 -0.00170707264 -0.00318513715 -0.00302670024 
-0.00320499716 -0.00386319926 -0.00381347613 -0.00358431415 -0.00399136283 -0.00445620237 -0.00716014321 -0.00564794781 -0.00400024309 -0.0046160974 -0.00360147724 -0.00502715861 -0.00332072628 -0.00250154144 -0.00464632296 -0.00482673367 -0.00359195868 -0.00338408262 -0.00357316284 -0.00385931224 -0.00266835865 -0.00426068469 -0.00473563697 -0.00347643523 -0.0040668663 -0.00513809771 -0.00206424733 -0.00241643765 -0.00343774699 -0.00053672694 -0.00122392882 -0.00272648525 -0.00340370919 -0.0030353898 
-0.00318716738 -0.00373725471 -0.00338640965 -0.00250888968 -0.00291396586 -0.00772340613 -0.00789421534 -0.00552696517 -0.00468145122 -0.00255826824 -0.00306178164 -0.00398925244 -0.00476373972 -0.00288216164 -0.00557078899 -0.00454849857 -0.00332985391 -0.00619393121 -0.00535185251 -0.00419453944 -0.00640536512 -0.00339688705 -0.00420549763 -0.00312328602 -0.00469526041 -0.00548807542 0.00038429181 0.000848125219 -0.00178440189 -0.00591596105 -0.00438752232 -0.0037210525 -0.00366429465 -0.00306936449 
-0.0031467139 -0.00363668972 -0.0031593379 -0.00241590211 -0.00320338038 -0.00616410241 -0.00624630231 -0.0050283585 -0.00465501747 -0.00378128767 -0.00262982026 -0.00475336621 -0.00277159292 -0.00197199942 -0.00433341881 -0.00442892694 -0.00403106788 -0.00517374468 -0.00642135168 -0.00633440613 -0.00393424796 -0.00402741745 -0.00498983206 -0.00508874238 -0.00681234406 -0.00645750647 9.25327917e-05 -9.45426345e-05 -0.00318479267 -0.00185335734 -0.00241777518 -0.00342091524 -0.00366979079 -0.0031113505 
-0.00314280602 -0.00368931085 -0.00327104506 -0.00265845493 -0.00352765021 -0.00681419287 -0.00597050103 -0.00467954854 -0.00594655868 -0.00596359244 -0.00409350574 -0.00471104134 -0.000718805787 -0.00143701957 -0.00394777858 -0.00481833557 -0.00444864659 -0.00484426085 -0.00661146706 -0.00605752704 -0.00264902958 -0.00470698951 -0.00539128485 -0.0060248981 -0.00699699445 -0.00591596374 -0.00038969713 -0.00123562531 -0.00298642312 0.00111220521 -0.000710984772 -0.00278910282 -0.00354495742 -0.00307776521 
-0.00322211458 -0.00395633184 -0.0040729052 -0.00364575105 -0.00413890312 -0.00918511725 -0.00652894506 -0.00384099783 -0.00627325362 -0.00291363214 -0.00319803067 -0.00294722675 -0.00361511007 -0.00269092663 -0.00374618564 -0.00456632489 -0.00428779349 -0.00544107912 -0.00618186163 -0.00522618499 -0.00515503014 -0.00476621808 -0.00528037005 -0.00577150721 -0.00526839138 -0.00555769327 -0.00290588824 -0.00600800886 -0.00420984757 -0.0016101093 -0.00213102491 -0.00319573367 -0.00350561889 -0.00294950853 
-0.00334485862 -0.00444943989 -0.0055713257 -0.00664288283 -0.00624470243 -0.00182581648 -0.00113018288 -0.00216552395 -0.00337532758 -0.00271562505 -0.00280691626 -0.00285567722 -0.00246438751 -0.00199715705 -0.00443385302 -0.00376983551 -0.00361946373 -0.00592770402 -0.0044196812 -0.00430071084 -0.00619910757 -0.00528579609 -0.00547614972 -0.00547409299 -0.00667264374 -0.0061391958 -0.000216977961 -3.14167232e-05 -0.00198780104 -0.00507588664 -0.00498754524 -0.00423684557 -0.00351951014 -0.00278771153 
-0.0034363553 -0.00481716203 -0.00658596716 -0.00765781049 -0.00554745793 0.00330038088 0.00137556063 -0.0018000383 -0.00132236748 -0.00425333727 -0.00394597377 -0.00259361807 -0.00172139223 -0.00236049648 -0.00337424568 -0.00325892905 -0.00421814359 -0.00574042055 -0.00284175379 -0.00412473693 -0.00552194632 -0.00395503164 -0.00453286694 -0.00439191275 -0.00578759938 -0.00415724533 0.00302949979 0.00496354956 -0.000446516955 -0.00744306725 -0.0069885006 -0.00491291865 -0.00344164527 -0.00260676595 
-0.0034757144 -0.00480883155 -0.00632587279 -0.00726329955 -0.00545379297 0.000305329986 -0.0057552597 -0.00551271831 -0.000281665756 -0.00633362302 -0.00596298393 -0.000369481975 -0.00261661759 -0.00320995426 -0.00107082376 -0.00495760616 -0.00624612108 -0.00462293366 -0.00590209548 -0.00548471113 -0.00411351349 -0.00455295371 -0.00444793795 -0.00147061011 -0.000170352848 -0.00117996135 0.000155214457 0.000748582908 -0.00190864362 -0.00844593198 -0.00732959092 -0.00478843176 -0.00327200052 -0.00246815919 
-0.00344284803 -0.00450668208 -0.00529902207 -0.00536854973 -0.0047813857 -0.00507459159 -0.00758493886 -0.00615607846 -0.00294498714 -0.00529575798 -0.00561106456 0.00147354266 -0.000375263202 -0.0019334209 -0.00622992238 -0.00918965411 -0.00802491149 -0.000116661982 -0.00130311768 -0.00403012577 -0.00406281886 -0.00584670797 -0.0046723127 0.00104128301 0.00272112885 0.000681516008 -0.00386417378 -0.00197351391 -0.00324214257 -0.00559927877 -0.00561412488 -0.00424817116 -0.00315681705 -0.00245749783 
-0.00338125985 -0.00417960263 -0.00426362624 -0.00391146313 -0.00429868794 -0.00745783658 -0.00797518458 -0.00530114784 -0.00389931862 -0.00269803002 -0.00192998407 -0.000168130705 -0.00121682263 -0.00223833535 -0.00945832152 -0.00862376655 -0.00414125735 0.000564140448 0.00239909446 -0.00145417562 -0.00657182529 -0.00736739474 -0.00473787538 0.00301070666 0.00226275801 -0.000839904692 -0.0022096159 0.00100988768 -0.00141476606 -0.00470988318 -0.00503880891 -0.00413019174 -0.00322318544 -0.00254170626 
-0.00334477803 -0.00397492435 -0.00363258393 -0.00287506206 -0.00342893883 -0.00649053111 -0.00447456835 -0.00308417147 -0.00506072907 0.000426099485 0.00098267563 -0.00751070599 0.000376986659 0.000242258894 -0.00679309448 0.00163253066 0.00267151998 -0.00945444512 -0.000893354074 -0.000294645367 -0.0133963916 -0.00948999948 -0.00491536741 0.00103211751 -0.00437268064 -0.00440112144 0.0036138599 0.00136212881 -0.0015500975 -0.00630651712 -0.00530651323 -0.00408324318 -0.00338501272 -0.00268498184 
-0.00335772928 -0.00394102917 -0.00347671991 -0.0026729032 -0.00313880767 -0.00617631474 -0.00491622385 -0.00352896728 -0.00559539058 -0.00258013217 -0.00134644957 -0.00604003784 -0.00315773126 -0.000841938739 -0.0010260355 0.00311892732 0.002914057 -0.00717459837 -0.000454931241 -0.000282121529 -0.0135768502 -0.00912600928 -0.0037337384 -0.00752850055 -0.0062596647 -0.00421521538 -0.00179271507 -0.00289070378 -0.00403775682 -0.00209254154 -0.00282322432 -0.00352407221 -0.00344783288 -0.00283962867 
-0.00339849622 -0.00400415756 -0.00363282257 -0.00310048875 -0.00397439794 -0.00720881966 -0.00676000258 -0.00535739263 -0.00666237865 -0.00432260771 -0.00299804497 -0.0052799833 -0.0055051778 -0.00218875156 0.00188219331 0.00127286214 0.000110855428 -0.00616004501 0.00116807093 -0.00202229424 -0.0144157809 -0.00980648752 -0.00678290978 -0.00946765569 -0.00543424177 -0.00420424323 -0.00527555664 -0.00519032931 -0.00392675195 -0.000726086684 -0.00231982055 -0.00351963707 -0.00355705366 -0.00292539636 
-0.00342941755 -0.00408219995 -0.00380416746 -0.00338118722 -0.00413378653 -0.00681418823 -0.00613217372 -0.00513589295 -0.00493733935 -0.00190083801 -0.00125614439 -0.00429552904 -0.00429630391 -0.00147551465 0.0042822653 0.00119661112 -0.000871924273 -0.00858431617 -0.00643355918 -0.00563473174 -0.0135142039 -0.0141745929 -0.0100251613 -0.00186947016 -0.005745783 -0.00516599588 -0.00354180881 -0.0038431161 -0.00264417932 -0.00570598951 -0.00527601951 -0.00447598973 -0.00375186336 -0.00292591729 
-0.00342317575 -0.0040602667 -0.00373543523 -0.00322424946 -0.00378805623 -0.00585565545 -0.00548718783 -0.004390439 -0.0029294447 0.000174542854 0.000986543844 -0.00400234186 -0.000564909091 0.00232052294 -0.00336512113 -0.000670110336 -0.000626488483 -0.00815282762 -0.00613629886 -0.00525285684 -0.00717516087 -0.00661515084 -0.00596825465 -0.00361099219 -0.00406918037 -0.00414906457 -0.00280252136 -0.00275472478 -0.00254201139 -0.00688704302 -0.00652655801 -0.00504451723 -0.0037812175 -0.00286472575 
-0.0033825416 -0.00392001616 -0.00334175329 -0.00260843319 -0.00326671616 -0.00613927451 -0.00537561725 -0.00390948904 -0.00370765231 -0.000513900459 -0.000376069685 -0.00455030293 0.000328423071 0.000504743501 -0.00624436458 -0.00111000695 -0.00138365883 -0.00652620769 -0.00210799814 -0.00213236925 -0.00127678636 0.00125003389 -0.00145060165 -0.00595858375 -0.00192644295 -0.00268729786 -0.00595283304 -0.00595046909 -0.00504374135 -0.00717791681 -0.00630674289 -0.00474197103 -0.00361302875 -0.00278261401 
-0.00332150147 -0.00375075161 -0.00291393297 -0.00170826158 -0.00230695685 -0.00722158114 -0.00549632291 -0.00339818793 -0.00747748635 -0.00500858639 -0.00262463122 -0.00377228835 -0.00205830318 -0.00181053718 -0.000530502863 -0.00299131111 -0.00346609305 -0.00348485305 -0.00312886624 -0.0021348625 -0.00157740464 -0.0007447895 -0.0016323363 -0.0086875992 -0.00118793601 -0.00157313055 -0.0123434057 -0.0103167257 -0.00673758827 -0.0058301146 -0.00500038442 -0.004140061 -0.00341881688 -0.00271695765 
-0.00325830191 -0.00364635208 -0.00275623743 -0.00157862791 -0.00205400919 -0.00539841589 -0.00415957838 -0.00308499273 -0.0064000345 -0.00494244369 -0.00305099534 -0.00422048806 -0.00293478441 -0.00139852759 -0.00503918062 -0.0070922254 -0.00596427429 -0.000607676207 -0.00196411218 -0.00299329348 -0.0047202447 -0.00548864252 -0.00491190747 -0.00346988228 -0.00116667755 -0.00270594649 -0.00863784666 -0.00858643841 -0.00627263409 -0.00473468593 -0.00413601083 -0.00373467822 -0.00333778795 -0.00271127851 
-0.0032117044 -0.00361472528 -0.00281782384 -0.00180653391 -0.00246976921 -0.00563775963 -0.00456158302 -0.00366867301 -0.00622358439 -0.00471237484 -0.00328570997 -0.00611510005 -0.00442035196 -0.00319904728 -0.0086617485 -0.010406305 -0.00690076268 -0.000232152029 -0.00339236772 -0.00489982211 -0.00741332492 -0.00862399354 -0.00592646118 -0.000687568457 -0.00100860368 -0.0030467037 -0.00546590384 -0.00599447532 -0.0049436885 -0.00413297745 -0.00381959562 -0.0036432689 -0.00336721601 -0.00276298132 
-0.00317777706 -0.00362805896 -0.00300407185 -0.00208750434 -0.00269491888 -0.00703138066 -0.00647744958 -0.00430061257 -0.00659794165 -0.00488725099 -0.00298748613 -0.00691711355 -0.00218905226 -0.0026422379 -0.0065124266 -0.0107357126 -0.00763245943 -0.00166417544 -0.00404979724 -0.0050466479 -0.00657470708 -0.00688546028 -0.00501661231 -0.00236224015 -0.00232563804 -0.00346721844 -0.00439272462 -0.00456457276 -0.0042636537 -0.00396783816 -0.00383174338 -0.00373176725 -0.00345791828 -0.00283138544 
-0.00315019715 -0.00369709527 -0.00338591602 -0.00291423656 -0.00328919629 -0.00509025758 -0.0049812481 -0.00405844372 -0.00444192463 -0.00344737067 -0.0026420822 -0.00536919793 -0.00224926854 -0.00191132566 -0.00831041891 -0.0104794157 -0.00766123908 0.000572176829 -0.000668770856 -0.00320075643 -0.00478391014 -0.00500492675 -0.00442239784 -0.00366275372 -0.00363419585 -0.00404848835 -0.0042683981 -0.00426142216 -0.00412680871 -0.00400641573 -0.00392907176 -0.0038411362 -0.003546707 -0.00288661979 
-0.00311359989 -0.00376587496 -0.00377905142 -0.00356567344 -0.00363605759 -0.00396249355 -0.00388506354 -0.00363081554 -0.0035517359 -0.00331544317 -0.00332505387 -0.00482934169 -0.00309677444 -0.00336166966 -0.00965338244 -0.00913142466 -0.00530239419 0.00259910703 0.00102327288 -0.00212310273 -0.00382618829 -0.00420937482 -0.00421546093 -0.00415794355 -0.00418576251 -0.00427564491 -0.00428406009 -0.0042278634 -0.00411949801 -0.00406650645 -0.00402456349 -0.00391603662 -0.00360259339 -0.00291939157 
-0.00305163019 -0.00375734754 -0.00395803872 -0.00394200668 -0.00385575327 -0.00378676453 -0.00371187068 -0.00363810911 -0.00360552574 -0.00356463475 -0.00373862973 -0.00415972831 -0.00357692692 -0.00413500515 -0.0066737543 -0.00638677984 -0.00382366585 -0.000248996393 -0.000764534316 -0.00261228979 -0.00383136535 -0.00411538978 -0.00421096872 -0.00424138904 -0.004261618 -0.0042731187 -0.00423638269 -0.00419297467 -0.00412249542 -0.00408560833 -0.00405221377 -0.0039390871 -0.00360947819 -0.00291388794 
-0.00291980516 -0.00362962797 -0.00391423635 -0.00399682506 -0.00395211271 -0.00387306088 -0.00383603271 -0.00381493246 -0.00381190186 -0.00376236709 -0.00382742321 -0.00379351996 -0.00359633026 -0.00379597295 -0.00443760015 -0.00442622697 -0.00346249999 -0.00251699717 -0.00269256512 -0.0034583327 -0.00398300119 -0.0040950401 -0.00411772397 -0.00412356604 -0.00411598851 -0.00411067439 -0.00407796306 -0.004046309 -0.0040108193 -0.0039904282 -0.00395508289 -0.0038400817 -0.0035119424 -0.00282341716 
-0.00262679709 -0.00328589375 -0.00358334095 -0.00369078268 -0.003693313 -0.00366340619 -0.00364921373 -0.00363967472 -0.00363466016 -0.00359367883 -0.00354391722 -0.00345512642 -0.00332645944 -0.00329530212 -0.00340891864 -0.0034307033 -0.00333563865 -0.00325034107 -0.00340684068 -0.00364240104 -0.00380120469 -0.00380679464 -0.00378777988 -0.00375971205 -0.00373909306 -0.0037280887 -0.00370553854 -0.00369389251 -0.00367208319 -0.00366011796 -0.00362743635 -0.00351801677 -0.00320955432 -0.0025718354 
-0.00208680267 -0.00261798794 -0.00287289783 -0.0029798997 -0.00300640631 -0.0030010475 -0.00300335829 -0.00299970569 -0.00299760946 -0.00295838724 -0.00290750569 -0.00282833177 -0.00274185944 -0.00267533133 -0.00267939735 -0.0027165525 -0.00279386761 -0.00287309515 -0.00298950907 -0.0030731642 -0.00311857044 -0.00309442435 -0.00306457626 -0.00303655276 -0.00301396453 -0.00300095265 -0.00298460684 -0.00297947733 -0.00296702093 -0.00295696244 -0.00292585729 -0.00282866031 -0.00257221504 -0.00205676048 
-0.00208810196 -0.00263623605 -0.00293803807 -0.00307642389 -0.00312106713 -0.00308971909 -0.00305073585 -0.00300616089 -0.00297334995 -0.00294955844 -0.00294112468 -0.00292931761 -0.00292453843 -0.00292202596 -0.00292702976 -0.00291863982 -0.00288422374 -0.00286318199 -0.0028454145 -0.00284675159 -0.0028808189 -0.00294386327 -0.00306296419 -0.00321143058 -0.00331904649 -0.00335523154 -0.00333725418 -0.00329974047 -0.00324672312 -0.00318580933 -0.00310359898 -0.0029667012 -0.00268417634 -0.00213996959 
-0.00263359148 -0.00334350844 -0.0037499151 -0.00393922946 -0.00392892631 -0.00374759422 -0.00359123962 -0.00351728165 -0.00347540436 -0.00343726875 -0.00340710348 -0.00338944998 -0.00336419263 -0.00339883249 -0.00350156133 -0.00354769277 -0.00349022524 -0.00345851157 -0.00345366634 -0.00344046446 -0.00342499198 -0.00352906604 -0.00381452256 -0.00417159852 -0.00442166897 -0.00449607272 -0.00443097005 -0.0043434845 -0.00424260512 -0.00408140199 -0.0039160091 -0.00373712611 -0.00339821221 -0.00271279362 
-0.0029486343 -0.00375964899 -0.00432454155 -0.00462347612 -0.00441556557 -0.00379004257 -0.00344674632 -0.00341068468 -0.00343555077 -0.00337979463 -0.00332082732 -0.00323136048 -0.00312369205 -0.00326012859 -0.00375012909 -0.00398888769 -0.00377094554 -0.00372401898 -0.00392551897 -0.00376071015 -0.00335794517 -0.00355559602 -0.00423826594 -0.00487120568 -0.00539872065 -0.00556983473 -0.00528757284 -0.00513576539 -0.00498700435 -0.00454127008 -0.00419391016 -0.00406570108 -0.00376943581 -0.00303071302 
-0.00309859527 -0.00400121535 -0.00473454975 -0.00517474263 -0.00481966976 -0.00329188867 -0.0031037192 -0.00319903988 -0.00348366817 -0.00335523799 -0.00308147348 -0.00297962819 -0.00269649316 -0.00290326599 -0.0044742179 -0.00483302628 -0.00426408655 -0.00410716164 -0.00476322744 -0.00434872428 -0.00256184778 -0.00301476066 -0.00429545207 -0.00495201997 -0.00582664878 -0.0062479901 -0.0051711776 -0.00523655278 -0.0053156967 -0.00406114689 -0.00366293244 -0.00387947833 -0.00385475731 -0.0031726326 
-0.00316818016 -0.00407572859 -0.00475379119 -0.00527994117 -0.00531861034 -0.00271052986 -0.00399894209 -0.00365829119 -0.00425014519 -0.00391365558 -0.00304169033 -0.00334167481 -0.00292278612 -0.00280697739 -0.00621754119 -0.0062582519 -0.00495609109 -0.00437046141 -0.0061055402 -0.00541063862 -0.00142340963 -0.00286794924 -0.00440326878 -0.00416085907 -0.00515724821 -0.00610228185 -0.00319484333 -0.00417139508 -0.00506499401 -0.00213746596 -0.00218082889 -0.0032898224 -0.00378040276 -0.00323441358 
-0.00319489162 -0.00396334425 -0.00419065213 -0.00424421388 -0.00426919853 -0.0047525421 -0.00631238146 -0.00489558008 -0.00505295868 -0.00422814373 -0.00322256136 -0.00397367138 -0.00411328088 -0.00386584715 -0.00689157295 -0.00657082642 -0.00452532093 -0.0045314773 -0.00552453245 -0.00423336957 -0.00414180381 -0.00411540509 -0.00436821441 -0.00436360159 -0.00372174145 -0.0045574403 -0.000966375702 -0.00254102575 -0.0037892426 0.000182283167 -0.000484752405 -0.00253022314 -0.00359914412 -0.00321500668 
-0.00320459042 -0.00384005945 -0.00375364079 -0.00311327908 -0.00367328044 -0.00876034344 -0.00508523625 -0.00413795008 -0.00449802537 -0.00241814235 -0.00237945354 -0.00391097152 -0.00393990668 -0.00347784601 -0.00449153904 -0.00423115906 -0.00317712743 -0.00406935761 0.000243555197 -0.00190333143 -0.0116143936 -0.00529683545 -0.00431171245 -0.00754578865 -0.00499954206 -0.00491456032 -0.00126744122 -0.00261799825 -0.00396383004 0.00151282466 0.000770408256 -0.00189607755 -0.00337984319 -0.00315047816 
-0.00321749261 -0.00388863027 -0.00385402357 -0.00382128659 -0.00453870244 -0.00514734961 -0.00555427395 -0.0048758673 -0.00340729725 -0.0032402585 -0.00239921709 -0.00469624538 -0.00325230957 -0.00260106842 -0.00368324434 -0.00406768733 -0.00327882737 -0.00255392341 -0.00169659346 -0.00375999572 -0.00524346897 -0.0051551007 -0.00515705391 -0.00576103757 -0.00538124136 -0.00576953419 -0.0033074515 -0.00433437663 -0.00511838938 0.00132531652 0.000566680463 -0.00191572733 -0.00332757176 -0.00311605021 
-0.00322712527 -0.00386616001 -0.00378203981 -0.00351610491 -0.00385752881 -0.00442323595 -0.00730526102 -0.00562199556 -0.00402614671 -0.00491630113 -0.00385124459 -0.00509087846 -0.0033603187 -0.00258030027 -0.00466715561 -0.00491911091 -0.00359992692 -0.00328977522 -0.00343939987 -0.00368663343 -0.00252377344 -0.00403837693 -0.0045698027 -0.00337408703 -0.0037616775 -0.00492317189 -0.00203278317 -0.00227764585 -0.00331694424 -0.000653654586 -0.00146004004 -0.00291709251 -0.00353263004 -0.00312243123 
-0.00320643975 -0.00374059428 -0.00339362558 -0.00257453703 -0.00310193934 -0.00784213207 -0.00804601678 -0.00559383802 -0.00460486831 -0.00233169632 -0.00301246128 -0.0040885557 -0.00520104851 -0.00322704426 -0.0056813645 -0.0046562454 -0.00351343336 -0.00629624999 -0.00550097413 -0.00444011275 -0.00627653226 -0.00269018332 -0.00379535119 -0.00302291835 -0.00449540351 -0.00515148572 0.000588226603 0.0010869481 -0.00197587907 -0.00618428264 -0.00462553026 -0.0038918226 -0.00378378254 -0.00314540581 
-0.00316975104 -0.00364947291 -0.00318824267 -0.00249410747 -0.00330044822 -0.00613705507 -0.00617541638 -0.00497117077 -0.00467234645 -0.00406864714 -0.00288394991 -0.00470729171 -0.00242611869 -0.00191672083 -0.00433866423 -0.00447340684 -0.00403574323 -0.00516126075 -0.00643113611 -0.00622209786 -0.00380816735 -0.00391036794 -0.00491125655 -0.00512135855 -0.00679037659 -0.0061598106 0.000343677218 0.000386969527 -0.00290217452 -0.00186671334 -0.00258153261 -0.00356760945 -0.00377117018 -0.00318345125 
-0.00316933178 -0.00371430712 -0.00332677784 -0.00279500455 -0.00371725691 -0.0068451359 -0.00598016617 -0.00469814076 -0.00588927891 -0.00598784877 -0.00415607115 -0.00460189389 -0.000414117871 -0.0013154897 -0.00389174871 -0.00482062842 -0.004379037 -0.00475310547 -0.00652655375 -0.00586453048 -0.00260845005 -0.00476461505 -0.00547541188 -0.00608341073 -0.00688336283 -0.00569388619 -0.00040168244 -0.00128373571 -0.00284714315 0.00107154185 -0.000826449868 -0.00291507064 -0.00363189858 -0.00313845527 
-0.00325319668 -0.00398051339 -0.00412463859 -0.00380735345 -0.00449348772 -0.00934878062 -0.00673789195 -0.0040607651 -0.00602922521 -0.00207265155 -0.00272410235 -0.00289857069 -0.00399932416 -0.0028527908 -0.00375614994 -0.00460374956 -0.00427129668 -0.00533110682 -0.00603346382 -0.00517404711 -0.00508354264 -0.00451875319 -0.00523937162 -0.00572220232 -0.00488500855 -0.00531268916 -0.00321826849 -0.00696052687 -0.00459785572 -0.00176301694 -0.00223172026 -0.00327056835 -0.00356040938 -0.00299331289 
-0.0033749925 -0.00446537255 -0.00551336263 -0.0064038261 -0.0058537642 -0.00154807514 -0.000858924827 -0.0020733009 -0.00320547935 -0.00244895397 -0.00261964723 -0.00282161683 -0.00259101602 -0.00221106119 -0.00447424518 -0.00375292211 -0.00371716198 -0.00575731801 -0.0038711671 -0.00420509573 -0.00609547615 -0.0048955236 -0.00530365019 -0.00550111126 -0.00667341905 -0.00592898134 -0.000212085321 -9.69109898e-05 -0.00226912908 -0.00526168733 -0.00506050594 -0.00426459456 -0.00354196184 -0.00281323644 
-0.00347204129 -0.00480935705 -0.00640794021 -0.00717664181 -0.00482442305 0.00352982433 0.00136919624 -0.00173617757 -0.00138170737 -0.00450840038 -0.00401984038 -0.00263597489 -0.00187602765 -0.00246563868 -0.00339061591 -0.00328853718 -0.00434652826 -0.00565234337 -0.00257201783 -0.00411818324 -0.00549698197 -0.00374065104 -0.00443256692 -0.00440376065 -0.00577187588 -0.00397692604 0.00307315191 0.00512715306 -0.000671354861 -0.00759278628 -0.00702900596 -0.00490228096 -0.00343766634 -0.00261579905 
-0.00350505153 -0.00479780865 -0.00614777716 -0.00677353809 -0.00481821095 0.000150739132 -0.00675946502 -0.00561840329 -0.000426483592 -0.00693938493 -0.00594438834 -0.000516765149 -0.00329780523 -0.00333509003 -0.00114174063 -0.00522102299 -0.00620984501 -0.0045935903 -0.00618009729 -0.00552334396 -0.00414551507 -0.00457966639 -0.00439049448 -0.00132788066 0.00022411304 -0.00107512151 0.000116725662 0.000698449489 -0.00218573929 -0.00860546699 -0.00734671563 -0.00475833419 -0.00325517565 -0.00246583346 
-0.00347275227 -0.00450433614 -0.00521045551 -0.00516149293 -0.00466015357 -0.0053677783 -0.00839541692 -0.00640130819 -0.0029753216 -0.00533075565 -0.00524905622 0.00135834198 -0.00126631977 -0.00254820956 -0.00655559108 -0.00954497498 -0.00768314657 0.000303285301 -0.000826377273 -0.00374061218 -0.00395825353 -0.00566240686 -0.00441817935 0.00118572543 0.00287981458 0.000380952439 -0.00395452314 -0.00161192297 -0.00311570726 -0.00560122617 -0.00560010501 -0.00422130489 -0.00313801991 -0.00245579087 
-0.00340650785 -0.00418636505 -0.00425175782 -0.00390147139 -0.00438704561 -0.00761739283 -0.00832542175 -0.00550008857 -0.00385209779 -0.00252504019 -0.0017895111 -0.000212357974 -0.00158713708 -0.00276938951 -0.00969806395 -0.00881734031 -0.00411614042 0.000897717059 0.00308306033 -0.00117973291 -0.0062905686 -0.00673485578 -0.00408860669 0.00314429301 0.0021547162 -0.00105916034 -0.00226821699 0.00125255519 -0.00139492814 -0.00472425973 -0.00502733848 -0.00410883896 -0.00321210431 -0.0025476586 
-0.00336888112 -0.00398138214 -0.00365417353 -0.00297154845 -0.00361054652 -0.00653346566 -0.00448012215 -0.00335903951 -0.00509612214 0.000532611536 0.000369458553 -0.00756946759 0.00107419357 7.89834186e-06 -0.0069494245 0.00167814068 0.00173119306 -0.00954988158 -0.000128132703 -0.000462523129 -0.0131344513 -0.00821854637 -0.00390504255 0.00122407113 -0.00466832723 -0.00408115012 0.00370971929 0.00100054476 -0.00192242278 -0.00642443515 -0.00530282424 -0.00406531302 -0.00338758817 -0.00269780278 
-0.00338028047 -0.00394838959 -0.00349937191 -0.0027763818 -0.00331197072 -0.00626049672 -0.00510205007 -0.00382214625 -0.00571456173 -0.00272086289 -0.00170487988 -0.00607687743 -0.0029520313 -0.000869164612 -0.00131446356 0.00229501196 0.00181468266 -0.00715962224 0.000571671825 -0.00035336448 -0.013356714 -0.00815127508 -0.00350885681 -0.00749612545 -0.00603765732 -0.00402344972 -0.00182741432 -0.00308394627 -0.00397841499 -0.00199073957 -0.00276611346 -0.00351094761 -0.00345005645 -0.00285686366 
-0.00341981054 -0.00400720757 -0.00364466946 -0.00317260331 -0.0040949796 -0.00723750147 -0.00690396331 -0.00551827581 -0.00664790419 -0.00435995908 -0.0030727773 -0.00524064106 -0.0054318203 -0.00202441828 0.00158607516 0.000218746715 -0.000942971887 -0.00628790065 0.001763285 -0.0021924398 -0.0143279222 -0.00923577981 -0.00666549244 -0.00946443096 -0.00536318145 -0.00424596924 -0.00536097718 -0.00540285885 -0.00387403336 -0.000654401311 -0.00225704056 -0.00349782798 -0.00355387947 -0.00294046752 
-0.00345028864 -0.00408195175 -0.00380065169 -0.00341873144 -0.00419865031 -0.00675461491 -0.00603074456 -0.00509906632 -0.00476961144 -0.00164354281 -0.00127557955 -0.00426731502 -0.00409111498 -0.00110773042 0.00416272894 0.00033377171 -0.00180304598 -0.00890249474 -0.00661331412 -0.00588887232 -0.0134687833 -0.0138676301 -0.00924079155 -0.0016757835 -0.00628104251 -0.00530361083 -0.00367172165 -0.00436423221 -0.00309987575 -0.00584112266 -0.00523352066 -0.00442563449 -0.00373479799 -0.002932019 
-0.00344432694 -0.00405849961 -0.00372538387 -0.00325073211 -0.00380939925 -0.00576687085 -0.00537282064 -0.00428303779 -0.0027366709 0.000398295846 0.000756016275 -0.0040432751 -0.000441883046 0.001954017 -0.00355536417 -0.000709572144 -0.00105160256 -0.00810944733 -0.00551700693 -0.0049188091 -0.00676012804 -0.00583573578 -0.00538700867 -0.00333742694 -0.00384315243 -0.00396141509 -0.00282625567 -0.0030525894 -0.00293317056 -0.00696936774 -0.00644719588 -0.0049562481 -0.00374464624 -0.00286347888 
-0.00340318096 -0.00392498661 -0.003358804 -0.00269324476 -0.00340329825 -0.00616721658 -0.0054412646 -0.0040022052 -0.00367500439 -0.000487377412 -0.000631228393 -0.00457034251 0.000430532136 0.000192587949 -0.00628252399 -0.000923310408 -0.001495008 -0.00634135798 -0.0015062124 -0.00180169922 -0.00106075126 0.00158445251 -0.001551069 -0.0058237148 -0.00145767471 -0.0025433492 -0.00596919986 -0.00609906614 -0.00516929849 -0.00711765195 -0.00616792401 -0.0046443635 -0.00357058379 -0.00277560266 
-0.00334214382 -0.00375744951 -0.00295616922 -0.00188860154 -0.00264489849 -0.00741713274 -0.0058048012 -0.00381692135 -0.00765284098 -0.00519759559 -0.00278868374 -0.00376230724 -0.00195414323 -0.00155909337 -0.00039067332 -0.00307703783 -0.00340453597 -0.00347091837 -0.0034336937 -0.00229275296 -0.0018240901 -0.00146958964 -0.00252979313 -0.00883179121 -0.000749618733 -0.0019028575 -0.0126162117 -0.0103647226 -0.00666916217 -0.00569934422 -0.00485798355 -0.00405156687 -0.00338325878 -0.00271398509 
-0.00327788849 -0.00365213621 -0.00278741414 -0.00170853769 -0.00225729161 -0.00547503059 -0.00426452809 -0.00329515693 -0.00644490054 -0.00499622429 -0.00313455299 -0.00423322175 -0.00308266448 -0.00152136206 -0.00506755518 -0.0070513392 -0.00560626497 -0.000615306101 -0.00252582395 -0.00342074578 -0.0050707361 -0.00612889816 -0.00526480393 -0.00349707222 -0.00105287498 -0.00289091248 -0.00875509208 -0.00857746559 -0.006163525 -0.00461155886 -0.00403678695 -0.0036776808 -0.0033193887 -0.00271667899 
-0.00323074485 -0.00361869203 -0.00283894274 -0.0019089657 -0.00263512672 -0.00571566231 -0.00470453119 -0.00385090736 -0.00629362403 -0.00487226482 -0.00349101908 -0.00600284823 -0.00416911482 -0.00313126259 -0.0085943028 -0.0103210044 -0.00650378241 -0.000255397049 -0.00396626313 -0.00527551924 -0.00756732817 -0.00885524911 -0.00587267026 -0.000626088347 -0.00100132187 -0.00310117119 -0.00549290464 -0.00594542561 -0.00487157271 -0.00405848794 -0.00376336898 -0.00361919415 -0.00336680899 -0.0027772036 
-0.00319792809 -0.00363403666 -0.00302725943 -0.0022072541 -0.00295242792 -0.00726293039 -0.00692455989 -0.00465836645 -0.00685175232 -0.00542629354 -0.00350734408 -0.00666763723 -0.00114067074 -0.00203608023 -0.00630998771 -0.0107378924 -0.00729372708 -0.00166305249 -0.00462945541 -0.00533539385 -0.00657312341 -0.00682040378 -0.00490302701 -0.00231297959 -0.00233351269 -0.00349137922 -0.00439880511 -0.00454131007 -0.0042274695 -0.0039356063 -0.00381548011 -0.00373135089 -0.00347165674 -0.00285286964 
-0.00317277843 -0.00370857078 -0.00339723177 -0.00295226522 -0.00336611815 -0.00515617848 -0.00512287224 -0.00416627564 -0.00455502401 -0.00379234915 -0.00298200431 -0.00523653635 -0.00179846519 -0.0017740336 -0.00816397691 -0.010109506 -0.00702550816 0.00081552076 -0.000810647462 -0.00328326228 -0.00472187377 -0.00489635558 -0.00435992278 -0.00364774218 -0.00366581106 -0.00408193082 -0.00428453156 -0.00427139342 -0.00412285161 -0.00400342271 -0.0039358893 -0.00385619473 -0.00356828293 -0.0029122399 
-0.00314037685 -0.00378103982 -0.00377611096 -0.0035543749 -0.00359456535 -0.00389682428 -0.00381167161 -0.00354366737 -0.00350011025 -0.00340711145 -0.00346703741 -0.00481780649 -0.00306500601 -0.00351899053 -0.00955431569 -0.00870694531 -0.00468505011 0.00285714834 0.00104635184 -0.00212212524 -0.0037699751 -0.00415242864 -0.00419367846 -0.00416803159 -0.00421936345 -0.00431673189 -0.00431285406 -0.00424956469 -0.00413560014 -0.0040812675 -0.00404364198 -0.0039390986 -0.00362931818 -0.00294776026 
-0.00308074398 -0.00377968938 -0.00396434489 -0.00392682882 -0.00380858002 -0.00370974077 -0.00361044761 -0.00352079848 -0.00350166806 -0.0035189201 -0.00373340891 -0.00415739935 -0.00362499116 -0.00423451589 -0.00661715518 -0.00615743959 -0.00354366638 -0.00013686521 -0.000762631281 -0.00262468855 -0.00382690358 -0.00410979417 -0.00422143192 -0.00426954849 -0.00429818396 -0.0043122374 -0.00427045611 -0.00422179648 -0.00414585338 -0.00410917161 -0.00407725869 -0.00396624533 -0.00363845198 -0.00294333469 
-0.00295089066 -0.0036592907 -0.00393577742 -0.00400617156 -0.00394545668 -0.0038448597 -0.00379104166 -0.00375660509 -0.00374807461 -0.00371157458 -0.00379347963 -0.00377597217 -0.00361835272 -0.00382013149 -0.00442421123 -0.00435707223 -0.00341683065 -0.00252368974 -0.00273800322 -0.00350137595 -0.00401724264 -0.00412215233 -0.00414694779 -0.00415800354 -0.00415110629 -0.00414521347 -0.00410901787 -0.00407495158 -0.0040359036 -0.00401584137 -0.0039815483 -0.00386822226 -0.00354098798 -0.00285215736 
-0.00265711223 -0.00331756177 -0.00361247024 -0.00371660515 -0.00371161743 -0.00367119626 -0.00364851644 -0.00363057733 -0.00361581129 -0.00357273243 -0.00353034293 -0.00345107557 -0.0033322087 -0.00330831819 -0.00341778336 -0.003445988 -0.00336307712 -0.00330189525 -0.00346793794 -0.00370207976 -0.00385177717 -0.00384908526 -0.00382660902 -0.00379678552 -0.00377395612 -0.00376112998 -0.00373654101 -0.00372318687 -0.0036992642 -0.00368774921 -0.0036557259 -0.00354689913 -0.00323844551 -0.00259955259 
-0.0021144592 -0.00264854043 -0.00290453571 -0.00301169584 -0.00303592167 -0.00302688278 -0.00302547084 -0.00301696436 -0.00300917203 -0.00296567683 -0.00291728183 -0.00283855334 -0.00275520646 -0.00269396007 -0.00270023906 -0.00275007774 -0.00283460258 -0.00292866424 -0.00304690016 -0.00312992049 -0.00316877106 -0.00313826299 -0.00310372381 -0.00307306447 -0.0030477314 -0.00303311107 -0.0030147866 -0.00300867972 -0.00299514199 -0.00298514146 -0.00295435765 -0.00285706379 -0.00259975305 -0.0020821794 
-0.00209984744 -0.00264801576 -0.00294717834 -0.00307909197 -0.00311381345 -0.00307237184 -0.00302318424 -0.00297271385 -0.00293734064 -0.00291418043 -0.00290872326 -0.00289610173 -0.00288918425 -0.00288327795 -0.00288493812 -0.0028775856 -0.00284444541 -0.00283155429 -0.00282671514 -0.00284263363 -0.00289713821 -0.00298137326 -0.00312015928 -0.00328327829 -0.00339690405 -0.00343396015 -0.00341476359 -0.0033684279 -0.00330185683 -0.00322900485 -0.00313365941 -0.00298655492 -0.00269797038 -0.0021498829 
-0.00264640201 -0.00335471444 -0.0037504199 -0.00392062858 -0.00389454126 -0.00370739217 -0.00354483647 -0.0034603191 -0.00340904699 -0.00337081647 -0.0033441949 -0.00332638748 -0.00329895892 -0.00332963713 -0.00342044206 -0.00346300071 -0.00340907325 -0.00339426373 -0.00341095773 -0.00341840438 -0.00343497445 -0.00357792806 -0.00389725536 -0.00427553724 -0.00453317046 -0.00461422871 -0.00455761245 -0.00446181215 -0.00434105046 -0.00416163901 -0.0039736037 -0.00377581591 -0.00342275377 -0.00272846871 
-0.00295918925 -0.00376010143 -0.00429582961 -0.00454130455 -0.00430784856 -0.00372832023 -0.00343963614 -0.00338446476 -0.00337035803 -0.00330935449 -0.00325129534 -0.00315864543 -0.00306274981 -0.0031923119 -0.00365209561 -0.00386240847 -0.0036398686 -0.00364117025 -0.00388454823 -0.00371318406 -0.0033323046 -0.00360570141 -0.00433392467 -0.00496068648 -0.00547458707 -0.0056695193 -0.00543040146 -0.00528527848 -0.00511373412 -0.00465338412 -0.00428751414 -0.00413242593 -0.00381103785 -0.0030549851 
-0.00310332696 -0.00398305904 -0.00465153748 -0.00497438867 -0.00457706435 -0.00322689364 -0.00329087431 -0.0033178892 -0.00350047144 -0.00336122305 -0.003065678 -0.00296553449 -0.00274601151 -0.002949155 -0.00443958423 -0.00473073305 -0.00412395809 -0.00406604215 -0.00483947722 -0.0042730942 -0.00246979774 -0.00303782021 -0.00433999127 -0.00492417048 -0.00567710432 -0.00616252341 -0.00523091966 -0.00533699956 -0.00539426288 -0.00417099897 -0.00379066182 -0.00398472098 -0.00392069155 -0.00320929039 
-0.00316852384 -0.00405133342 -0.00464907959 -0.00503678313 -0.00494863948 -0.00267710044 -0.00448938277 -0.00394168495 -0.00434165952 -0.00404249601 -0.00310203705 -0.00340337321 -0.00315116049 -0.0030566116 -0.00630753343 -0.00629433587 -0.0048595604 -0.0044254902 -0.00648735282 -0.00532780251 -0.0012982913 -0.00286707379 -0.00434092669 -0.0039399469 -0.00457751811 -0.00565188852 -0.0030718837 -0.00410614784 -0.00496761745 -0.0021899944 -0.00233793868 -0.0034380467 -0.00387645965 -0.00328730827 
-0.00319088482 -0.00393970562 -0.00414531242 -0.00415689335 -0.00415652696 -0.00475414266 -0.00652921826 -0.00501454779 -0.005063509 -0.00427177578 -0.0032572731 -0.00399376825 -0.00427154318 -0.00404394429 -0.00696371505 -0.00666929787 -0.0045482446 -0.00459087182 -0.00578351414 -0.00443533839 -0.00421072747 -0.00403863881 -0.0043209854 -0.00410790635 -0.00295892433 -0.00391929062 -0.000710110539 -0.0022863431 -0.00351546238 0.000204649163 -0.000646562903 -0.00270946274 -0.00371725724 -0.003280513 
-0.00319603741 -0.00381650547 -0.00374540932 -0.00323549848 -0.00404059789 -0.00877064877 -0.00465352474 -0.00395871003 -0.00443199658 -0.00239503038 -0.00244327793 -0.00388403832 -0.00385376334 -0.00339784569 -0.00445705749 -0.00436412881 -0.00338133275 -0.00395743436 0.000580462486 -0.00253439195 -0.0119330353 -0.00499680399 -0.00443368629 -0.00740229461 -0.00413690417 -0.004211018 -0.000911571156 -0.00209842524 -0.00341606358 0.0016979485 0.000653434767 -0.00207307319 -0.00350527813 -0.00321996618 
-0.00320366221 -0.00385180325 -0.00380088314 -0.00374052593 -0.00438888308 -0.00500634507 -0.00546181556 -0.00469075989 -0.00343162468 -0.0037297633 -0.00277360273 -0.00472174901 -0.00302018653 -0.00246348456 -0.00365738996 -0.00421299961 -0.00328847848 -0.0023596884 -0.00132019988 -0.00362229446 -0.00523729754 -0.00512888598 -0.00519393276 -0.00564158296 -0.00481571773 -0.00535901951 -0.0031291502 -0.00397564974 -0.00458908539 0.00150167022 0.000458150509 -0.00209225528 -0.00344906418 -0.00318674043 
-0.00321052656 -0.00382190842 -0.00369436768 -0.00337510546 -0.00364451461 -0.00434464443 -0.00743573087 -0.00555727455 -0.00401397255 -0.00520649414 -0.00411094472 -0.00517894428 -0.00343163537 -0.00268944674 -0.00474821293 -0.00507040829 -0.00363548736 -0.0032049843 -0.00327458091 -0.0034749998 -0.00235214201 -0.00378264869 -0.00438591734 -0.00325682385 -0.00343204658 -0.00467414238 -0.00194142318 -0.00206532619 -0.00311752126 -0.000704549222 -0.00164626058 -0.00308649189 -0.00364803172 -0.00318696224 
-0.00318943135 -0.00369751398 -0.00333778267 -0.00256933459 -0.00326054672 -0.00794145902 -0.00821325335 -0.00564288022 -0.00447604731 -0.00203703379 -0.0029215348 -0.00421026286 -0.00571362255 -0.00364430055 -0.00587397309 -0.00482881629 -0.00374919617 -0.0064254663 -0.00567336661 -0.00471501102 -0.00611643501 -0.00190301292 -0.00333705418 -0.00289066052 -0.00429014084 -0.00479594109 0.000896647741 0.00144815505 -0.00211572397 -0.00644070513 -0.00485257204 -0.00405296851 -0.00387962632 -0.00319931283 
-0.00315549119 -0.00361551746 -0.00316270992 -0.00251443953 -0.00334183668 -0.00610113949 -0.00608397104 -0.00488028418 -0.00465930746 -0.00434638836 -0.00313333128 -0.00466696153 -0.00206279907 -0.00186613302 -0.00438641265 -0.00456559181 -0.00405728364 -0.00516378966 -0.00645990589 -0.00609292805 -0.0036461828 -0.00374692897 -0.00482561179 -0.00517198984 -0.00680229571 -0.00585136868 0.000689280956 0.0010019336 -0.00251830519 -0.00180463859 -0.00269306327 -0.00368398646 -0.00385136234 -0.0032309717 
-0.00316268053 -0.00369598896 -0.00333787868 -0.00288192384 -0.00387279868 -0.00689122373 -0.00598423033 -0.00469970646 -0.00583685645 -0.00601119274 -0.00421777853 -0.00448435168 -5.10040722e-05 -0.00116444522 -0.00384396738 -0.00484635162 -0.00431254764 -0.0046531862 -0.00643849997 -0.00563689146 -0.00251727547 -0.00481162311 -0.00556663527 -0.00617795018 -0.00679726109 -0.00546068741 -0.000342460935 -0.00125457878 -0.00261958058 0.00114039509 -0.000864937836 -0.00299531427 -0.00368885408 -0.00317707393 
-0.00325526224 -0.00397319611 -0.00412822443 -0.00393197792 -0.00485442934 -0.00954243592 -0.00697680299 -0.00430391748 -0.00578149526 -0.00113586991 -0.00216612485 -0.00282368651 -0.00439410703 -0.00300534511 -0.00376222291 -0.00463603933 -0.00424686447 -0.00519558308 -0.00586167516 -0.00510226386 -0.00498054701 -0.00424526708 -0.00520162943 -0.0056878868 -0.00448837061 -0.00504139074 -0.00350472109 -0.00795864926 -0.00499116503 -0.00184521779 -0.00227544263 -0.00330754167 -0.00359079156 -0.00301468247 
-0.00338253474 -0.00444446773 -0.00541632988 -0.00612248683 -0.0053867727 -0.00118741177 -0.000509881159 -0.00194193591 -0.00302006501 -0.00212573702 -0.00238893731 -0.00274581587 -0.00269156139 -0.00239993559 -0.00449668134 -0.00369984977 -0.00378281833 -0.00556311139 -0.00323507069 -0.0040618145 -0.00598903536 -0.00446953085 -0.00513158421 -0.00554954434 -0.00669634873 -0.00570043171 -0.000114896141 -7.13063798e-05 -0.0024991217 -0.00543420007 -0.00511425762 -0.00427822858 -0.00354713443 -0.00282253206 
-0.00348032111 -0.00477192684 -0.00618694463 -0.00661397013 -0.00397934907 0.00392729177 0.00144619017 -0.0016250027 -0.00140031369 -0.00479997937 -0.00408955373 -0.0026380319 -0.00198960284 -0.00253281517 -0.00334995622 -0.00328043693 -0.00444154928 -0.00552975019 -0.00222722433 -0.00407751847 -0.0054837311 -0.00350733491 -0.00434011123 -0.00443414941 -0.00576526868 -0.00374892595 0.00326017952 0.00545462546 -0.000805347383 -0.00775973854 -0.00708654351 -0.00489378251 -0.00342680454 -0.00261402097 
-0.00350954191 -0.00474704984 -0.00591653529 -0.00619018945 -0.00404915514 9.92529886e-05 -0.007826506 -0.00573801917 -0.000540931855 -0.00760788248 -0.00592912614 -0.000616591073 -0.00398639721 -0.00342792699 -0.00114998295 -0.00546836695 -0.00615874082 -0.00451580206 -0.00645887019 -0.00557561832 -0.00418127462 -0.0046376989 -0.00436040509 -0.00117263955 0.000698352726 -0.000893002147 0.000159720703 0.00076920661 -0.00241863552 -0.00879193714 -0.00739840477 -0.00473910702 -0.00323523376 -0.00245701491 
-0.00347122678 -0.00445957591 -0.00505473929 -0.00486890211 -0.00444841114 -0.00562075651 -0.00927080614 -0.00667551564 -0.00297067408 -0.00535119613 -0.00484296883 0.00133768776 -0.00216949967 -0.00317231235 -0.00690321266 -0.00995648276 -0.00731160287 0.000847827109 -0.000243904091 -0.00338827898 -0.00384092303 -0.00552369014 -0.00418075692 0.00137363359 0.00311209432 0.000105639224 -0.00401893478 -0.00113242347 -0.00292756108 -0.00560296273 -0.0055951995 -0.00419800912 -0.00311836427 -0.00244961134 
-0.00339641838 -0.00414064172 -0.00417249767 -0.0038087152 -0.00439448736 -0.00775640693 -0.00869272138 -0.00567810259 -0.00376536664 -0.00227173403 -0.00155856554 -0.000199648582 -0.00191668356 -0.00330717429 -0.010022887 -0.00904730127 -0.00405112069 0.00133070673 0.00394690999 -0.000811631005 -0.00602614343 -0.00609926619 -0.00343100155 0.00334293492 0.00205472306 -0.0012780384 -0.00228313836 0.00158899499 -0.00129813552 -0.0047268299 -0.00501867616 -0.00408555357 -0.0031962949 -0.00254358669 
-0.00335064076 -0.0039319473 -0.00360116104 -0.00298222172 -0.00371661698 -0.00652390318 -0.00441850787 -0.00358475046 -0.00507616638 0.000744501739 -0.000215101162 -0.0076256702 0.00188357191 -0.000188400403 -0.00713104995 0.00178387458 0.00076482976 -0.00967266261 0.000770376027 -0.000587311928 -0.0129515093 -0.00692462821 -0.0028235755 0.00140929586 -0.00503736171 -0.00375092072 0.00387586041 0.00069163191 -0.00228602508 -0.00654962766 -0.00529839557 -0.00403904613 -0.00337178565 -0.00269469004 
-0.00335756846 -0.00389439909 -0.00344513612 -0.0027864845 -0.00340440336 -0.00629116283 -0.00523133276 -0.00405168522 -0.0058051936 -0.00281334304 -0.0020239541 -0.00615008288 -0.00271549578 -0.000870804371 -0.00162325839 0.00145736733 0.000670726119 -0.00720820965 0.00177139556 -0.000366020416 -0.0132463128 -0.00715716641 -0.00330952691 -0.00755175032 -0.00587005843 -0.00386569192 -0.00183523762 -0.00327869041 -0.00389338366 -0.00183466365 -0.00266061731 -0.00346008976 -0.00342889971 -0.00285389509 
-0.00339347447 -0.00394569006 -0.00357372024 -0.00315073761 -0.00413353827 -0.00721642094 -0.00699344032 -0.00563384276 -0.00660977506 -0.00434644138 -0.00313748429 -0.00524464975 -0.00539039853 -0.00187395886 0.00129669763 -0.000925073604 -0.00207984063 -0.00646209475 0.0024590545 -0.00232076632 -0.0143408688 -0.00873008859 -0.00658664465 -0.00954383029 -0.00536835203 -0.00432261011 -0.00546722039 -0.00563515055 -0.00380139751 -0.000512268035 -0.00212806576 -0.00342951954 -0.00351957757 -0.0029323172 
-0.00342163036 -0.0040143338 -0.00371325177 -0.00335770408 -0.00417818618 -0.00662412696 -0.005853188 -0.0049943611 -0.00453653668 -0.00130456044 -0.00126924621 -0.0042877733 -0.00393986426 -0.000724274131 0.00404541878 -0.000577586694 -0.00281702817 -0.00932154285 -0.00682123687 -0.00616861471 -0.0135313187 -0.0136341675 -0.00843988435 -0.00146887117 -0.00689026663 -0.00546847125 -0.00381081855 -0.00491272089 -0.00357517305 -0.00597002605 -0.00516762417 -0.00434209077 -0.00368349009 -0.00291285116 
-0.00341380154 -0.00398865621 -0.00363254297 -0.00317523652 -0.00373580475 -0.00560621404 -0.00517676537 -0.00409196445 -0.00246090328 0.000710685223 0.000544260921 -0.00415062235 -0.000353638762 0.00152787853 -0.00381532049 -0.000755775725 -0.00151198027 -0.00811981129 -0.00483409379 -0.00455103596 -0.00632002523 -0.00495488973 -0.00474431986 -0.00299966776 -0.00357959655 -0.00372378798 -0.00280267188 -0.00336420508 -0.00331206205 -0.00707561903 -0.00636121232 -0.00484403879 -0.00368100995 -0.00283715881 
-0.00337318988 -0.00386104 -0.00329287501 -0.00268538386 -0.00345605181 -0.00614941496 -0.00545635612 -0.00403630414 -0.00359490712 -0.000403254235 -0.000887321956 -0.00466719892 0.000490636898 -0.000197793451 -0.00641507343 -0.00075002101 -0.00160763259 -0.00615639504 -0.000815897022 -0.00135305933 -0.000724264796 0.00204907294 -0.00155551901 -0.00564855134 -0.000870261666 -0.00231264443 -0.00597429571 -0.00623877842 -0.00529669428 -0.00707254126 -0.00602207447 -0.00452271046 -0.00350132441 -0.00274869984 
-0.0033124719 -0.00369888557 -0.00291550848 -0.00198065441 -0.0029294013 -0.0075966341 -0.00609769187 -0.00422350079 -0.00784400839 -0.00538919682 -0.00296403576 -0.00381906529 -0.00190798427 -0.00133040074 -0.000320086811 -0.0032077935 -0.00334795692 -0.00344839436 -0.00370823512 -0.00238974782 -0.00198826002 -0.0021512733 -0.00343780719 -0.00897927717 -0.000179749416 -0.00218807375 -0.0129381257 -0.0104500114 -0.00660383606 -0.00554892312 -0.00469982624 -0.00394031429 -0.00332561154 -0.00269119992 
-0.0032480541 -0.00359301995 -0.00274196019 -0.00175163809 -0.00239113011 -0.00552808709 -0.00432979892 -0.00346936912 -0.00648910445 -0.00503473222 -0.00322467897 -0.00429334656 -0.00330165762 -0.00173264065 -0.005190063 -0.00712365433 -0.00526111595 -0.000559785648 -0.00307124414 -0.0037998359 -0.00539239298 -0.00677512632 -0.00559899216 -0.00348017512 -0.000839270652 -0.00300627755 -0.00889977969 -0.00857608024 -0.0060369492 -0.00446861882 -0.00391394605 -0.00360001799 -0.00327950553 -0.0027029549 
-0.00320263477 -0.0035616349 -0.00278822376 -0.00193069943 -0.00273924256 -0.00577614864 -0.00482527854 -0.00400165934 -0.00636114072 -0.00503489918 -0.00370079605 -0.00593210881 -0.0039633085 -0.00313831494 -0.00865404574 -0.0103774419 -0.00613419769 -0.000209373051 -0.00451710335 -0.00562488815 -0.00769612157 -0.00907843325 -0.00577921609 -0.000470302777 -0.00090186357 -0.00309368027 -0.00549676847 -0.00588255673 -0.00477080891 -0.00395711187 -0.00368917275 -0.00357211577 -0.00334624974 -0.00277205793 
-0.0031748719 -0.00358574278 -0.0029833063 -0.00225610144 -0.00317191812 -0.00750159508 -0.00739742045 -0.00502683797 -0.00711595627 -0.00599850299 -0.00406076904 -0.00644903444 -2.80984132e-05 -0.00140305263 -0.00620708301 -0.0108839778 -0.00699020279 -0.00160393625 -0.00519679728 -0.00558864509 -0.00651710401 -0.0067050319 -0.00473764061 -0.00217672493 -0.0022734625 -0.00346963602 -0.00436234642 -0.00449090865 -0.00416446342 -0.00388094432 -0.00377695988 -0.00370960797 -0.00346417924 -0.00285437715 
-0.0031567725 -0.00367028474 -0.00335112039 -0.00292977573 -0.00339035161 -0.00520164593 -0.00525032422 -0.00424311626 -0.00464942148 -0.00412886755 -0.00332534452 -0.00512405362 -0.00130334532 -0.00165396137 -0.00811900762 -0.0098487166 -0.00638609345 0.00116015374 -0.000875206308 -0.00329336044 -0.00458866892 -0.00472988069 -0.00423766121 -0.00357957472 -0.00364798183 -0.0040766742 -0.00426956654 -0.00424928844 -0.00409589119 -0.00397731733 -0.00391942861 -0.00384821161 -0.00356744393 -0.00291681304 
-0.00313208177 -0.00375436898 -0.0037258862 -0.00348604356 -0.00349811095 -0.00378524947 -0.00368613254 -0.00339914219 -0.00339091034 -0.0034615774 -0.00358733025 -0.00480603061 -0.00304320237 -0.00372736294 -0.00956639059 -0.00834989573 -0.00403935392 0.00323256371 0.00117593781 -0.00204180324 -0.00364750891 -0.00403459819 -0.00412317693 -0.00413921448 -0.00421514617 -0.00432157193 -0.00431241469 -0.00424468883 -0.0041243232 -0.00407235428 -0.00403857094 -0.00393788956 -0.00363202795 -0.00295368098 
-0.00307955901 -0.00376555997 -0.00392967769 -0.00386534264 -0.00371333238 -0.00358039353 -0.00345251941 -0.00334300154 -0.00333462429 -0.00341594425 -0.00369171647 -0.0041400208 -0.00368401037 -0.00436724895 -0.00662889056 -0.0059639234 -0.00324918158 4.69449661e-05 -0.000689161302 -0.00257573918 -0.00376767048 -0.00405628987 -0.00419381738 -0.00426303754 -0.0043033637 -0.00432095377 -0.00427626629 -0.00422340196 -0.00414353806 -0.00410723227 -0.00407698105 -0.00396767547 -0.00364247093 -0.00294974016 
-0.00295517057 -0.00365757206 -0.00392240291 -0.00397890356 -0.00389814658 -0.00377507222 -0.00369904774 -0.00364722876 -0.00363019592 -0.00360784095 -0.00371735425 -0.00373433425 -0.00362850039 -0.00385684949 -0.00442978439 -0.00430870843 -0.00335885419 -0.0025005165 -0.00274359719 -0.00350322104 -0.0040107674 -0.00411057234 -0.00414370162 -0.00416093021 -0.00415757551 -0.00415203907 -0.00411272213 -0.00407652866 -0.00403496482 -0.00401510383 -0.00398192488 -0.0038698673 -0.00354469484 -0.00285797343 
-0.00266403518 -0.00332215968 -0.00361272516 -0.00371126764 -0.00369695437 -0.00364580903 -0.00361072034 -0.0035809372 -0.00355468437 -0.00350961514 -0.00347935419 -0.00341738411 -0.00332172168 -0.00331533475 -0.00342698199 -0.00346054316 -0.00338281939 -0.00333734687 -0.00350398917 -0.0037307802 -0.00387021111 -0.00386048261 -0.00383719853 -0.0038064185 -0.00378297583 -0.00376840643 -0.00374208331 -0.00372690951 -0.00370135906 -0.0036897116 -0.00365827584 -0.00355030783 -0.00324320818 -0.00260577214 
-0.00212249807 -0.00265643771 -0.00291159409 -0.00301792265 -0.00303879332 -0.00302556077 -0.00301847961 -0.00300385565 -0.00298842433 -0.00294154869 -0.00289646573 -0.00282399404 -0.00274988961 -0.00269878882 -0.00271294758 -0.00277338345 -0.00286575327 -0.002966321 -0.0030838693 -0.00316087916 -0.00319325012 -0.00315595376 -0.00311839855 -0.00308540343 -0.0030580888 -0.00304157045 -0.00302170462 -0.00301445354 -0.00299979635 -0.00298980832 -0.00295928953 -0.00286238192 -0.00260575176 -0.00208881626 
-0.00210839137 -0.00265737825 -0.0029534915 -0.00307679707 -0.00309957846 -0.00304393358 -0.00298182857 -0.00292294399 -0.0028852311 -0.00286297315 -0.00286025845 -0.00284776967 -0.00283822843 -0.00282875605 -0.00282839473 -0.0028225612 -0.00279320775 -0.00279001474 -0.002799867 -0.00283462071 -0.0029126295 -0.00302226669 -0.00318472993 -0.0033654945 -0.0034876877 -0.00352671726 -0.00350411935 -0.00344756777 -0.00336492912 -0.00327541894 -0.0031643293 -0.00300445833 -0.00270756772 -0.00215523742 
-0.00265702914 -0.0033644059 -0.00374827474 -0.00389693151 -0.00384990495 -0.00365031312 -0.00347846757 -0.00338162136 -0.00332013827 -0.00328136318 -0.0032584365 -0.00324181475 -0.00321170083 -0.00323721961 -0.00331965439 -0.00335940957 -0.00331021581 -0.00331572943 -0.00336034149 -0.00339485127 -0.00344519926 -0.00363560453 -0.00399957044 -0.00440206015 -0.00466985972 -0.00476169344 -0.00470918327 -0.00460353064 -0.00445915446 -0.00425232391 -0.00403777021 -0.00381600068 -0.0034450081 -0.00274035423 
-0.00296734971 -0.00375882844 -0.00426471674 -0.00444967098 -0.00417924702 -0.00364199787 -0.00340986061 -0.0033331446 -0.00327941378 -0.00321351325 -0.00315450325 -0.003059311 -0.00297452134 -0.00309884587 -0.00353358496 -0.00371549473 -0.00348643054 -0.00354514287 -0.00384205831 -0.00366389356 -0.00330976232 -0.00366881889 -0.00445591539 -0.00508370272 -0.00558436239 -0.00580527432 -0.005607883 -0.00546749586 -0.00526751914 -0.00478116244 -0.00438977245 -0.00420344362 -0.00385192771 -0.0030762304 
-0.00310450527 -0.00396192632 -0.00456202039 -0.00475631636 -0.00429230598 -0.0031298703 -0.00346581912 -0.00342964172 -0.00350361002 -0.00335236573 -0.00302909776 -0.00292977884 -0.00277759079 -0.00298486319 -0.00440205383 -0.00462531111 -0.00396800318 -0.0040267932 -0.00494284464 -0.00420330314 -0.00237741369 -0.00306807584 -0.00441054419 -0.00492689021 -0.00554334914 -0.00609664494 -0.00531286254 -0.00546197536 -0.00549385778 -0.00428673676 -0.00392193879 -0.00409239558 -0.00398780011 -0.0032441687 
-0.00316601551 -0.00402065543 -0.00453279035 -0.00476022806 -0.00453432147 -0.0025917625 -0.0050199332 -0.00424841363 -0.00444433907 -0.00417894511 -0.00315473573 -0.0034618973 -0.00339334481 -0.00332583869 -0.00644108662 -0.00636724108 -0.00477545637 -0.00449756253 -0.00694938441 -0.00528770244 -0.00114842281 -0.00288087033 -0.00430478955 -0.00372016112 -0.00396062351 -0.00517136785 -0.00291636017 -0.00402818321 -0.00486185926 -0.00221141403 -0.00247883525 -0.0035869589 -0.00397547746 -0.0033399491 
-0.00318018128 -0.00390741632 -0.00408084754 -0.00404765361 -0.0040103076 -0.00473797228 -0.00678618209 -0.00515278778 -0.00507733506 -0.00432060679 -0.00328564267 -0.00401902004 -0.00445701205 -0.00425649928 -0.00709413981 -0.00682839484 -0.00460007034 -0.00467486677 -0.00611932015 -0.00469249325 -0.00430788027 -0.00398701346 -0.00430771588 -0.00385417676 -0.00212358824 -0.00321234551 -0.00037877302 -0.00197505231 -0.00318828174 0.000296882684 -0.000771122444 -0.00287998907 -0.00383872941 -0.00334668075 
-0.00317765444 -0.00377861076 -0.00372423397 -0.00334154036 -0.00442057816 -0.00883445323 -0.00416765563 -0.00373789871 -0.00435659962 -0.00234101409 -0.00249983484 -0.00386079056 -0.00377652869 -0.00332436283 -0.00445131404 -0.00453761541 -0.0036304978 -0.00387908747 0.000984970349 -0.00321831534 -0.0124215494 -0.00469765771 -0.0045902604 -0.00732090331 -0.00321194519 -0.00343242548 -0.000476073153 -0.00149484195 -0.00277848092 0.0019863463 0.000598890517 -0.00223564882 -0.00363313507 -0.00329145228 
-0.00317943047 -0.00380035816 -0.00371977971 -0.00363036525 -0.00421274352 -0.00484106955 -0.00535660762 -0.00448423069 -0.00343117357 -0.00425967017 -0.00317924462 -0.004785477 -0.00277496477 -0.00232603431 -0.00365389024 -0.00441525625 -0.00333443637 -0.00215124417 -0.000891280181 -0.00349065708 -0.00525056303 -0.00513909201 -0.00528011754 -0.00555560315 -0.00422107516 -0.00492070164 -0.00291001022 -0.0035571863 -0.00398798089 0.00179447086 0.000404554361 -0.00225283809 -0.00357539154 -0.00325866109 
-0.00318269662 -0.0037586613 -0.00357819287 -0.00319112139 -0.00339107179 -0.00423471028 -0.00761022181 -0.00549038216 -0.00398511278 -0.00553461339 -0.00440793355 -0.00531211389 -0.0035342082 -0.0028351641 -0.00488972347 -0.00529377606 -0.00371706614 -0.00312395951 -0.00310106763 -0.00325611948 -0.002149296 -0.00351960053 -0.00420824645 -0.00313695803 -0.00307990666 -0.00440793029 -0.00180491401 -0.00179237666 -0.00285745848 -0.000689866773 -0.00180561922 -0.00325769273 -0.00376510851 -0.00325292439 
-0.00315862611 -0.00363476304 -0.00325474454 -0.00253133794 -0.00340076311 -0.00809186185 -0.00843175808 -0.00570300863 -0.00433850713 -0.0016786013 -0.00281648963 -0.00435567273 -0.00633179206 -0.00414349423 -0.00615844302 -0.00507263068 -0.00404002004 -0.00663177414 -0.00590035371 -0.00502662962 -0.00599611346 -0.00101901175 -0.00282629104 -0.00275318896 -0.00408496613 -0.00442465367 0.00129006858 0.00192450906 -0.00221248326 -0.00672906243 -0.00509303894 -0.0042154458 -0.00398160617 -0.00325482934 
-0.0031300153 -0.00356428295 -0.00310913497 -0.00250118993 -0.0033772379 -0.00607806119 -0.00600672051 -0.00479461066 -0.00464770056 -0.00465792391 -0.0034062308 -0.00465625978 -0.00166809436 -0.00181685901 -0.0044808064 -0.00471435238 -0.00412028738 -0.00520101235 -0.00653399955 -0.00598642384 -0.00347136271 -0.00356517282 -0.0047513998 -0.00525969738 -0.00687053026 -0.00554373569 0.0011326747 0.00175620594 -0.00204473935 -0.00167806091 -0.00277751856 -0.00380040841 -0.00393137792 -0.00327773886 
-0.00314667564 -0.00366537701 -0.00332391051 -0.00295355098 -0.00404230847 -0.00697091066 -0.0060197334 -0.00472677662 -0.0058015785 -0.00607203594 -0.00429904134 -0.00437912633 0.000382980062 -0.000985906536 -0.0038116446 -0.00491037094 -0.00426685665 -0.00456523216 -0.00637771816 -0.00541671093 -0.00239238498 -0.00488059447 -0.00569795805 -0.00632668913 -0.00675835255 -0.00522613823 -0.000223801374 -0.0011568047 -0.00233167934 0.0013107221 -0.00085291328 -0.00305377654 -0.00374262298 -0.00321172468 
-0.00325102371 -0.00395756432 -0.0041284251 -0.00405582907 -0.00525036477 -0.00982402772 -0.00727978613 -0.00458815797 -0.0055541248 -8.59098348e-05 -0.00153258382 -0.00271646748 -0.00483949692 -0.00317708198 -0.00377227247 -0.004691518 -0.00423741632 -0.00506855412 -0.00569763074 -0.00503277003 -0.00488854963 -0.00395198207 -0.0051863405 -0.00569727168 -0.00407700358 -0.00475006979 -0.00378692207 -0.00907984721 -0.00540795745 -0.00189717914 -0.0022859942 -0.00333099141 -0.00361795735 -0.00303427164 
-0.0033876838 -0.00442353343 -0.00531243073 -0.0058281219 -0.00487204098 -0.000746294827 -8.36139657e-05 -0.0017816512 -0.002821111 -0.0017542245 -0.00211946748 -0.00264097271 -0.00279061569 -0.00258453453 -0.00453541508 -0.00363345535 -0.00385477965 -0.00536644159 -0.00252480642 -0.00389728416 -0.0059015361 -0.0040149146 -0.00497192854 -0.0056349065 -0.00676932691 -0.00546169616 5.55311151e-05 3.50560865e-05 -0.00270918101 -0.00562316896 -0.00518299342 -0.00429613897 -0.00355414316 -0.00283073981 
-0.00348938746 -0.00473163909 -0.00596162437 -0.00600308197 -0.00302048685 0.00448470932 0.0016128718 -0.00147375275 -0.00140143798 -0.00513726664 -0.00416376481 -0.00263767606 -0.00207673063 -0.00258186138 -0.00329324821 -0.00325180679 -0.00453777053 -0.00541789525 -0.00181170192 -0.00403384427 -0.00550095214 -0.00326287413 -0.00425872477 -0.00449335686 -0.00578859657 -0.00349129071 0.00357653476 0.00595846735 -0.000887965089 -0.00797087239 -0.00718686807 -0.00490774961 -0.00342131755 -0.00261330609 
-0.00351183431 -0.00469326451 -0.00566712564 -0.00555277533 -0.00315295433 0.000136043118 -0.00902336361 -0.00589322323 -0.000631645451 -0.00839563302 -0.00593478937 -0.000678359989 -0.00472702587 -0.00351826411 -0.00111655467 -0.00575347798 -0.00611524248 -0.00443322189 -0.00678758195 -0.00564681077 -0.00424750775 -0.00473775729 -0.00436940566 -0.000998572071 0.00126131399 -0.000653482484 0.00028326978 0.000927345886 -0.0026260667 -0.00904456561 -0.00750388869 -0.00474260221 -0.00322416081 -0.00245167566 
-0.00346401378 -0.00440246717 -0.0048766569 -0.00452154143 -0.00417401223 -0.00588119005 -0.0102775196 -0.0070101011 -0.00296522879 -0.00537987647 -0.00439657064 0.00139941981 -0.00312752555 -0.00384674957 -0.00732119301 -0.0104753847 -0.00694219762 0.00150962482 0.000449182677 -0.00298941674 -0.0037298758 -0.00542843346 -0.00394885668 0.00160229118 0.00343483142 -0.000142207261 -0.0040828213 -0.000546838925 -0.00268758786 -0.00560725054 -0.0056250133 -0.00419364815 -0.00310735183 -0.00244556424 
-0.00337546893 -0.00407757924 -0.00405953698 -0.00367158365 -0.00436555752 -0.00791717617 -0.00913506575 -0.00588779988 -0.00365633014 -0.00196512201 -0.00125799261 -0.000112261516 -0.00225359684 -0.00389031697 -0.0104406318 -0.00936637796 -0.00398829269 0.00187462454 0.00499344318 -0.000370743926 -0.00578064667 -0.00545768771 -0.00274200596 0.00361456808 0.0019972323 -0.00150445272 -0.00229071267 0.00203732918 -0.00114230934 -0.00473520786 -0.00503100154 -0.00407737931 -0.00318523154 -0.00254077347 
-0.0033182247 -0.00385859116 -0.00351009514 -0.00294310473 -0.00379688094 -0.00650961871 -0.00432504846 -0.00380685969 -0.00505827658 0.00105635718 -0.000789328714 -0.00774261497 0.00285556326 -0.000350738893 -0.00738136004 0.00196277495 -0.000244252811 -0.00990358017 0.00181430072 -0.000674834409 -0.0128855534 -0.00558056961 -0.00166093162 0.00165923458 -0.00550249703 -0.00342752769 0.00414518314 0.000399088788 -0.00266476845 -0.00672359187 -0.00531046308 -0.00401429297 -0.00335889217 -0.00269118866 
-0.00331743376 -0.00381224862 -0.00334610637 -0.00274596593 -0.0034622317 -0.00631215338 -0.00535375328 -0.00428221488 -0.0058957112 -0.00288362543 -0.00234922735 -0.00626071103 -0.00245279173 -0.000844763029 -0.00193692568 0.00058658544 -0.000571370056 -0.00733243616 0.00314393347 -0.000344594566 -0.013259853 -0.00615449614 -0.00311162449 -0.00771123146 -0.00575244311 -0.00372407346 -0.00183183552 -0.00349776837 -0.00380204162 -0.00164102185 -0.00252732881 -0.00339834461 -0.00340177516 -0.00284578524 
-0.00334820114 -0.00385332825 -0.0034577192 -0.00307580539 -0.00413803872 -0.00718932322 -0.00709084666 -0.00575027967 -0.00657867549 -0.00431799951 -0.00320777924 -0.00528102604 -0.0053910168 -0.00170612447 0.00102787807 -0.00215811037 -0.00336140507 -0.00672362078 0.00328898109 -0.00246069822 -0.0145139039 -0.0082589069 -0.00656643382 -0.00975152655 -0.00542901547 -0.00443041708 -0.00562923633 -0.00591393136 -0.00373199959 -0.000309882399 -0.0019632682 -0.00334041953 -0.00347491572 -0.00291528374 
-0.00337269281 -0.00391367453 -0.00357861721 -0.00324179037 -0.0041134401 -0.00647380837 -0.00564310914 -0.00485853076 -0.00427103354 -0.000891117448 -0.00123848057 -0.00434244789 -0.00381374087 -0.000314300793 0.00399261626 -0.00157046718 -0.00396017768 -0.00987502429 -0.00710460222 -0.00651525531 -0.0137208482 -0.0135235843 -0.00764065526 -0.00121826626 -0.00762433871 -0.00570069759 -0.00396997069 -0.00553516056 -0.00410145298 -0.00614468559 -0.00510415104 -0.00424609506 -0.00362294407 -0.00288578678 
-0.00336249559 -0.00388421619 -0.00349071422 -0.00304050661 -0.00361129854 -0.00541186796 -0.00494071898 -0.00385370298 -0.00212540393 0.00111617204 0.000353675315 -0.00432611172 -0.000275153096 0.00108066472 -0.00415941416 -0.000801899117 -0.00201836086 -0.00820595502 -0.00411657063 -0.00414502602 -0.00587221274 -0.00399354446 -0.00404117607 -0.0026071423 -0.00329121825 -0.00345649553 -0.00275612991 -0.00370730107 -0.00373626821 -0.00724163419 -0.0062983458 -0.00473460372 -0.00360660168 -0.0028028847 
-0.00332180942 -0.00376249041 -0.00317650608 -0.00262158683 -0.00346976099 -0.00611984463 -0.00546101203 -0.0040534635 -0.00349052485 -0.000263073774 -0.001158238 -0.0048395305 0.000548823206 -0.00064338011 -0.00666130739 -0.000559028581 -0.00173130508 -0.0060114256 -1.39366731e-05 -0.000816151029 -0.000294983158 0.00265291693 -0.00150054118 -0.00546942206 -0.000167230475 -0.00202351132 -0.00598022286 -0.00641551955 -0.00546959825 -0.00706699951 -0.00589692894 -0.00439901535 -0.00342448414 -0.00271357173 
-0.00326075343 -0.00360472089 -0.0028270418 -0.00202108072 -0.00319445273 -0.00781238858 -0.00642201029 -0.00465388115 -0.00809192559 -0.00562042555 -0.00316634339 -0.00392230995 -0.00189544957 -0.00113193869 -0.000248305397 -0.00340786259 -0.00331595724 -0.00342200221 -0.00399605573 -0.00244883908 -0.00211668264 -0.00284364116 -0.0044113886 -0.00919649058 0.000508956683 -0.00244263338 -0.0133814951 -0.0106148223 -0.00656343825 -0.00541338551 -0.00454407701 -0.00382464234 -0.00326042168 -0.00266225086 
-0.00319692224 -0.00349974852 -0.00264646892 -0.0017408347 -0.00249658534 -0.00558229009 -0.00439438829 -0.00364975869 -0.00656251684 -0.00509238815 -0.00334107434 -0.0044073548 -0.00360235601 -0.00200575359 -0.00541809294 -0.00730081604 -0.00492990082 -0.0004566526 -0.00364272222 -0.00419457353 -0.00572744445 -0.00749649661 -0.00597968237 -0.00343721798 -0.000547784326 -0.00310396429 -0.00909977642 -0.00862486271 -0.00593193316 -0.00432176243 -0.0037867678 -0.00351517001 -0.0032347373 -0.0026839261 
-0.00315468281 -0.00347301599 -0.00269089709 -0.00190138798 -0.0028190479 -0.00584527746 -0.00495553564 -0.00416712544 -0.00645692227 -0.00522999012 -0.00394916818 -0.00592461298 -0.00379654172 -0.00319513034 -0.00885363861 -0.0105776177 -0.00578697922 -0.00011190168 -0.00510571544 -0.00600270176 -0.00785509679 -0.00935716606 -0.00568865953 -0.00023704302 -0.000736358911 -0.00305872127 -0.00550598534 -0.00583866165 -0.00467038061 -0.00385249147 -0.00360844311 -0.00352222968 -0.00332199004 -0.00276293324 
-0.00313382463 -0.00350956849 -0.00290216104 -0.00226515231 -0.00338037869 -0.00779066307 -0.00794716074 -0.00543556794 -0.00743886999 -0.00664930161 -0.00469279243 -0.00628206792 0.00119561307 -0.000733861096 -0.00617585989 -0.0111932351 -0.00672730034 -0.00151153038 -0.00580142995 -0.00585926568 -0.00645909402 -0.00658963367 -0.00453768618 -0.00199490594 -0.00216448846 -0.00342039334 -0.00432341419 -0.00443679361 -0.00409918355 -0.00382388845 -0.00373637209 -0.0036856307 -0.00345424894 -0.00285192309 
-0.0031260244 -0.00360993473 -0.00327369737 -0.00287296754 -0.0033938319 -0.00525321697 -0.00539728911 -0.00432723736 -0.0047496961 -0.00450028313 -0.00371072021 -0.00504678471 -0.000762745919 -0.00154134175 -0.00817697027 -0.00969237088 -0.00574257129 0.00160173029 -0.000882574248 -0.00327176907 -0.0044241933 -0.00453027804 -0.00408309708 -0.00348289749 -0.00360638315 -0.0040570814 -0.00424976814 -0.00422488915 -0.00406570639 -0.00395101509 -0.00390143447 -0.00383854176 -0.0035641472 -0.00291712093 
-0.00311234394 -0.00371085088 -0.00365373196 -0.00338896414 -0.00337325354 -0.00364985834 -0.00353739523 -0.00322323768 -0.00325311292 -0.00350492945 -0.00372355623 -0.00481708834 -0.00303535779 -0.0039893453 -0.00970819462 -0.00806034061 -0.00335946938 0.00373415861 0.00139477099 -0.00190646241 -0.00348282885 -0.00388483836 -0.00402866436 -0.00409307936 -0.00420077716 -0.00432058491 -0.00430912627 -0.00423690654 -0.00411264161 -0.0040631592 -0.00403234731 -0.00393464955 -0.00363183297 -0.00295522842 
-0.00306908335 -0.0037394988 -0.00388036924 -0.00378473789 -0.00359230533 -0.00342533723 -0.00326229805 -0.00312566874 -0.00312927523 -0.00328468268 -0.00363401733 -0.00412896723 -0.00375897707 -0.00455458827 -0.0067137465 -0.00581873378 -0.00293827354 0.000293084689 -0.000555263176 -0.00248456441 -0.00367951078 -0.0039815675 -0.00415107551 -0.00424693497 -0.00430273139 -0.00432557653 -0.00427986223 -0.00422385284 -0.00413975435 -0.00410428092 -0.00407497634 -0.00396654056 -0.00364288729 -0.00295124979 
-0.0029520442 -0.00364704829 -0.00389968459 -0.00393959533 -0.00383483847 -0.00368756983 -0.00358458652 -0.00350938883 -0.00348321015 -0.00347605312 -0.00362062524 -0.00368626525 -0.00364491269 -0.00391792914 -0.00446984699 -0.0042881219 -0.00330430322 -0.00246185173 -0.00272662198 -0.00348785002 -0.00398804807 -0.00408769023 -0.00413096182 -0.00415809916 -0.00415994781 -0.00415566387 -0.00411406147 -0.00407574319 -0.00403205868 -0.00401204609 -0.00397934316 -0.00386797554 -0.00354398452 -0.00285848927 
-0.00266457874 -0.00331982633 -0.00360591322 -0.00369818352 -0.00367245858 -0.00360919204 -0.00355906561 -0.00351380644 -0.00347389285 -0.00342692766 -0.00341016268 -0.0033753489 -0.00330879472 -0.00332893628 -0.00345126806 -0.00348788276 -0.00341231856 -0.00337187979 -0.00353656073 -0.00375271385 -0.00388035237 -0.00386503151 -0.00384218982 -0.0038115342 -0.00378838272 -0.00377235519 -0.00374455324 -0.00372753006 -0.00370002606 -0.00368809469 -0.00365684506 -0.00354919166 -0.00324289635 -0.00260646409 
-0.00212471139 -0.00265812963 -0.00291252346 -0.00301743598 -0.00303417449 -0.00301630252 -0.00300195908 -0.00297898641 -0.00295484225 -0.00290398865 -0.00286284344 -0.00280072708 -0.00274021713 -0.00270394072 -0.0027304107 -0.0028015295 -0.00290116432 -0.0030049197 -0.00311867898 -0.00318774643 -0.00321159018 -0.00316837095 -0.00312809219 -0.00309301571 -0.00306399427 -0.00304556912 -0.00302417216 -0.00301573537 -0.00299975839 -0.0029895208 -0.00295904686 -0.00286226182 -0.0026061799 -0.00208992194 
-0.00211851211 -0.00266947532 -0.00296273663 -0.00307689615 -0.0030849599 -0.00301204185 -0.00293385336 -0.00286488759 -0.00282381824 -0.00280234342 -0.00280262539 -0.00279018633 -0.0027779046 -0.00276472271 -0.00276245744 -0.00275925177 -0.00273426898 -0.00274204178 -0.0027699769 -0.00282657798 -0.00293143852 -0.00307120735 -0.00326259955 -0.00346457801 -0.00359834521 -0.00364039189 -0.00361337226 -0.00354515584 -0.0034436917 -0.00333367015 -0.00320310917 -0.00302762041 -0.0027199428 -0.00216146927 
-0.0026706832 -0.00337897111 -0.0037514658 -0.00387479159 -0.00380199625 -0.00358514329 -0.00340085022 -0.00328831537 -0.0032154354 -0.0031758426 -0.00315655818 -0.00314108761 -0.00310803979 -0.00312863855 -0.00320343846 -0.00324048136 -0.00319776003 -0.00322700809 -0.00330387351 -0.0033709045 -0.00346099559 -0.00370707858 -0.00412433556 -0.00455876337 -0.00484065023 -0.00494457955 -0.00489608662 -0.00477814463 -0.00460532135 -0.0043644585 -0.00411724841 -0.00386642528 -0.00347310417 -0.00275494943 
-0.00297930407 -0.00376359257 -0.00423769692 -0.00435447852 -0.00403727099 -0.00353867988 -0.00336697852 -0.00326865425 -0.00317160833 -0.00309908436 -0.00303733283 -0.00293964845 -0.00286590323 -0.00298665221 -0.00339908241 -0.00355082189 -0.00331475499 -0.00343708578 -0.00379782059 -0.00361725015 -0.00328983244 -0.00374751474 -0.00460933977 -0.00524366666 -0.00573366602 -0.00598284499 -0.0058266657 -0.00569111571 -0.00545800743 -0.00493507271 -0.00451159889 -0.00428903551 -0.00390170115 -0.00310219533 
-0.00310963844 -0.0039449095 -0.0044712227 -0.00452282737 -0.00397255981 -0.00300280148 -0.00364922605 -0.00355246021 -0.00350629219 -0.00333839896 -0.00298032181 -0.00288036619 -0.00280254648 -0.00301905662 -0.00436925255 -0.00451972378 -0.003798429 -0.00398491353 -0.00507604116 -0.00414625611 -0.00227596179 -0.00311036238 -0.00451445239 -0.00495668873 -0.00542212362 -0.00604673438 -0.00541540764 -0.00561595387 -0.00561955098 -0.00441725385 -0.00406778664 -0.00421595991 -0.00406667034 -0.0032863369 
-0.00316640565 -0.003991789 -0.00441264943 -0.00445620469 -0.00406623355 -0.00247352812 -0.00560968752 -0.00460106864 -0.0045727794 -0.00433545123 -0.00320978558 -0.00352511678 -0.00366089978 -0.00363194302 -0.00662579404 -0.00647851218 -0.00469926362 -0.00459417979 -0.00749606985 -0.00527820888 -0.000989052384 -0.00290734891 -0.00428863175 -0.0035031401 -0.00328821313 -0.00463903485 -0.00272341611 -0.00393397777 -0.00474295537 -0.00220885749 -0.00261786605 -0.00374825688 -0.00408855211 -0.00340215836 
-0.00317092927 -0.00387484252 -0.00401083102 -0.00391977034 -0.00384166397 -0.00471521385 -0.00709502564 -0.00532383159 -0.00510973188 -0.00438080701 -0.00331599609 -0.00405380658 -0.00467670766 -0.00451332633 -0.00728539727 -0.0070445269 -0.00468615162 -0.00479181115 -0.0065262387 -0.00501044934 -0.00444357001 -0.00395710415 -0.00431778532 -0.00359818352 -0.00119688686 -0.00240715043 3.80311774e-05 -0.00160011886 -0.00280100394 0.000454973911 -0.000870970337 -0.00305654415 -0.00397438002 -0.00342404756 
-0.00315896467 -0.00373837759 -0.00369352244 -0.00345298049 -0.00483742181 -0.00894561818 -0.00363386547 -0.00348956136 -0.00427165205 -0.00226982737 -0.00255753688 -0.00384625422 -0.00370295772 -0.00325438374 -0.00446691474 -0.00475834359 -0.00393116422 -0.00381737316 0.00144400095 -0.00397955076 -0.013051566 -0.00439968307 -0.0047941595 -0.00728309576 -0.00219861278 -0.00255649545 5.3211391e-05 -0.000795586291 -0.00204115537 0.00238219142 0.000590364718 -0.00239833584 -0.0037748325 -0.0033747189 
-0.00315345809 -0.00374206994 -0.00362752467 -0.00350048563 -0.00401692393 -0.00466338982 -0.0052491454 -0.00425231314 -0.00341791667 -0.00484759904 -0.00363802705 -0.00488599783 -0.00251448932 -0.00217696629 -0.0036711304 -0.00466924476 -0.00341341246 -0.00193662586 -0.000404400208 -0.00335104867 -0.00529548738 -0.00518106756 -0.00540708998 -0.00549764333 -0.00357617732 -0.00442901834 -0.00264026623 -0.00307047025 -0.00329096469 0.00219649906 0.000397623329 -0.00241151962 -0.00371590456 -0.00334262742 
-0.0031518346 -0.00368619359 -0.00344489479 -0.00297407674 -0.00309898281 -0.00411106733 -0.00782781613 -0.00543020123 -0.00395436717 -0.00591350457 -0.00475400729 -0.00549540961 -0.00366401264 -0.00301420076 -0.00508410477 -0.00558274507 -0.0038397325 -0.00305668231 -0.00291134855 -0.00301916932 -0.00193261905 -0.00324154383 -0.0040220409 -0.00301705107 -0.00269012245 -0.00410920356 -0.00162288819 -0.00145237048 -0.00253204635 -0.00061229082 -0.00195049643 -0.00343734059 -0.00389637486 -0.00333005177 
-0.00312456193 -0.00356227377 -0.00315140755 -0.00247621622 -0.00354768627 -0.00828768038 -0.0087085236 -0.00579222927 -0.00419872337 -0.00126876692 -0.00270044328 -0.00452832151 -0.00704838581 -0.00472391467 -0.00652593598 -0.00538484286 -0.0043959123 -0.0069026026 -0.00618815419 -0.00539985138 -0.00590212209 -3.42141811e-05 -0.00226124594 -0.0025971586 -0.00387382565 -0.00402684168 0.00177355163 0.00250693555 -0.00227560474 -0.00704452985 -0.00535230046 -0.0043988964 -0.00409691733 -0.00332052469 
-0.00310163671 -0.00350417384 -0.00304127761 -0.00247360058 -0.00341542843 -0.0060845907 -0.0059528832 -0.00471629889 -0.004646611 -0.00501251195 -0.00371623317 -0.00467131397 -0.00123378752 -0.00176309543 -0.00461376757 -0.00491445847 -0.00422522214 -0.00527942549 -0.00665813133 -0.00590818469 -0.00328693173 -0.00336768127 -0.00467885859 -0.0053791068 -0.0069844021 -0.00522296359 0.00166999574 0.00265266523 -0.00147881201 -0.00149211575 -0.00285172134 -0.00392352731 -0.00402194451 -0.00333264994 
-0.0031300885 -0.00363049225 -0.00330341518 -0.00302367052 -0.00423854681 -0.00709877292 -0.00609258337 -0.00478052218 -0.00579148316 -0.00616971602 -0.00440048057 -0.00428338833 0.000886939805 -0.000772093508 -0.00378979138 -0.00500982663 -0.00424243196 -0.00449822281 -0.00634572344 -0.00519720527 -0.002250854 -0.00496885202 -0.00586718091 -0.00653015387 -0.00675410506 -0.00497568709 -4.38603944e-05 -0.00100187684 -0.00197694138 0.00156041532 -0.000803253864 -0.00310487857 -0.00380318629 -0.00325250464 
-0.0032496266 -0.0039460708 -0.00412886274 -0.00419814384 -0.00570086555 -0.0101854433 -0.00764620286 -0.00492507867 -0.00534228281 0.00109167202 -0.000809621353 -0.00257754263 -0.00533631815 -0.0033712028 -0.00379842218 -0.00477262221 -0.00424842651 -0.00495277547 -0.00553997856 -0.00497251428 -0.0048043307 -0.00363586222 -0.00519070687 -0.00574043084 -0.00364240815 -0.00443075436 -0.00406621393 -0.0103313274 -0.00587849644 -0.00193480506 -0.00228018244 -0.00335346503 -0.00365018773 -0.00305788355 
-0.00339925419 -0.00441087346 -0.00521352619 -0.00551699065 -0.00430574056 -0.000219442157 0.000417368201 -0.00159106756 -0.00259653851 -0.00133126985 -0.00180185188 -0.00250829943 -0.00289537343 -0.00279076208 -0.00459139074 -0.00356586432 -0.00394627567 -0.00517469099 -0.00173630189 -0.00371047313 -0.00582477606 -0.00352155232 -0.00480437943 -0.00574914848 -0.006880755 -0.00520850798 0.000294620952 0.000200355068 -0.00291852255 -0.00584346478 -0.00527213771 -0.00432427615 -0.00356624701 -0.00284219913 
-0.00350595262 -0.00470008225 -0.00573424412 -0.00533839549 -0.00192441979 0.00519956 0.00186246937 -0.00128448878 -0.00138512004 -0.00551971093 -0.00425624622 -0.0026299412 -0.00216108828 -0.00263495034 -0.00323167466 -0.00321674591 -0.00465834758 -0.00531634848 -0.00133504907 -0.00398151356 -0.00553974753 -0.00299634903 -0.00417625632 -0.0045708602 -0.00583811016 -0.00319356131 0.00400385123 0.00661578278 -0.00093063056 -0.00822840187 -0.00733239304 -0.00494129999 -0.00342229682 -0.0026154999 
-0.00352094773 -0.00464537867 -0.00540722138 -0.00484911697 -0.00212645424 0.000256069667 -0.0103619267 -0.00609931154 -0.000714541876 -0.00930421167 -0.00596735144 -0.000715169668 -0.0055435115 -0.00363021489 -0.00106567537 -0.00609474142 -0.0060967595 -0.00434564879 -0.00716503188 -0.00574681603 -0.00433729711 -0.0048717601 -0.00440201176 -0.000803785689 0.00191644431 -0.000351361017 0.000474096885 0.00116145744 -0.00281959515 -0.00935999908 -0.00765605869 -0.00476948141 -0.00322130335 -0.00244947007 
-0.00346031624 -0.00434630044 -0.00468254487 -0.00412635776 -0.00384147864 -0.00615806769 -0.0114392269 -0.00743012861 -0.00297199028 -0.00542505235 -0.00389853174 0.00152349211 -0.00417063738 -0.00460426464 -0.00783843737 -0.0111100894 -0.00657465135 0.00226990394 0.00125743052 -0.00252981178 -0.00361848502 -0.00535215045 -0.00370854431 0.00189638193 0.00385073671 -0.000378026527 -0.0041447105 0.000142999257 -0.00238867819 -0.0056185125 -0.00568126824 -0.00420496667 -0.00310420534 -0.00244481084 
-0.00335418176 -0.00400820122 -0.00392676925 -0.00350184585 -0.00431814044 -0.00811246605 -0.00967421111 -0.00615537951 -0.00354382054 -0.00160915261 -0.000890683963 3.54326857e-05 -0.00261352567 -0.00454418548 -0.0109721967 -0.00978041796 -0.00393382031 0.00251042242 0.00622146807 0.000166861076 -0.00552902325 -0.00478387738 -0.00196891624 0.00398137156 0.00198215133 -0.00173864464 -0.0022953022 0.00259078165 -0.000933002566 -0.00474469539 -0.00506334588 -0.00408033974 -0.00317983666 -0.00254063771 
-0.00328166996 -0.00377309986 -0.00339504662 -0.00287691904 -0.00386927151 -0.0065080428 -0.00422523348 -0.00405312379 -0.0050505476 0.00144213857 -0.00138113412 -0.00790674775 0.00398151301 -0.000488446047 -0.00768690656 0.00218514586 -0.00134346711 -0.0102346031 0.00300757871 -0.000734249529 -0.0129100035 -0.00412740057 -0.000360697986 0.00198112072 -0.0060335148 -0.00308756067 0.0044988344 0.000103121506 -0.00307194571 -0.00694663972 -0.00533999972 -0.00399814996 -0.00334814938 -0.00268920551 
-0.00327106174 -0.00371397008 -0.00321981717 -0.00267640831 -0.00350869248 -0.00634511456 -0.00549233144 -0.00453775889 -0.00601207078 -0.00294423447 -0.00269702504 -0.00640799994 -0.00215156448 -0.000780296362 -0.00225560926 -0.000347550543 -0.00196593074 -0.00755674485 0.00469197637 -0.000285558591 -0.0133766294 -0.00509428314 -0.00288925565 -0.00793083342 -0.00566433492 -0.00358371765 -0.00181998518 -0.00374439427 -0.00371887539 -0.00141888316 -0.00237493654 -0.00332635471 -0.00337301597 -0.00283708026 
-0.00329526644 -0.00374309495 -0.0033129678 -0.00297024614 -0.00413018527 -0.00717613847 -0.00721293376 -0.00588755744 -0.00657014796 -0.00428165023 -0.0032765272 -0.00535165034 -0.00540757539 -0.00149386791 0.000768370869 -0.00351278688 -0.00482037171 -0.00711296798 0.00424001155 -0.00260108219 -0.0148208184 -0.00780241312 -0.00657797573 -0.0100493323 -0.00553316869 -0.00457815926 -0.00582848087 -0.00625235868 -0.00367317863 -6.58773684e-05 -0.00176941083 -0.00323502205 -0.0034251932 -0.00289551553 
-0.00331522024 -0.00379357089 -0.00341341406 -0.00309126021 -0.00402591649 -0.00631575737 -0.00541377556 -0.00470504576 -0.00397751676 -0.000403324053 -0.0011799484 -0.0044247318 -0.00368236073 0.000158575921 0.00399305528 -0.00266352261 -0.00526136388 -0.0105818375 -0.0074627683 -0.00693026252 -0.0140367126 -0.0134870773 -0.00680365711 -0.000925415338 -0.00847548255 -0.00599062201 -0.00416144422 -0.00624896402 -0.0047067364 -0.00637459415 -0.00504948405 -0.0041463654 -0.00355540307 -0.00285401197 
-0.0033016601 -0.00375868176 -0.00331661659 -0.00286610079 -0.00345273368 -0.00519954338 -0.00467610494 -0.00357770671 -0.00173615086 0.00161159044 0.000176911708 -0.00454644551 -0.000186819193 0.000609660543 -0.0045657061 -0.00085046395 -0.00259428447 -0.00837871925 -0.00334593459 -0.00369640748 -0.00540238194 -0.00293226963 -0.00324182664 -0.00216261138 -0.00296394053 -0.00315593484 -0.00270277088 -0.00409658772 -0.00423178698 -0.00748079452 -0.00626389639 -0.00462515571 -0.00352455505 -0.00276280709 
-0.00326036498 -0.00364233107 -0.00302743862 -0.00252138766 -0.0034645746 -0.00609456368 -0.00546767313 -0.00406636434 -0.00337013499 -7.69174434e-05 -0.00144447798 -0.00506891463 0.000613929492 -0.00113873039 -0.00699387125 -0.000350890434 -0.00187540868 -0.00589503944 0.00089307826 -0.000180743975 0.000224922813 0.0033877813 -0.00140169968 -0.00527149886 0.000642626241 -0.00166896372 -0.005987399 -0.00664112357 -0.00569659559 -0.007113557 -0.00579011016 -0.00427262513 -0.0033404856 -0.00267291978 
-0.00319842361 -0.00348854388 -0.00270465141 -0.00203396606 -0.00346676807 -0.00807223289 -0.00679404552 -0.00513535738 -0.00840443329 -0.00589168127 -0.0034000101 -0.00407199274 -0.00189620625 -0.000926806953 -0.000178782298 -0.0036628337 -0.00329661517 -0.0033993058 -0.00431031193 -0.002497335 -0.00222859313 -0.00358973088 -0.00548890459 -0.00949056418 0.00130587852 -0.00268594943 -0.0139351604 -0.0108548638 -0.0065598323 -0.00529087655 -0.00438817089 -0.0037024626 -0.00318907791 -0.00262875662 
-0.0031350861 -0.00338385387 -0.00251755554 -0.00169652302 -0.00259273501 -0.0056577064 -0.00447352872 -0.00385530085 -0.00668125304 -0.00517990862 -0.00348544618 -0.0045722233 -0.00396587265 -0.00233115745 -0.00573072704 -0.00756009944 -0.00460171801 -0.00031809874 -0.0042691603 -0.00463907617 -0.00611596796 -0.00832369647 -0.00643874032 -0.00339782135 -0.000191714248 -0.00319301441 -0.00936507114 -0.00872897425 -0.00584427569 -0.00417353744 -0.0036520515 -0.00342336081 -0.0031853599 -0.0026620103 
-0.00309678327 -0.00336325114 -0.00256223281 -0.00183954053 -0.00288940836 -0.00593845312 -0.00511184864 -0.00436088464 -0.00659864982 -0.00547111378 -0.00425184784 -0.00596979327 -0.00365260813 -0.00328821046 -0.00915326716 -0.0108928337 -0.00545038448 3.16186176e-05 -0.00576176529 -0.00644709351 -0.00807026342 -0.00971725048 -0.00561235913 4.47464906e-05 -0.000516875035 -0.0030030389 -0.00553930675 -0.00581542206 -0.00457429799 -0.00374546438 -0.00352274466 -0.00346835764 -0.00329616301 -0.00275261324 
-0.00308453563 -0.00341623627 -0.00279411836 -0.00225154464 -0.00359725075 -0.00813496012 -0.00858562616 -0.00591007562 -0.00783077908 -0.00739932824 -0.00542511617 -0.00616660478 0.00255643858 1.1956566e-05 -0.00618541397 -0.0116300186 -0.00648389524 -0.0013843733 -0.00646841925 -0.00617809334 -0.00641778532 -0.00648324598 -0.00432116277 -0.00177069094 -0.00202076849 -0.00335831583 -0.00428517521 -0.00438708179 -0.00403644997 -0.00376712131 -0.00369519537 -0.00366191893 -0.00344496396 -0.00284972332 
-0.00308921957 -0.00353689007 -0.00317671521 -0.00279333312 -0.00338893429 -0.00532174041 -0.00557640424 -0.00443135926 -0.004873455 -0.0049259188 -0.0041618169 -0.00500171795 -0.00015998782 -0.00141057081 -0.00831126196 -0.00960319575 -0.00506565032 0.00214570813 -0.000853339076 -0.00323597489 -0.00423882946 -0.00430704829 -0.00390438104 -0.00336289748 -0.0035499007 -0.0040318612 -0.00423090771 -0.00420388816 -0.0040384619 -0.00392728578 -0.003886247 -0.00383135797 -0.00356288096 -0.00291825927 
-0.00308878705 -0.00365919675 -0.00356874835 -0.00327286232 -0.00322693787 -0.00350099676 -0.00337369029 -0.00302409188 -0.00309699353 -0.003555221 -0.0038854921 -0.00485484385 -0.00303201614 -0.00430180545 -0.00995153328 -0.00781000438 -0.00261792541 0.00436350175 0.00169382338 -0.00172690646 -0.00328577504 -0.00370811525 -0.00391514752 -0.0040368431 -0.00418235473 -0.004319839 -0.00430963714 -0.00423402082 -0.00410508844 -0.00405836716 -0.0040303711 -0.00393491244 -0.00363404047 -0.0029577868 
-0.00305668061 -0.00370966639 -0.0038240988 -0.00369232879 -0.00345432645 -0.00324929264 -0.00304614529 -0.00287621193 -0.00289186145 -0.00313147087 -0.0035688045 -0.00412395058 -0.0038489808 -0.00478699358 -0.00686172183 -0.00570439081 -0.00259907192 0.000603701634 -0.000368186901 -0.00236134389 -0.00356879927 -0.00389114531 -0.00409897199 -0.00422709452 -0.0043029125 -0.00433380832 -0.00428835166 -0.00422936494 -0.0041410507 -0.00410586976 -0.00407737801 -0.00396885413 -0.00364546167 -0.00295352803 
-0.00294805006 -0.00363544567 -0.0038748007 -0.00389517696 -0.00376275257 -0.00358798174 -0.00345285674 -0.00334918132 -0.00331145885 -0.00332148833 -0.00350670182 -0.00363214334 -0.00366676827 -0.00399983338 -0.0045406666 -0.00428866446 -0.00325102085 -0.00240884931 -0.00269448169 -0.0034613662 -0.00395638361 -0.0040592026 -0.00411580411 -0.00415528853 -0.0041649379 -0.00416303478 -0.00411970786 -0.00407931269 -0.00403322746 -0.00401278264 -0.00398014194 -0.00386865109 -0.00354481962 -0.00285933003 
-0.00266450687 -0.0033172468 -0.00359893758 -0.00368370539 -0.0036448166 -0.0035674645 -0.00349921452 -0.00343514952 -0.0033788325 -0.00332912622 -0.00332810537 -0.00332577644 -0.00329593001 -0.00334981958 -0.00348864351 -0.00352883202 -0.00345212948 -0.00341179048 -0.00357113637 -0.00377490555 -0.0038901073 -0.00386957123 -0.0038482353 -0.00381839735 -0.00379655887 -0.00377943117 -0.00375023922 -0.00373120936 -0.0037015645 -0.00368904023 -0.00365756417 -0.0035495629 -0.00324328485 -0.00260690282 
-0.00212607045 -0.00265937726 -0.00291325417 -0.00301654392 -0.00302842011 -0.00300493719 -0.00298171442 -0.00294871287 -0.00291387439 -0.00285812759 -0.00282165565 -0.0027724834 -0.00272866012 -0.00271125804 -0.00275357372 -0.00283806577 -0.00294429963 -0.0030497606 -0.00315799669 -0.00321774211 -0.00323178967 -0.00318187044 -0.00313903629 -0.00310189073 -0.00307147134 -0.00305114153 -0.00302827523 -0.00301842689 -0.0030009469 -0.00299021291 -0.00295948035 -0.0028623878 -0.00260634634 -0.00209023886 
-0.00213149107 -0.00268569429 -0.00297649055 -0.00308021814 -0.00307140837 -0.00297788211 -0.00288112415 -0.00279944016 -0.00275413992 -0.00273324352 -0.00273635499 -0.00272399517 -0.00270879293 -0.00269145861 -0.00268724076 -0.00268690315 -0.00266735418 -0.00268746941 -0.00273604903 -0.00281824766 -0.00295421292 -0.00312949569 -0.00335481059 -0.00358303073 -0.00373147191 -0.0037777985 -0.00374609113 -0.00366466951 -0.00354142079 -0.0034070773 -0.00325326877 -0.00305871351 -0.00273744072 -0.00217076498 
-0.00268877937 -0.00339914249 -0.00376026443 -0.00385537198 -0.00375122904 -0.00351259531 -0.00331234795 -0.00318192078 -0.00309613936 -0.00305437298 -0.0030391395 -0.00302387882 -0.00298776451 -0.00300314957 -0.00306988875 -0.00310496475 -0.00306880145 -0.00312481351 -0.00324003412 -0.00334489687 -0.00348242426 -0.00379220034 -0.0042730574 -0.00474821178 -0.0050474615 -0.00516569916 -0.00512161345 -0.00498912683 -0.00478315952 -0.00450244849 -0.00421575355 -0.00393031038 -0.00351022317 -0.00277490497 
-0.00299632253 -0.00377441921 -0.00421489169 -0.00425500125 -0.00387881853 -0.00341815092 -0.00331232775 -0.00319438862 -0.00304889242 -0.00296656119 -0.00290054644 -0.00279861072 -0.0027365397 -0.00285612068 -0.00324602136 -0.00336498688 -0.00311867741 -0.00331224518 -0.00374934888 -0.00356942527 -0.00327283224 -0.0038417178 -0.0047946575 -0.00544360652 -0.00592204808 -0.00619991636 -0.0060892949 -0.00595844991 -0.00568707126 -0.00512039285 -0.00465759424 -0.0043932764 -0.0039648065 -0.00313618689 
-0.00311978431 -0.00393350705 -0.00437838441 -0.00426833095 -0.00361264818 -0.00284484877 -0.00384513479 -0.00369467268 -0.00351306934 -0.00332240895 -0.00292127573 -0.00281845232 -0.00282259912 -0.00305676495 -0.00434039791 -0.00440812266 -0.00361169636 -0.00393562507 -0.00523158191 -0.0041005224 -0.00216663972 -0.00316626484 -0.00464920215 -0.00501088387 -0.00530789735 -0.00599949336 -0.00553241221 -0.00579537145 -0.00576849992 -0.0045656077 -0.00423326102 -0.00436020937 -0.00416273403 -0.00333954644 
-0.00317136997 -0.00396614731 -0.00428490461 -0.00412030758 -0.00353751629 -0.00231885651 -0.00626470654 -0.00501726432 -0.00473523951 -0.00451673641 -0.00327316222 -0.00359569877 -0.00396003588 -0.00398649163 -0.00686027707 -0.00662587528 -0.00462990466 -0.00470806339 -0.0081256792 -0.00530348939 -0.00081900667 -0.00294473017 -0.00429008443 -0.00327822308 -0.00254449023 -0.00402531779 -0.00247504772 -0.00381282258 -0.00459841451 -0.00218263969 -0.00275828598 -0.00392840801 -0.00422202103 -0.00347834806 
-0.00316484285 -0.00384236212 -0.00393503483 -0.00377403088 -0.00364409731 -0.00468816608 -0.00745283633 -0.00553705714 -0.00516517864 -0.00445311113 -0.00335235032 -0.00409773914 -0.00492982784 -0.00481971951 -0.00753386726 -0.00731412452 -0.004802589 -0.00494198007 -0.00700309203 -0.00538949396 -0.00462522715 -0.00394442044 -0.00434595843 -0.00333383072 -0.00016094999 -0.00146891968 0.000557642712 -0.0011493921 -0.00233709476 0.000679472996 -0.000950695409 -0.00324756489 -0.00413195243 -0.00351778026 
-0.00314214011 -0.00369706205 -0.00365779427 -0.00356783007 -0.00529802511 -0.00909362727 -0.00305682984 -0.00320906535 -0.00417400241 -0.00218751187 -0.0026212298 -0.00383924092 -0.00362911354 -0.00318578418 -0.0044998193 -0.00502100805 -0.00428766231 -0.00377405223 0.00195193783 -0.0048230732 -0.0138052316 -0.00410741964 -0.00503268154 -0.00727248675 -0.00108370516 -0.00154751639 0.000690639192 1.32503842e-05 -0.0011835175 0.00288446862 0.000621771608 -0.00256915784 -0.00393707199 -0.0034752084 
-0.00312774263 -0.00367897634 -0.00352385042 -0.00335402804 -0.0038013077 -0.00447174131 -0.00513178917 -0.00399372574 -0.00339280139 -0.00549661021 -0.00416583134 -0.00502578602 -0.00223543142 -0.00201205916 -0.00369853668 -0.00497164113 -0.00352735747 -0.00171307446 0.000143926417 -0.00319479294 -0.00537157129 -0.00524589518 -0.00556422216 -0.00545934365 -0.00286041541 -0.00385100583 -0.00230001474 -0.00249691271 -0.00247259368 0.00271531158 0.0004358424 -0.00257579675 -0.00387700188 -0.00344387859 
-0.00311994883 -0.00360736788 -0.00329472345 -0.00272651422 -0.00276780533 -0.00396988448 -0.00807986838 -0.00537853929 -0.00392195221 -0.00634189599 -0.0051625672 -0.00572428685 -0.00381913727 -0.00322322979 -0.00532431955 -0.00593354715 -0.00400604206 -0.00300034698 -0.00270306399 -0.00276172727 -0.00170098247 -0.00294025545 -0.0038189742 -0.00288499963 -0.00225099497 -0.00375320787 -0.00138435215 -0.00103840119 -0.00212179543 -0.000473947643 -0.00208132959 -0.00363240876 -0.00404977076 -0.00342301893 
-0.00308909702 -0.0034835464 -0.00303168147 -0.0024036757 -0.00370773053 -0.0085197642 -0.00903911421 -0.00590944413 -0.00405285057 -0.000817833906 -0.00257229424 -0.00472420995 -0.00785099104 -0.00538776658 -0.00696848593 -0.00576015605 -0.00482044197 -0.00723444138 -0.00653003136 -0.00583815925 -0.00582756187 0.00104635424 -0.00162087907 -0.00241356057 -0.00364724861 -0.00358194243 0.00234403972 0.00319703742 -0.00230045533 -0.00737488968 -0.00563219948 -0.00460463326 -0.00423251805 -0.00340064104 
-0.00307248297 -0.00343757556 -0.00296196362 -0.00243835224 -0.00346620348 -0.0061223888 -0.00592009423 -0.00464803057 -0.00465544968 -0.00540700859 -0.00406948889 -0.00471016774 -0.000756805064 -0.00169914587 -0.0047782429 -0.00516348337 -0.00437171003 -0.00540090654 -0.0068332612 -0.00585457779 -0.00309535618 -0.00314397068 -0.00459596372 -0.00551975202 -0.00712949262 -0.00486747835 0.00230849663 0.00369467556 -0.000804710286 -0.00124889071 -0.00291605862 -0.00405956184 -0.00412930918 -0.00339943749 
-0.00311549174 -0.00359307578 -0.00327974682 -0.00310061862 -0.00446810205 -0.00727762352 -0.00620086293 -0.00486151871 -0.00580534684 -0.00629351683 -0.00452381178 -0.00418719559 0.00146082516 -0.000518225781 -0.00377089022 -0.00514288448 -0.00424340575 -0.00444925771 -0.00634097798 -0.0049758727 -0.00209050185 -0.00506810129 -0.00606654074 -0.00677834118 -0.00677263592 -0.0046911313 0.00020229813 -0.000788789966 -0.00155464885 0.00188158401 -0.000723574745 -0.00315637633 -0.00387393218 -0.00330287056 
-0.00325350152 -0.00393946327 -0.00413412535 -0.00435668018 -0.00620846362 -0.0106129122 -0.00806899521 -0.00531386641 -0.00513698067 0.0023952322 2.02219919e-05 -0.00239900721 -0.00587503772 -0.00359379507 -0.00384225543 -0.00487689219 -0.00428328754 -0.0048488958 -0.00538362067 -0.00491459648 -0.00471939227 -0.00329248952 -0.0051974699 -0.00580683123 -0.00317944311 -0.00406460916 -0.00433469701 -0.0116981924 -0.0064117535 -0.00197166347 -0.00226746709 -0.00337800416 -0.00368845724 -0.00308781974 
-0.00341886594 -0.00440655219 -0.00511641889 -0.00518248746 -0.00366700856 0.000397897392 0.00100027659 -0.00136304819 -0.00234304067 -0.000844984674 -0.00142473805 -0.0023459527 -0.00301221094 -0.00302903959 -0.00467282785 -0.00350249401 -0.00406093149 -0.0049897543 -0.000863797044 -0.00348771138 -0.0057477851 -0.00296972488 -0.00460683729 -0.00587832972 -0.00701584188 -0.00492061195 0.000599815182 0.000415203537 -0.00313841024 -0.00609917922 -0.00538331318 -0.00436236486 -0.0035839392 -0.00285718452 
-0.00353207237 -0.00467917746 -0.00549756136 -0.00460588246 -0.000669800389 0.00608470759 0.0021967819 -0.00105642903 -0.00134637526 -0.00594260976 -0.00436860579 -0.00261722841 -0.00225305057 -0.00270579825 -0.00317476806 -0.00318780821 -0.00480852224 -0.00522574302 -0.00079781075 -0.00391028685 -0.00559030164 -0.00269512299 -0.00407410084 -0.00465635675 -0.00590011139 -0.00284815714 0.00453713139 0.00740979616 -0.00093669987 -0.00852995716 -0.00751785265 -0.00499123841 -0.00342893632 -0.00261941491 
-0.00353843533 -0.00460476572 -0.00513055548 -0.00406603324 -0.000946898643 0.000466870458 -0.0118279361 -0.00636410221 -0.0008005621 -0.010321737 -0.00602988091 -0.000736529429 -0.0064440356 -0.00378534913 -0.0010205266 -0.00649413284 -0.00611207762 -0.00425293023 -0.00757925257 -0.00586593112 -0.00444055062 -0.00502903599 -0.00444036207 -0.000580024341 0.00266168409 1.84046957e-05 0.000726108894 0.00147218741 -0.00300093089 -0.00972432388 -0.00784808381 -0.00481180944 -0.00322256332 -0.00244873884 
-0.00346233873 -0.00429113228 -0.0044703886 -0.00367765941 -0.00344387895 -0.00644636841 -0.0127647859 -0.00795691483 -0.00299772916 -0.00548951604 -0.00334983274 0.00170842155 -0.00531726261 -0.00548784927 -0.00846059688 -0.0118726512 -0.00621570061 0.00313201656 0.00218375365 -0.00199814481 -0.00348118079 -0.00527415698 -0.00342986458 0.00227015484 0.00436568539 -0.000599589859 -0.0042057731 0.000937629098 -0.00201924896 -0.00562704599 -0.00575521589 -0.00422578979 -0.00310489268 -0.00244559613 
-0.00333495532 -0.00393360835 -0.0037760996 -0.0033003589 -0.00425148009 -0.00834518407 -0.0103163906 -0.0064950142 -0.00344177243 -0.00120801564 -0.000451002681 0.0002323545 -0.00300080694 -0.00529028184 -0.01162768 -0.0102958617 -0.00389834756 0.00322667514 0.00763236813 0.000815736462 -0.00524683828 -0.00404224559 -0.00107536328 0.00446900142 0.00201823142 -0.00198371623 -0.0022913517 0.00323800122 -0.000662103578 -0.00475133265 -0.00510919734 -0.00409106823 -0.00317784072 -0.00254171557 
-0.00324398698 -0.00367787599 -0.003260031 -0.00278839577 -0.00394120995 -0.00652357009 -0.00413185306 -0.00433796151 -0.00506082276 0.00189017345 -0.00200092532 -0.00810700909 0.00524210851 -0.00060243061 -0.00804654879 0.00242769701 -0.0025665231 -0.0106622672 0.00434243532 -0.000750523023 -0.0129763811 -0.0025405765 0.00113124082 0.00240487549 -0.00660374762 -0.00272203049 0.00491882168 -0.000194827871 -0.00352141707 -0.00721146737 -0.00538542493 -0.00398576637 -0.00333759058 -0.00268784383 
-0.00322134659 -0.00360346273 -0.00307110762 -0.00258508747 -0.003556124 -0.00639559866 -0.00565466893 -0.00483321858 -0.00616377151 -0.00300271092 -0.00307596032 -0.00659505043 -0.00179785545 -0.000666297286 -0.00258639769 -0.00137000647 -0.00356009547 -0.00791502976 0.0064111011 -0.000176266978 -0.0135693677 -0.00393774236 -0.0026004507 -0.00817659288 -0.00558511415 -0.00343200773 -0.0017923031 -0.0040270237 -0.00364903421 -0.00117472855 -0.00220340219 -0.00324477305 -0.0033405972 -0.00282735155 
-0.0032377064 -0.00361907648 -0.00314368694 -0.00284062828 -0.00412069949 -0.00717786722 -0.00736249166 -0.00605989117 -0.00658222992 -0.00423645843 -0.00335326627 -0.00543867073 -0.00541947709 -0.00123433671 0.000528034848 -0.0050117148 -0.00651777036 -0.00764529719 0.00529277787 -0.0027372202 -0.0152297563 -0.00733255667 -0.00658605883 -0.0104024279 -0.00567069543 -0.00475234847 -0.00606301112 -0.00665328861 -0.00363284943 0.000208001454 -0.00154850441 -0.00311381481 -0.00336796093 -0.00287239245 
-0.00325234422 -0.00365867685 -0.00322153467 -0.00291128767 -0.00392499734 -0.00614907727 -0.0051662204 -0.0045399359 -0.00365156398 0.000157095043 -0.00109281545 -0.00451389634 -0.00353766425 0.000707548366 0.00404122969 -0.00386339869 -0.00676179956 -0.0114496352 -0.00789243379 -0.00740862152 -0.0144393724 -0.0134910678 -0.00588828443 -0.000574988722 -0.00941854817 -0.00633837427 -0.0043855715 -0.00705402602 -0.00540983215 -0.00666288704 -0.00500577175 -0.00403788337 -0.00347810783 -0.00281651084 
-0.00323463382 -0.00361711663 -0.0031135921 -0.00265756751 -0.00327041624 -0.00496760555 -0.0043822486 -0.00326688823 -0.00129015064 0.0021983828 1.05139582e-05 -0.00480371319 -7.80583719e-05 0.000113844166 -0.00502742298 -0.000911084889 -0.00325864406 -0.00864064012 -0.00252096338 -0.00319252492 -0.00488597872 -0.00174701559 -0.00232363885 -0.00163160746 -0.00258923327 -0.00281469448 -0.00263223138 -0.00454346167 -0.00481902175 -0.0078003113 -0.00625696531 -0.00451191033 -0.00343253107 -0.00271492849 
-0.00319204846 -0.00350457447 -0.00284944382 -0.00239168534 -0.00344950604 -0.00607382314 -0.00547814748 -0.00408001357 -0.00323346201 0.000153780128 -0.00174952392 -0.00534637272 0.000692225531 -0.00168214139 -0.00739784949 -0.000131406758 -0.00204506882 -0.00580347831 0.00190280509 0.000563413136 0.000840815506 0.00425089348 -0.00124788849 -0.00504960049 0.00156361167 -0.00123332603 -0.00599166681 -0.00691357038 -0.00598650029 -0.00721247616 -0.00569803489 -0.00413787377 -0.00324525816 -0.00262431935 
-0.00312870222 -0.00335442419 -0.0025539908 -0.00202560458 -0.00375934501 -0.00837411812 -0.00721428819 -0.00568013459 -0.00877437377 -0.00620040154 -0.00366738425 -0.00425735648 -0.00190600455 -0.00070509316 -0.000109331515 -0.00395629719 -0.00329354498 -0.00338032499 -0.00464982142 -0.00254484699 -0.0023362518 -0.00439541921 -0.00669290865 -0.00985938646 0.00220518167 -0.00291593597 -0.0145756581 -0.011159975 -0.00658720021 -0.00517741831 -0.00422649929 -0.00356758607 -0.00310646091 -0.00258851148 
-0.00306553513 -0.00324918927 -0.00235978915 -0.00162764469 -0.00269363492 -0.00575940083 -0.00457635652 -0.00410311039 -0.00685051615 -0.00530200504 -0.00366967903 -0.00478129933 -0.00438434268 -0.0027065144 -0.00610482161 -0.00789544639 -0.00426479984 -0.000144053988 -0.00496875117 -0.00516277792 -0.00657717636 -0.00928091778 -0.00699837924 -0.00338041054 0.00022060147 -0.0032754078 -0.0096932914 -0.00888122785 -0.00576889718 -0.00401746468 -0.00350352648 -0.00331921938 -0.00312762148 -0.00263568035 
-0.0030316739 -0.00323576762 -0.00240564958 -0.00175237819 -0.0029620897 -0.00605821488 -0.0053011174 -0.00459789564 -0.00679070029 -0.00576469754 -0.00461951732 -0.00606467907 -0.00351571059 -0.00340098704 -0.00952524874 -0.0113027435 -0.00510472538 0.000217627646 -0.00649658901 -0.00698761357 -0.00835928656 -0.0101695931 -0.00556852085 0.000364179048 -0.000250745013 -0.00293474937 -0.00559269744 -0.00581245661 -0.00447971829 -0.00362954164 -0.00342712834 -0.00340728994 -0.00326580905 -0.00274006447 
-0.00302938175 -0.00330869928 -0.00266289774 -0.00221875395 -0.00383123331 -0.00853036847 -0.00931039531 -0.00646109394 -0.00829304502 -0.00825292118 -0.00627413464 -0.00609362856 0.0040543042 0.000864822666 -0.00620610341 -0.0121581808 -0.00624120077 -0.00121905909 -0.00719845159 -0.00656358244 -0.00640388728 -0.00638913166 -0.00409188681 -0.00150908329 -0.00184527068 -0.0032854702 -0.0042477442 -0.00434291882 -0.00397372624 -0.00370594715 -0.00365046677 -0.00363596837 -0.00343484424 -0.00284738187 
-0.00304845361 -0.00345319049 -0.00306189983 -0.00269473308 -0.00338014561 -0.00540893942 -0.00579218629 -0.00456439819 -0.00502813312 -0.0054168062 -0.00469627014 -0.00498942908 0.000520866367 -0.0012417665 -0.00848934949 -0.00955524319 -0.00432449417 0.00279978298 -0.000787565098 -0.00319549824 -0.00403724245 -0.00405927907 -0.00369880155 -0.00322002672 -0.00347818063 -0.00400191992 -0.00421346466 -0.00418501993 -0.00401301197 -0.00390435637 -0.00387203186 -0.00382528572 -0.00356303847 -0.00292044694 
-0.00306332398 -0.00360161654 -0.00347141661 -0.00313915081 -0.00306295136 -0.00333799806 -0.00319760919 -0.00280700393 -0.00292498827 -0.00361717371 -0.0040836907 -0.0049149963 -0.00302203903 -0.0046531799 -0.0102729571 -0.00757793657 -0.00178598128 0.00512643892 0.00207336626 -0.00150772242 -0.00305735906 -0.00350268488 -0.00377986235 -0.00396811089 -0.00415870644 -0.00431961954 -0.00431399359 -0.00423495057 -0.00410161278 -0.00405703982 -0.00403155726 -0.00393822167 -0.00363878419 -0.0029620238 
-0.00304398364 -0.00367768411 -0.00376155541 -0.00358799878 -0.00330003054 -0.00305201761 -0.0028039571 -0.00259545705 -0.00262125464 -0.00295705762 -0.00349707595 -0.0041196773 -0.00394803346 -0.00505589478 -0.00705977575 -0.00560509526 -0.00221765474 0.000983354979 -0.000128085283 -0.00220655048 -0.0034354447 -0.00378259109 -0.00403514851 -0.00420213725 -0.00430319413 -0.00434491415 -0.00430147833 -0.00423997921 -0.00414691843 -0.00411177904 -0.00408379956 -0.00397467763 -0.00365079261 -0.00295753512 
-0.00294473124 -0.00362388748 -0.00384835983 -0.00384610357 -0.00368185062 -0.00347529036 -0.00330292697 -0.0031657917 -0.00311292651 -0.0031420631 -0.0033741932 -0.00356678774 -0.00368797161 -0.00409698395 -0.00463388664 -0.00430454777 -0.00319296945 -0.00234037513 -0.002646823 -0.00342425584 -0.00391683806 -0.00402435939 -0.00409707812 -0.00415226886 -0.00417222089 -0.00417425108 -0.0041299262 -0.00408759867 -0.00403871316 -0.00401761405 -0.00398459705 -0.00387250114 -0.0035480615 -0.0028616264 
-0.00266537099 -0.00331569063 -0.00359259305 -0.0036686227 -0.00361437184 -0.00352033816 -0.00343086127 -0.00334434418 -0.00326829541 -0.00321453 -0.00323116465 -0.00326545893 -0.00327879768 -0.00337493529 -0.00353553084 -0.00358142642 -0.00350010625 -0.00345678867 -0.00360865731 -0.00379868233 -0.00390073782 -0.00387466951 -0.00385534206 -0.00382751991 -0.00380775819 -0.00379021489 -0.00375986051 -0.00373862208 -0.00370661816 -0.00369319902 -0.00366114783 -0.00355234231 -0.00324544776 -0.00260836172 
-0.0021279884 -0.00266148143 -0.00291501568 -0.00301618239 -0.00302231748 -0.0029920323 -0.00295821172 -0.00291312692 -0.00286545359 -0.00280365712 -0.00277199755 -0.00273782537 -0.00271411505 -0.00271940956 -0.00278154144 -0.00288160444 -0.0029957329 -0.00310218558 -0.00320350647 -0.00325223956 -0.00325499612 -0.00319787096 -0.00315223332 -0.00311315436 -0.0030814762 -0.00305933802 -0.00303498117 -0.00302356221 -0.00300438644 -0.00299293371 -0.00296167884 -0.00286395155 -0.00260752055 -0.00209104793 
-0.0021474255 -0.00270584169 -0.00299445837 -0.00308669652 -0.00305825567 -0.0029406099 -0.00282237048 -0.0027255616 -0.00267489988 -0.00265438557 -0.00266002244 -0.00264753539 -0.00262907725 -0.00260699969 -0.00260062019 -0.00260346668 -0.00259012494 -0.00262411906 -0.00269681618 -0.00280877751 -0.00298073961 -0.00319749902 -0.00346273 -0.00372274872 -0.00388938791 -0.00394162103 -0.00390522014 -0.00380897608 -0.00366098375 -0.00349826436 -0.00331701335 -0.00309942811 -0.0027614302 -0.00218415861 
-0.00271095999 -0.00342462296 -0.00377401602 -0.00383701127 -0.00369587033 -0.00343014771 -0.0032110299 -0.00306066603 -0.00296044824 -0.00291522663 -0.00290341261 -0.00288773111 -0.0028478152 -0.0028576092 -0.00291602883 -0.00294821413 -0.00291964405 -0.00300580074 -0.00316545195 -0.00331582457 -0.00350877462 -0.00389168492 -0.00444744212 -0.00497238783 -0.0052930309 -0.00542754275 -0.00538826817 -0.00523957642 -0.00499602193 -0.00466896525 -0.0043361115 -0.00400988012 -0.00355798963 -0.00280157685 
-0.00301826988 -0.00379087597 -0.00419414764 -0.00414803395 -0.00370031798 -0.0032758601 -0.00324412442 -0.00310983959 -0.0029106428 -0.00281467335 -0.00274166543 -0.00263383183 -0.0025843246 -0.00270463683 -0.00307103466 -0.00315324515 -0.00289377127 -0.00316501178 -0.0036919744 -0.00351975724 -0.00325881364 -0.00395306415 -0.00501399478 -0.00568460565 -0.0061499911 -0.0064560255 -0.00639437463 -0.00627018223 -0.00595650525 -0.0053388833 -0.00483072324 -0.00451901998 -0.00404339349 -0.00318003743 
-0.00313517658 -0.00392587206 -0.0042812015 -0.00398830109 -0.00320511547 -0.00265164631 -0.00405172326 -0.00386061052 -0.00352862814 -0.00330408115 -0.00285230228 -0.00274349331 -0.00283892102 -0.0031000695 -0.00431481496 -0.00428698505 -0.00340246144 -0.00387505918 -0.00540454555 -0.00406518273 -0.00205548265 -0.00323700836 -0.00481425331 -0.00509029647 -0.00519412733 -0.00594303625 -0.00565344188 -0.00599376722 -0.00593605638 -0.00472975807 -0.00442003868 -0.00452815457 -0.00427865664 -0.00340614915 
-0.00318039175 -0.00394229917 -0.00414647047 -0.0037454755 -0.0029390266 -0.00212485026 -0.00697991467 -0.0055079469 -0.00493921425 -0.00472276575 -0.00334788895 -0.00367531796 -0.00429274862 -0.00439828047 -0.00714629842 -0.00680414217 -0.00456670673 -0.00483853935 -0.00882843423 -0.00536697665 -0.000650326429 -0.00299459517 -0.00430667933 -0.00304404445 -0.00171804609 -0.00330254659 -0.00215105521 -0.00365039367 -0.00441358249 -0.00212581285 -0.00290089466 -0.00413028155 -0.00437900873 -0.00357131963 
-0.00316140146 -0.00380904755 -0.00384983832 -0.0036055415 -0.0034137559 -0.00465170017 -0.00785309788 -0.0057984157 -0.00524624142 -0.00453742507 -0.00339705693 -0.00415126806 -0.00521635916 -0.00518237684 -0.00783865515 -0.00763191178 -0.00495385165 -0.00512657826 -0.00754540763 -0.005836545 -0.00485850961 -0.0039511336 -0.00438745272 -0.00305545741 0.000992676206 -0.000367023009 0.00120283599 -0.000607316182 -0.00177838715 0.000978237089 -0.00101163058 -0.00345620473 -0.00431466911 -0.00363062642 
-0.00312664802 -0.00365252172 -0.00361465817 -0.00368421935 -0.00579514857 -0.00926344075 -0.0024425081 -0.0028939198 -0.00405939574 -0.00209906509 -0.00269555457 -0.00384034747 -0.00355353797 -0.00311840659 -0.00454851732 -0.00532302219 -0.0046993599 -0.00375259697 0.00248552982 -0.00574324569 -0.0146603079 -0.0038285937 -0.00529889756 -0.00727608908 0.000136659143 -0.000379783917 0.00145369347 0.000940252186 -0.000186525363 0.0034984872 0.000690980711 -0.00275141354 -0.0041244221 -0.00359565697 
-0.00310159877 -0.00361006067 -0.00340665835 -0.0031887573 -0.00356476121 -0.00426333727 -0.00499657086 -0.00370394806 -0.00335290324 -0.0062029704 -0.00477249451 -0.00520952547 -0.00194176381 -0.00183051046 -0.00373504762 -0.00531962184 -0.00368292681 -0.00148666323 0.000751187024 -0.00301925354 -0.00547731912 -0.00532712852 -0.00574385372 -0.00543057662 -0.00206029173 -0.00315581497 -0.00186232097 -0.00181536297 -0.00150540784 0.00336180325 0.000518970407 -0.00274913595 -0.00406260693 -0.00356540563 
-0.00308663672 -0.00352079059 -0.00312503933 -0.00244656473 -0.00239616902 -0.00380812919 -0.00835226609 -0.00533303995 -0.00388773139 -0.00681444426 -0.00563907202 -0.00600149769 -0.00400021184 -0.00346424819 -0.00560927967 -0.00634270881 -0.00422158855 -0.00295845119 -0.00247366749 -0.00248221373 -0.00146015806 -0.00261211873 -0.00358812151 -0.00273302172 -0.0017509189 -0.00331560528 -0.00107024916 -0.000536880095 -0.0016069897 -0.000261463938 -0.00219489862 -0.00384452531 -0.00422781427 -0.00353535453 
-0.00305225726 -0.00339591183 -0.00289518673 -0.00231579577 -0.00387856859 -0.00877717314 -0.00940702979 -0.00605087272 -0.00390304853 -0.00033719225 -0.00243567379 -0.00493939203 -0.00871888933 -0.00613253807 -0.00748128118 -0.00619794918 -0.00531557133 -0.00762432607 -0.00692177028 -0.0063374218 -0.00577099324 0.00220840084 -0.000896236727 -0.00219685133 -0.00339556933 -0.0030748583 0.00300328903 0.00398909061 -0.0022721007 -0.007694883 -0.00592350895 -0.00483395684 -0.00439203095 -0.0034983835 
-0.00304188886 -0.00336402735 -0.00287034705 -0.00239943111 -0.00353726086 -0.00619449221 -0.00590937503 -0.00459161953 -0.0046723298 -0.00583402545 -0.00446761333 -0.00477051132 -0.000243075792 -0.00162316738 -0.00497151027 -0.00546151061 -0.0045675464 -0.00557007882 -0.00705884816 -0.00582693211 -0.00289803333 -0.00288884845 -0.00449115283 -0.00566967913 -0.00728898768 -0.00445916139 0.0030554468 0.00488025947 -9.50866835e-06 -0.000940709105 -0.00296965595 -0.00420975483 -0.00425542186 -0.00348060441 
-0.00310185077 -0.00355293849 -0.00325271355 -0.00318750605 -0.00473795931 -0.00750775998 -0.00634552513 -0.0049724274 -0.00584022724 -0.00643266801 -0.00466352716 -0.00408598908 0.00209533058 -0.000221990888 -0.00375312482 -0.00530642262 -0.00427491974 -0.00442619383 -0.00636196136 -0.00475101366 -0.00191311724 -0.00516705687 -0.00628568998 -0.00706197793 -0.00679975127 -0.00435306033 0.000528261337 -0.000510654178 -0.00105620918 0.0022695633 -0.000618371793 -0.00321079338 -0.00395653533 -0.00336378889 
-0.00326221367 -0.00393657887 -0.00414203472 -0.004528729 -0.00676507853 -0.0110830156 -0.00852969214 -0.00574989207 -0.00493321927 0.00380785882 0.000962015245 -0.00216910473 -0.00643692363 -0.00384685653 -0.00390658823 -0.00500492207 -0.00434586011 -0.00476007344 -0.00522370124 -0.00485176492 -0.00462689105 -0.00291674577 -0.00519377414 -0.00588793188 -0.00268908553 -0.00363720227 -0.00457081472 -0.0131410292 -0.00700588263 -0.00201941778 -0.00225378964 -0.00340677448 -0.0037344545 -0.00312414986 
-0.00344679453 -0.00440964981 -0.005016127 -0.00481232689 -0.00293871184 0.00111728069 0.00166556417 -0.00109292466 -0.00205353606 -0.000290681486 -0.000980482159 -0.00214821067 -0.0031445988 -0.00330978333 -0.0047837948 -0.00344995378 -0.00420476868 -0.0048120572 8.65536756e-05 -0.00321802321 -0.00565407067 -0.00235069888 -0.00435867704 -0.00600538274 -0.00715576083 -0.00458046293 0.000978376846 0.000672307401 -0.00337269195 -0.00639111813 -0.00551706503 -0.00441055311 -0.00360635402 -0.00287554059 
-0.00356803625 -0.00466642742 -0.0052451028 -0.00378902317 0.000768230764 0.00715041397 0.00261937291 -0.000785067638 -0.00128216469 -0.00639242062 -0.00449943062 -0.00260201578 -0.00236310124 -0.00280808825 -0.00313222314 -0.00317286494 -0.00499455784 -0.00514612317 -0.00020508066 -0.00380870122 -0.00563722294 -0.00235070227 -0.0039336085 -0.00473442729 -0.00595676448 -0.00244028901 0.00517385186 0.0083201156 -0.000906747343 -0.00886599564 -0.00773598551 -0.00505480663 -0.00343900574 -0.00262476888 
-0.00356487373 -0.00456875572 -0.00483183004 -0.00319171653 0.000401645554 0.000781309775 -0.0133824104 -0.00669122297 -0.000904932398 -0.011423009 -0.00612116254 -0.00075207209 -0.00742293144 -0.00400283731 -0.00101092721 -0.00695559807 -0.00616437521 -0.0041550468 -0.00800458796 -0.00599168995 -0.00455169518 -0.00519230635 -0.00446870847 -0.0003207158 0.00348770074 0.000461770822 0.00104382724 0.00185745039 -0.003161122 -0.010119178 -0.00806832654 -0.00486565877 -0.00322666485 -0.00244850123 
-0.00346956768 -0.00423503818 -0.00423527993 -0.0031667851 -0.00296984968 -0.0067345826 -0.0142442894 -0.00860351294 -0.00305633764 -0.00556959748 -0.00274504198 0.00194453583 -0.00657171257 -0.00652344724 -0.00920936913 -0.0127583844 -0.00586732233 0.00408049862 0.00322590023 -0.00137607084 -0.00330480379 -0.00517095216 -0.00308475085 0.00273950271 0.00497978846 -0.000800069267 -0.00425455105 0.00183534604 -0.00156707608 -0.00562162521 -0.00583939681 -0.00425303046 -0.00310699057 -0.00244665197 
-0.0033168267 -0.00385214484 -0.00360391703 -0.00306407785 -0.00416358387 -0.0086095204 -0.0110624284 -0.00692219213 -0.00336036845 -0.000767581892 6.20339138e-05 0.00047505237 -0.00342421952 -0.0061478528 -0.0124132864 -0.0109117699 -0.00389063877 0.00400563916 0.00921153498 0.0015952065 -0.00491107243 -0.00320493045 -2.23312808e-05 0.0051000864 0.00211748706 -0.00223195103 -0.00227625832 0.00397087809 -0.000324741697 -0.00474729527 -0.00516265162 -0.00410624873 -0.00317651344 -0.00254291456 
-0.00320409214 -0.00357168891 -0.00310254757 -0.00267726541 -0.00401356109 -0.0065545505 -0.00405666815 -0.00467089403 -0.00509196008 0.00238100992 -0.00264741841 -0.00832668502 0.00660543697 -0.000692938231 -0.00845233846 0.00264703888 -0.00393215844 -0.0111795393 0.00579914307 -0.000707740896 -0.0130469703 -0.000805080503 0.00284294215 0.00295420829 -0.00717769367 -0.00232739609 0.00538677957 -0.000498424326 -0.0040128475 -0.00750920617 -0.00544088059 -0.0039739054 -0.00332615741 -0.00268569389 
-0.00316753238 -0.00347919871 -0.00289881234 -0.00247415555 -0.00360955318 -0.00646509388 -0.00584329052 -0.00517989425 -0.00635446445 -0.00306228215 -0.00349279448 -0.00681771873 -0.00138499202 -0.000496218287 -0.00292588074 -0.00250167581 -0.00539859487 -0.00843613454 0.00826915569 -9.26458368e-06 -0.0138088198 -0.00266868739 -0.0022111923 -0.00840915998 -0.00550236275 -0.00325813365 -0.00174629281 -0.00434779714 -0.00359958646 -0.000918625965 -0.00201472282 -0.00315150908 -0.00330214882 -0.00281485024 
-0.00317496917 -0.00348007946 -0.00294873173 -0.00268895377 -0.00411324329 -0.00719328263 -0.00753582295 -0.0062722043 -0.00661637621 -0.00418123782 -0.00343771398 -0.00553997174 -0.00540690944 -0.000915662324 0.000303412949 -0.00666323337 -0.0084932357 -0.00835950924 0.00641427316 -0.00286252687 -0.0157134142 -0.00682843286 -0.0065600705 -0.0107756777 -0.00583185902 -0.00494677762 -0.00632401938 -0.00711463378 -0.00362008031 0.000497968735 -0.00130387431 -0.00297469517 -0.00330028754 -0.00284378145 
-0.00318363524 -0.00350738186 -0.00300166567 -0.00270267617 -0.00381006705 -0.0059708599 -0.00489882565 -0.00435967954 -0.0032929529 0.000785373946 -0.000973926223 -0.00460351482 -0.00336393074 0.00133650459 0.00412360756 -0.00517512609 -0.0084833931 -0.0124905399 -0.00838341086 -0.00793756651 -0.0149004929 -0.013488498 -0.00486860895 -0.000157180865 -0.0104181997 -0.00673660506 -0.00464188494 -0.00794567239 -0.00622095272 -0.00701371415 -0.00497174328 -0.00391768835 -0.00338829919 -0.00277087556 
-0.00316082111 -0.00345789658 -0.00288001798 -0.00241585161 -0.00306564317 -0.00471504998 -0.00405616184 -0.00291863478 -0.000786712026 0.00287146608 -0.000145421864 -0.00509136515 4.93432189e-05 -0.000406611666 -0.00553630742 -0.000997882655 -0.00402821946 -0.00900077012 -0.00164986615 -0.00261764665 -0.00430623164 -0.000424640559 -0.001254786 -0.000995179765 -0.00215367755 -0.00242294142 -0.00254511659 -0.0050525515 -0.00551658107 -0.00820956372 -0.00627731958 -0.00439105514 -0.00332599044 -0.0026570748 
-0.00311612293 -0.0033478268 -0.00264084767 -0.00223344128 -0.0034265748 -0.00605476734 -0.00548726988 -0.00409392558 -0.00307924282 0.000425848572 -0.00207403416 -0.00566740883 0.000777020043 -0.00227195492 -0.00786303929 8.74807537e-05 -0.00224817348 -0.0057394496 0.00300309625 0.00142664454 0.00156089973 0.00523838939 -0.00102588708 -0.00478613306 0.00259535489 -0.000704432114 -0.00597891065 -0.00722999724 -0.00634926294 -0.00736782002 -0.00561894415 -0.00399083097 -0.00313443994 -0.00256524909 
-0.00305073412 -0.00320058097 -0.00237394106 -0.00199852455 -0.00407310804 -0.0087098436 -0.00767575595 -0.00628985346 -0.00919411723 -0.00653770101 -0.00397122206 -0.00447805451 -0.00192368187 -0.000469805839 -4.78481404e-05 -0.00428549967 -0.00331006315 -0.00336431378 -0.00500849147 -0.00259753458 -0.00244465981 -0.00525891021 -0.00802401693 -0.0102922852 0.00318708214 -0.00312137052 -0.0152687621 -0.0115143607 -0.00664281994 -0.00507224645 -0.00405519484 -0.00341503342 -0.00300851633 -0.00253867001 
-0.00298725919 -0.00309434571 -0.00217212185 -0.00153808456 -0.00280725097 -0.00589157291 -0.00471054711 -0.00440625064 -0.00707752894 -0.00546495036 -0.00390009562 -0.00503908965 -0.00485260703 -0.00313052673 -0.00653669037 -0.0082961485 -0.00391678519 5.76551032e-05 -0.00574881837 -0.00578861326 -0.00712878091 -0.0103750372 -0.00767716512 -0.00340016889 0.000680561738 -0.00335069589 -0.0100756119 -0.0090732808 -0.00570049417 -0.00384903102 -0.00333662381 -0.00319786028 -0.00305748579 -0.00260212613 
-0.00295831112 -0.00308912984 -0.00222021704 -0.0016431884 -0.00304300725 -0.00620668932 -0.0055284387 -0.00489029941 -0.00704065206 -0.00611805485 -0.00506314107 -0.00621439934 -0.00338238082 -0.00352617387 -0.00995290184 -0.0117860162 -0.00474479627 0.000441657116 -0.00731450148 -0.00764666617 -0.00873902847 -0.0107181994 -0.00557021825 0.000703561474 5.62071778e-05 -0.00285547067 -0.0056684034 -0.00582682828 -0.00438366946 -0.00350072925 -0.00331705118 -0.00333441109 -0.00322785927 -0.00272332817 
-0.00296752074 -0.00318506011 -0.00250719493 -0.00216852382 -0.00408229768 -0.00896720802 -0.0101078701 -0.00709278247 -0.00882471888 -0.00920444412 -0.00724776136 -0.00606647066 0.00567016017 0.00183429775 -0.00621676211 -0.0127437877 -0.00598553007 -0.0010062127 -0.00797874804 -0.00702374611 -0.00642783163 -0.00630916562 -0.00385240554 -0.00121573735 -0.00163971952 -0.00320030771 -0.00421285762 -0.00430247055 -0.0039087211 -0.00363759287 -0.00359815672 -0.00360465454 -0.00342144114 -0.00284350771 
-0.0030029829 -0.00335749539 -0.00292749923 -0.00257735644 -0.00336915427 -0.00551408747 -0.00604436599 -0.00473308698 -0.00521880646 -0.00597930005 -0.00532729521 -0.00501424514 0.00128154942 -0.00102202778 -0.00869084949 -0.0095235401 -0.00349779984 0.0035735917 -0.000683743613 -0.00315438229 -0.0038218664 -0.00378443356 -0.00346426295 -0.00305091845 -0.00338868783 -0.00396500238 -0.00419548096 -0.00416706158 -0.00398727467 -0.00387938245 -0.00385583052 -0.00381820718 -0.00356301867 -0.00292283364 
-0.0030353507 -0.00353667476 -0.00336018491 -0.00298713452 -0.00288151403 -0.00316281378 -0.00301210223 -0.00257592856 -0.00274164044 -0.00369651526 -0.00432508415 -0.00499754963 -0.00299832727 -0.00503380402 -0.0106555039 -0.00734679975 -0.000846364335 0.00602933906 0.00253330992 -0.0012481683 -0.00279556614 -0.00326439934 -0.003618127 -0.00388255792 -0.0041265294 -0.00431715269 -0.00431987151 -0.00423815727 -0.00409994173 -0.00405718662 -0.0040341084 -0.00394301158 -0.00364494845 -0.00296739917 
-0.00303067691 -0.00364228894 -0.00369119475 -0.00347047843 -0.00312787036 -0.00283312221 -0.0025356545 -0.00228234508 -0.00231755086 -0.00276082634 -0.00341793945 -0.00411210066 -0.00404859397 -0.00535376072 -0.00729963515 -0.00551110175 -0.00178474969 0.00143816142 0.000166716155 -0.00201773406 -0.00327636379 -0.00365185099 -0.00395517452 -0.00416829515 -0.00430050812 -0.00435686942 -0.00431752511 -0.00425392658 -0.00415590864 -0.00412052373 -0.00409291515 -0.00398292676 -0.00365812657 -0.00296296394 
-0.0029418164 -0.00361160906 -0.00381887783 -0.0037904472 -0.00359001165 -0.00334705476 -0.00313225154 -0.00295610102 -0.00288414815 -0.00293417205 -0.0032185513 -0.00348526228 -0.00370296281 -0.00420387434 -0.00474571888 -0.004330371 -0.00312615462 -0.00225248704 -0.00258175909 -0.00337413788 -0.00386619603 -0.00398010955 -0.00407181503 -0.00414647424 -0.00417996339 -0.00418778356 -0.00414356142 -0.00409933926 -0.00404755269 -0.00402550831 -0.00399186952 -0.00387879179 -0.00355323075 -0.00286526915 
-0.00266695474 -0.00331462867 -0.00358600203 -0.00365158029 -0.00357940802 -0.00346568884 -0.00335151128 -0.00323848809 -0.00313916667 -0.00307982715 -0.00311521682 -0.00319027678 -0.0032533275 -0.00340027264 -0.00358965498 -0.00364316626 -0.00355510034 -0.0035051701 -0.00364786469 -0.00382267861 -0.00391053916 -0.0038785767 -0.00386181573 -0.00383736952 -0.00382090385 -0.00380365863 -0.00377258092 -0.00374899743 -0.0037144865 -0.00369990541 -0.00366703177 -0.00355707426 -0.00324911752 -0.002610834 
-0.00213049364 -0.00266425731 -0.0029173359 -0.00301572884 -0.00301489577 -0.00297629157 -0.00292987558 -0.00287049044 -0.0028075447 -0.00273835318 -0.00271147341 -0.00269419459 -0.00269403004 -0.00272643913 -0.00281293449 -0.0029314238 -0.00305474267 -0.00316158473 -0.00325492638 -0.00329093024 -0.00328095914 -0.0032156006 -0.00316704145 -0.00312610016 -0.00309353338 -0.00306971793 -0.00304393785 -0.00303083874 -0.00300981882 -0.00299744134 -0.00296547332 -0.00286685674 -0.00260969863 -0.00209251473 
-0.00216568272 -0.00272899529 -0.00301535417 -0.0030946659 -0.00304346869 -0.00289801931 -0.00275515055 -0.00264088136 -0.00258358203 -0.00256290895 -0.00257061928 -0.00255776339 -0.00253554552 -0.00250816877 -0.00249930536 -0.00250559715 -0.00249941221 -0.00254917286 -0.00265003224 -0.00279675159 -0.0030104727 -0.00327529313 -0.00358728683 -0.00388526537 -0.00407407213 -0.00413408785 -0.00409316742 -0.0039805645 -0.0038048085 -0.00360938496 -0.00339595771 -0.00315110218 -0.00279281871 -0.0022022721 
-0.0027363631 -0.00345401822 -0.00379057059 -0.00381721269 -0.00363252306 -0.00333411851 -0.0030934106 -0.00292164991 -0.00280520461 -0.00275491534 -0.00274560909 -0.00272857344 -0.0026841241 -0.00268782801 -0.00273734391 -0.00276583103 -0.00274567426 -0.00286545586 -0.00307711156 -0.00328203275 -0.00353947965 -0.00400633452 -0.00464913645 -0.00523292527 -0.0055795649 -0.00573215362 -0.0056979055 -0.0055316706 -0.00524631791 -0.00486618411 -0.0044801331 -0.00410679039 -0.00361757174 -0.0028357516 
-0.00304390598 -0.00381102683 -0.0041730515 -0.0040299543 -0.00349743493 -0.00310628784 -0.00315755159 -0.00301254987 -0.00275548255 -0.00264065608 -0.0025572153 -0.00244176501 -0.00240575289 -0.00252922141 -0.00287056095 -0.00291091239 -0.00263581237 -0.00299074862 -0.00362104656 -0.00346742309 -0.00324957938 -0.0040827874 -0.00526787296 -0.00596827901 -0.00641807604 -0.00674879501 -0.00673937637 -0.00662502988 -0.0062659483 -0.0055908083 -0.0050321001 -0.00466791647 -0.00413882599 -0.00323488485 
-0.00315423184 -0.00392008258 -0.00417665747 -0.00367963929 -0.00274561277 -0.00241737306 -0.0042597043 -0.0040512308 -0.00355505979 -0.00328171897 -0.00277172637 -0.00265381333 -0.00284919912 -0.00315026089 -0.00429172853 -0.00415310997 -0.00316960529 -0.0037993009 -0.00558674183 -0.00404294174 -0.00195039572 -0.00332455216 -0.00500894879 -0.00519500021 -0.00507874745 -0.00586409079 -0.00576550984 -0.006201514 -0.00611388793 -0.00490518116 -0.00462663978 -0.00472076886 -0.00441601995 -0.00348755787 
-0.00319198796 -0.00391737086 -0.00399368418 -0.00332815266 -0.00226683465 -0.00188736813 -0.00773811441 -0.00607958534 -0.00519081278 -0.00495040566 -0.0034362745 -0.00376418919 -0.00465735177 -0.00487412188 -0.00748624941 -0.00701047103 -0.00451280054 -0.00498590562 -0.00958883013 -0.0054768121 -0.000497677661 -0.00305807072 -0.00433638285 -0.00279887748 -0.000806411447 -0.00244435758 -0.00172601687 -0.00342837418 -0.00417014954 -0.00202708682 -0.00304099603 -0.00435364868 -0.00456058405 -0.00368258374 
-0.00315876077 -0.00377175013 -0.00375046024 -0.00340834818 -0.00314650696 -0.00459920749 -0.0082834699 -0.0061115013 -0.00535563957 -0.00463178231 -0.00345164063 -0.0042152268 -0.00553325987 -0.00560765993 -0.00820046371 -0.00799275194 -0.00514471868 -0.00534836277 -0.00814595268 -0.00635670742 -0.00514942385 -0.00398208562 -0.00443685857 -0.00276003213 0.00226048593 0.000926375921 0.00199890438 4.25048021e-05 -0.00110437998 0.00136366663 -0.00104797247 -0.0036813319 -0.00452373178 -0.00376434148 
-0.00311040511 -0.00360156363 -0.00355894861 -0.00379266926 -0.00631046156 -0.00943892518 -0.00180553476 -0.00254478103 -0.00392383134 -0.00200935033 -0.00278430347 -0.00385181989 -0.0034778157 -0.00305694073 -0.00461413032 -0.00565933176 -0.00516395538 -0.00375997639 0.00301272589 -0.00672233345 -0.0155893042 -0.00357886925 -0.00558105129 -0.00728063585 0.00144940001 0.000965470635 0.0023593638 0.00198891651 0.000963811361 0.00423052218 0.000801815529 -0.00294469638 -0.00433816894 -0.0037383632 
-0.00307304331 -0.0035320824 -0.00327161657 -0.00300132369 -0.00330784845 -0.00403614842 -0.00483630446 -0.00338136482 -0.00329493829 -0.00695024402 -0.00546316188 -0.00544315758 -0.00164539411 -0.00163727172 -0.00378196992 -0.00570910253 -0.0038872329 -0.00126609815 0.00140593657 -0.00282379125 -0.00561059653 -0.00541859474 -0.0059344626 -0.00540047778 -0.00117082621 -0.00231100107 -0.0012963626 -0.00100492425 -0.000363734825 0.00415053494 0.000654199423 -0.0029304729 -0.00427410377 -0.00370893335 
-0.0030498137 -0.0034229282 -0.00293288211 -0.00213330535 -0.00198560523 -0.00362331564 -0.00862580961 -0.00529227801 -0.0038505983 -0.00731916685 -0.0061861495 -0.0063303039 -0.0042084361 -0.00374092268 -0.00593891928 -0.00680769255 -0.00449291019 -0.00293735185 -0.00222427948 -0.00218324412 -0.00121682134 -0.00225805762 -0.00331971124 -0.00255177321 -0.00118172314 -0.0027677374 -0.000655879138 6.85548142e-05 -0.000963707013 4.47400847e-05 -0.0022812975 -0.00407140546 -0.00443148782 -0.00366892347 
-0.00301149605 -0.00329658069 -0.00273911249 -0.00221106837 -0.00405512532 -0.00904479198 -0.00979037448 -0.00621043869 -0.00375177838 0.00015382593 -0.00229744874 -0.00516756022 -0.0096204333 -0.00694784184 -0.00805819397 -0.00669475929 -0.00588223802 -0.00806676452 -0.00735330802 -0.00688696205 -0.0057325543 0.00341903679 -8.75671292e-05 -0.0019405922 -0.00311333554 -0.00249046001 0.00375223754 0.00487516833 -0.00216508589 -0.0079705537 -0.0062092606 -0.00508377023 -0.00457643027 -0.00361556744 
-0.00300808251 -0.00328073547 -0.00276454194 -0.00235880419 -0.00363703083 -0.00630664295 -0.00592465536 -0.004551746 -0.0046968779 -0.00627759967 -0.00490707073 -0.00485165948 0.000293823145 -0.00153636838 -0.00519177958 -0.00580857222 -0.00482257059 -0.00579533268 -0.00733526814 -0.00582876634 -0.00269894041 -0.00259929237 -0.00435200256 -0.00581605144 -0.0074429631 -0.00397762706 0.0039198223 0.00620027463 0.00091887848 -0.000556531652 -0.00300567169 -0.00437215207 -0.00440075463 -0.00357725885 
-0.00308760854 -0.00350746151 -0.00321928327 -0.00328459357 -0.00505239437 -0.00779103335 -0.00652809013 -0.00511761811 -0.00589374537 -0.00657459156 -0.00481316918 -0.00397552972 0.00277532375 0.000114357879 -0.0037355483 -0.00550011093 -0.00434617675 -0.00443875622 -0.00641047606 -0.00452501345 -0.00171940425 -0.00525278171 -0.00651222199 -0.00736827173 -0.0068224379 -0.00393943697 0.000950481499 -0.000155286984 -0.000474122741 0.00272373168 -0.000488807557 -0.00326791242 -0.00405127177 -0.00343544494 
-0.00327420097 -0.00393443563 -0.00414770272 -0.00470455031 -0.00735037873 -0.0115669458 -0.00900203607 -0.00621978241 -0.00473044955 0.00529190771 0.00201030488 -0.00187565232 -0.00699165125 -0.00412848531 -0.00399448616 -0.0051551106 -0.00444156661 -0.00469156293 -0.00505851164 -0.00477692773 -0.00451958423 -0.00250999629 -0.00516591852 -0.00597486681 -0.00218144793 -0.00313494582 -0.00474171575 -0.0145902277 -0.00764710233 -0.00208527157 -0.00224350955 -0.00344073901 -0.00378777766 -0.00316701675 
-0.00348128027 -0.00441727951 -0.00490601073 -0.00439446758 -0.00210525281 0.00195096799 0.00241168738 -0.000775266722 -0.00172234631 0.000330606718 -0.000462640938 -0.00191076242 -0.00329336095 -0.00363956308 -0.004927454 -0.00341509458 -0.00438094317 -0.00464491504 0.00109604276 -0.00288968195 -0.00552758 -0.00166149316 -0.00404004732 -0.00611057219 -0.00727807415 -0.00416679574 0.0014412041 0.000968704782 -0.00362011667 -0.00671760917 -0.00567359517 -0.00446825405 -0.00363289567 -0.00289640229 
-0.00361225301 -0.00465856275 -0.00497100511 -0.00287834964 0.00240602375 0.00840664104 0.00313852001 -0.000466189222 -0.00118917686 -0.00684693547 -0.0046457283 -0.00258651304 -0.00249881027 -0.0029539135 -0.00311616531 -0.00317956171 -0.00521817586 -0.00507950867 0.000432703119 -0.00366300439 -0.00566392856 -0.00195705476 -0.00373430331 -0.00478575653 -0.00598716298 -0.00195284713 0.00591706893 0.00932434195 -0.000838606433 -0.00922518565 -0.00798030219 -0.00512928395 -0.00345132003 -0.00263034576 
-0.00359802386 -0.00453427412 -0.00450632388 -0.00222187763 0.00192302238 0.00121872779 -0.0149565618 -0.00708352882 -0.00103809803 -0.012564639 -0.00623964887 -0.000768424338 -0.00845799796 -0.00430542704 -0.00106631227 -0.00747711012 -0.00625729195 -0.00404888133 -0.00840577342 -0.00610660488 -0.00465933323 -0.00534405404 -0.0044637368 -1.91939995e-05 0.00437662631 0.000986805645 0.0014364853 0.00231834804 -0.00328497585 -0.0105215943 -0.00830461747 -0.00492779934 -0.00323198421 -0.00244766717 
-0.00347978858 -0.00417432254 -0.00397254284 -0.00258858672 -0.00241029069 -0.00700905786 -0.0158497729 -0.00938010548 -0.0031627841 -0.005660882 -0.00208659246 0.00222407088 -0.00791921929 -0.00773272997 -0.010103232 -0.0137563522 -0.00553865428 0.00509749922 0.00437572817 -0.000650817413 -0.00307203873 -0.00501698939 -0.0026421819 0.00332612717 0.00569367588 -0.00095977245 -0.00427471726 0.00282722989 -0.0010212367 -0.00558916951 -0.00592672544 -0.00428364565 -0.00310876519 -0.00244629328 
-0.00329736574 -0.00376009569 -0.00340422965 -0.00278751153 -0.00405131263 -0.0088983755 -0.0119063301 -0.00744967239 -0.00331179608 -0.000296757029 0.000646839623 0.000762617502 -0.00388504945 -0.00713007382 -0.0133346134 -0.0116264714 -0.00392032645 0.00482837346 0.0109299306 0.00251875087 -0.0044986946 -0.00225650682 0.00122462468 0.00590148329 0.00229942786 -0.00246802235 -0.00224214639 0.0047761351 8.40941946e-05 -0.00472353821 -0.00521822016 -0.004122651 -0.00317405835 -0.0025424819 
-0.00315955874 -0.003450394 -0.00291754803 -0.00253893606 -0.00408206539 -0.00660038689 -0.00401360191 -0.00505596934 -0.00514676892 0.00289250767 -0.00330069376 -0.00854917223 0.00801961741 -0.000757010944 -0.00889635224 0.00279541449 -0.00543917781 -0.0117761666 0.00733934361 -0.000583522399 -0.0130838496 0.00106318656 0.00478487991 0.00365396814 -0.00770790581 -0.00190706663 0.00588255321 -0.000801427749 -0.00453695784 -0.00782769262 -0.00549964253 -0.00395920713 -0.00331139008 -0.00268121474 
-0.00310687449 -0.00333729608 -0.00269874457 -0.00234199944 -0.00367122485 -0.00655281934 -0.00605701696 -0.00558448901 -0.00658611228 -0.00312295684 -0.00394951376 -0.00707005038 -0.000911055288 -0.000261963724 -0.00326647655 -0.00374898762 -0.00750980532 -0.00915230103 0.0102046464 0.000221836838 -0.0140693861 -0.00129312434 -0.00168820607 -0.00859142771 -0.00540686137 -0.00305510498 -0.00168031646 -0.0047035432 -0.00358048826 -0.000661059744 -0.00181206843 -0.00304411401 -0.00325491372 -0.00279720474 
-0.00310422032 -0.00332218535 -0.00272467435 -0.00251350376 -0.00410894619 -0.00721991212 -0.00772583872 -0.00652655844 -0.00667400833 -0.00411393185 -0.00353093369 -0.00565186881 -0.00535202886 -0.000528782407 9.80683915e-05 -0.00845541585 -0.0107753234 -0.00929192095 0.00755209549 -0.00297156584 -0.0162461163 -0.00628122216 -0.00646909326 -0.011134393 -0.0060065814 -0.00515408031 -0.00660354013 -0.0076304658 -0.00364592305 0.000788815023 -0.00104096646 -0.00281527184 -0.00321896454 -0.00280676492 
-0.00310610716 -0.00333578976 -0.0027499598 -0.00246244825 -0.00367910882 -0.00577739789 -0.00461029345 -0.00416250409 -0.00290217803 0.00146980325 -0.000822334168 -0.00468451985 -0.00315228172 0.00203870822 0.00423062008 -0.00658541939 -0.0104356125 -0.0137085486 -0.00892317884 -0.00849818212 -0.015384622 -0.0134387607 -0.00373385751 0.000338339112 -0.0114227563 -0.00717419898 -0.00492795906 -0.00890603868 -0.00714152267 -0.0074287102 -0.00494717752 -0.00378276292 -0.00328222217 -0.00271414721 
-0.00307729288 -0.00327688431 -0.00261177226 -0.00213834476 -0.00283926567 -0.00444093851 -0.00369562945 -0.00253108012 -0.000226901541 0.00362256627 -0.000287204581 -0.00540258197 0.000190803303 -0.000942605022 -0.00608362219 -0.00112632134 -0.00491443314 -0.00946983279 -0.000755191712 -0.00196011871 -0.00364821102 0.00103339758 -1.12663634e-05 -0.000233524469 -0.00164556131 -0.00197519821 -0.00243955138 -0.00562329627 -0.00634014209 -0.00871819127 -0.00632814219 -0.00426009596 -0.00320126427 -0.00258592712 
-0.00302947021 -0.00316768051 -0.00239720927 -0.00204324724 -0.00339495453 -0.00603280226 -0.00548806452 -0.00410482838 -0.00290498216 0.000735983993 -0.00241536504 -0.00602698067 0.000858486889 -0.00290115725 -0.00837988091 0.000288085288 -0.00249396767 -0.00570935914 0.00416899117 0.002414377 0.00239347282 0.00634257333 -0.000717607322 -0.00446278001 0.00372628662 -7.2151266e-05 -0.00593535024 -0.00758594735 -0.00679428936 -0.00758793557 -0.00555509814 -0.0038291267 -0.00300417864 -0.0024920503 
-0.00296131095 -0.00302249387 -0.00215992095 -0.00194814272 -0.00440170794 -0.00906520821 -0.00816227997 -0.00695697142 -0.00964977687 -0.00689045084 -0.00431128291 -0.00473405829 -0.00195319928 -0.000233486431 -6.302889e-06 -0.00464606027 -0.00335123307 -0.00335212448 -0.00537150466 -0.00265704262 -0.00255190982 -0.00615817691 -0.00945752141 -0.0107733726 0.00422153938 -0.00328255868 -0.0159728194 -0.0118982483 -0.00672656987 -0.00497695353 -0.00387317928 -0.00324109262 -0.002891098 -0.00247588098 
-0.00289723632 -0.00291499711 -0.00195076469 -0.00142751277 -0.00293925392 -0.0060579275 -0.00488376415 -0.00477803427 -0.00737220942 -0.00567664227 -0.00418838342 -0.00535186284 -0.00536419323 -0.00360425497 -0.00702413869 -0.00875585268 -0.00356495761 0.000278533449 -0.00660666993 -0.00653601205 -0.00778486522 -0.0116017951 -0.00848777086 -0.00347004929 0.00117528074 -0.00341671733 -0.0105008972 -0.0092972802 -0.00563610105 -0.00366526742 -0.00314737327 -0.00305453383 -0.0029708872 -0.00255826122 
-0.00287379342 -0.00291917859 -0.00200243999 -0.00151187468 -0.00313678444 -0.00638584447 -0.0057978028 -0.00525137883 -0.00735788691 -0.00653629599 -0.00559534601 -0.00642752379 -0.00325701729 -0.00366127321 -0.0104234336 -0.012325205 -0.00437227784 0.000698609047 -0.00820785232 -0.00844348094 -0.00922793071 -0.011365667 -0.00563223012 0.0010452133 0.000398302552 -0.0027669905 -0.0057673633 -0.00585732894 -0.00428391566 -0.00335539159 -0.00318771796 -0.00324533055 -0.00317850987 -0.0026996966 
-0.0028961365 -0.00304138005 -0.00232329683 -0.00209774322 -0.00434558809 -0.00942966959 -0.0109529579 -0.00780279282 -0.00941948013 -0.0102354867 -0.008342664 -0.00609509856 0.00735513021 0.00291157997 -0.00620151241 -0.0133500209 -0.00570621645 -0.000738007253 -0.00877681851 -0.00756308376 -0.00650085468 -0.00624725514 -0.00360826949 -0.000895864043 -0.00140429994 -0.00310182427 -0.00418077787 -0.00426514894 -0.00383878826 -0.00355834855 -0.00353443217 -0.00356403277 -0.0034017101 -0.00283580671 
-0.00295029788 -0.00324624713 -0.00277007298 -0.00243902161 -0.00335617811 -0.00563520652 -0.0063299825 -0.00494334336 -0.00544943996 -0.00661274419 -0.00606460847 -0.00508292694 0.00211092319 -0.000742949829 -0.00889903533 -0.00948975471 -0.00257196632 0.00447601504 -0.000531171884 -0.00311396453 -0.00359552508 -0.00348147294 -0.00319728379 -0.00285221365 -0.00327721183 -0.00391713105 -0.00417444296 -0.00414747937 -0.00395805434 -0.00384911978 -0.00383439055 -0.00380709495 -0.00356030661 -0.00292362357 
-0.00300272969 -0.00346128127 -0.00323192636 -0.00281491895 -0.00268362585 -0.00297749766 -0.00282155894 -0.00233698443 -0.0025530498 -0.00379697746 -0.00461617304 -0.00510324549 -0.00295381591 -0.00543311351 -0.0110842779 -0.00710774709 0.000212152039 0.00707766902 0.00307746781 -0.000946139686 -0.00249802118 -0.00298877881 -0.00342396517 -0.00377441575 -0.004080927 -0.00430854764 -0.00432389708 -0.00424064933 -0.00409755428 -0.0040557975 -0.0040352795 -0.00394688693 -0.00365056103 -0.00297246946 
-0.00301489452 -0.00360091412 -0.00361022128 -0.00333705333 -0.00293646733 -0.00259257924 -0.0022419658 -0.00193799618 -0.00198145814 -0.00254327507 -0.00333137653 -0.00409641019 -0.0041420312 -0.00567182022 -0.00757326658 -0.0054174938 -0.00129239221 0.00197382475 0.000521503056 -0.00179075691 -0.00308635261 -0.00349358328 -0.00385316923 -0.00412024196 -0.00429050219 -0.00436608681 -0.004333497 -0.00426849243 -0.0041655686 -0.00412972558 -0.00410244145 -0.00399163777 -0.00366585085 -0.00296862578 
-0.00293780913 -0.00359642578 -0.00378376594 -0.00372491823 -0.00348397801 -0.00320005549 -0.0029375307 -0.00271642911 -0.00262140111 -0.00269382203 -0.00303537718 -0.00338166577 -0.00370540927 -0.00431480376 -0.00487226838 -0.00436233862 -0.00304578663 -0.00214005406 -0.00249446278 -0.00330667127 -0.00379977299 -0.0039219592 -0.0040356945 -0.0041339917 -0.00418490164 -0.00420099198 -0.00415829575 -0.00411250845 -0.00405779488 -0.00403457457 -0.00400020771 -0.00388601454 -0.00355908005 -0.00286932172 
-0.00266814557 -0.00331245858 -0.00357702323 -0.00362986374 -0.00353697416 -0.00340009863 -0.00325743099 -0.00311361542 -0.00298716321 -0.00292046284 -0.00297549859 -0.00309535121 -0.00321484918 -0.00342196443 -0.00364788904 -0.00371169038 -0.00361420518 -0.00355400365 -0.00368552363 -0.00384384701 -0.00391621562 -0.00387802103 -0.00386463446 -0.00384528522 -0.00383365156 -0.00381781857 -0.00378658152 -0.00376068529 -0.00372360042 -0.00370765495 -0.00367381692 -0.00356254974 -0.0032532937 -0.00261357416 
-0.00213277555 -0.0026665151 -0.00291869977 -0.00301320844 -0.0030038681 -0.00295505999 -0.0028937922 -0.00281756853 -0.00273676781 -0.00265856537 -0.00263645287 -0.0026380455 -0.00266507511 -0.00272963658 -0.00284554309 -0.00298605345 -0.00311962721 -0.00322637651 -0.0033103073 -0.0033320044 -0.00330756914 -0.00323312625 -0.00318145092 -0.00313902329 -0.00310602425 -0.00308085986 -0.00305388699 -0.00303900747 -0.00301607173 -0.00300262932 -0.00296983074 -0.00287020565 -0.00261215311 -0.00209409101 
-0.00218673423 -0.00275557335 -0.00303941564 -0.0031040795 -0.003026599 -0.00284948799 -0.00267873426 -0.00254468222 -0.00247921081 -0.0024576188 -0.0024667036 -0.00245307554 -0.00242663418 -0.0023935772 -0.00238200616 -0.00239201791 -0.00239431581 -0.00246232923 -0.00259588689 -0.0027832653 -0.00304537918 -0.00336558805 -0.00373202387 -0.00407472675 -0.00429015121 -0.00436013467 -0.00431495035 -0.00418441527 -0.00397766882 -0.00374473899 -0.00349391798 -0.00321688108 -0.0028341183 -0.00222701794 
-0.00276539663 -0.00348749851 -0.00380988318 -0.00379555566 -0.00356019325 -0.00322311076 -0.0029583959 -0.00276434102 -0.00263007622 -0.00257267333 -0.00256434906 -0.00254475967 -0.00249519797 -0.00249259925 -0.00253284308 -0.00255676804 -0.00254619565 -0.00270357377 -0.00297540681 -0.00324518356 -0.00357763501 -0.00413976114 -0.00488196878 -0.00553435126 -0.00591175775 -0.00608362227 -0.00605450721 -0.00586947341 -0.00553808894 -0.00509805919 -0.00465160076 -0.0042244351 -0.00369186896 -0.00287973622 
-0.0030736483 -0.00383505193 -0.00415124178 -0.0039007198 -0.00327013744 -0.00290746668 -0.00305020931 -0.00290328859 -0.00258553396 -0.00244503663 -0.00234703395 -0.00222236288 -0.00220114509 -0.00233128606 -0.00264598555 -0.00263922142 -0.00234711487 -0.00279017122 -0.00353646365 -0.00341623314 -0.00325161553 -0.00423527283 -0.00555920946 -0.00629845624 -0.00672901795 -0.00707763415 -0.00712248266 -0.0070221301 -0.00661531271 -0.00587712513 -0.00526406018 -0.00484281766 -0.00425408742 -0.00330337417 
-0.00317739229 -0.00391640725 -0.00406514674 -0.00334516823 -0.00223894223 -0.00214211402 -0.00445935546 -0.00426803683 -0.00359735411 -0.00325561737 -0.00268139046 -0.00255158124 -0.00285469126 -0.00321281035 -0.00427565671 -0.00400980705 -0.00292090727 -0.0037110101 -0.00577122269 -0.00404199938 -0.00186678413 -0.00343517686 -0.00523447346 -0.00532757157 -0.00496467906 -0.00575271616 -0.00585555652 -0.00640797882 -0.00629275868 -0.00508661154 -0.00485144874 -0.00493910501 -0.00457715415 -0.00358643934 
-0.00320613245 -0.00389110822 -0.00382694695 -0.00287311188 -0.00153043054 -0.00161517073 -0.00850743731 -0.00673571865 -0.00549702562 -0.00519419979 -0.00354308928 -0.00386577518 -0.00505052403 -0.00542263136 -0.00788316756 -0.00724309865 -0.00448084473 -0.00515913602 -0.0103779854 -0.00564595664 -0.000391458232 -0.00313977685 -0.00437893373 -0.00254719964 0.000175252287 -0.0014325963 -0.00117963 -0.00313033342 -0.00384982606 -0.00187712666 -0.00317284584 -0.00459669816 -0.00476786959 -0.0038144751 
-0.0031568777 -0.00372966137 -0.00363535 -0.00318183973 -0.00284781193 -0.00453438816 -0.00871954873 -0.00648075471 -0.00549982942 -0.00473347676 -0.00352195033 -0.00429475396 -0.00587656945 -0.00610385427 -0.00862054966 -0.00839027567 -0.00538642563 -0.00561746579 -0.00878565328 -0.00695686546 -0.00551408107 -0.00404538753 -0.00449128815 -0.00245132626 0.00361540783 0.00242540422 0.00296225432 0.00080954801 -0.000298810661 0.00184369994 -0.00105296209 -0.00391995278 -0.00475923496 -0.0039209759 
-0.00309311699 -0.00354314537 -0.00348746761 -0.00388379634 -0.00681678278 -0.00958894035 -0.00119069379 -0.00217396865 -0.0037664065 -0.00193694534 -0.00289634308 -0.00388149162 -0.00340979409 -0.00301556351 -0.00470528849 -0.00602683563 -0.00567529975 -0.0038017599 0.00346426992 -0.00773018991 -0.0165293014 -0.00340180682 -0.00586582402 -0.00726358978 0.00281088439 0.00248910961 0.00341249044 0.00314449529 0.00226893771 0.00507561274 0.00095653321 -0.0031463439 -0.00457821398 -0.00390530039 
-0.00304164698 -0.00344394578 -0.00311807401 -0.00279374325 -0.00304004227 -0.00380066754 -0.00464746639 -0.00303511843 -0.00322516046 -0.00770848501 -0.00623976856 -0.00573338762 -0.00137467236 -0.00145033403 -0.00384966646 -0.00613478959 -0.00415111277 -0.00107141471 0.00207786612 -0.00261701892 -0.00577803256 -0.00551362443 -0.00612264751 -0.00535882685 -0.000202160081 -0.00128965554 -0.00057263833 -5.06960797e-05 0.00097055041 0.00508463235 0.000847649978 -0.00311662239 -0.00451126326 -0.00387650407 
-0.00300880536 -0.00331291833 -0.00271893981 -0.00179379883 -0.00155082791 -0.00342747723 -0.00887454589 -0.00526184581 -0.0038188484 -0.00783209357 -0.00680456732 -0.00671311212 -0.00445356993 -0.00406245679 -0.00631691879 -0.00732311874 -0.00483088042 -0.00295313081 -0.00196599939 -0.00187869497 -0.00099368998 -0.00188459997 -0.00300918095 -0.00233664093 -0.000547908634 -0.00208261598 -0.000116079472 0.000789896199 -0.000171078274 0.000459034852 -0.00232740978 -0.00430756871 -0.00466106523 -0.00382595942 
-0.00296641486 -0.00318490514 -0.00256412384 -0.0020926164 -0.00423455325 -0.00930086904 -0.0101610666 -0.00638422621 -0.00360658987 0.000606253024 -0.00217631062 -0.00540892973 -0.0104965763 -0.00781521837 -0.00868647568 -0.00724702677 -0.00651988297 -0.00855011124 -0.00781076517 -0.00746858417 -0.00570426306 0.00460091493 0.000785244273 -0.00164854824 -0.00280260046 -0.00181900407 0.00458049583 0.00583024848 -0.00194769315 -0.00814493536 -0.00646478881 -0.005348146 -0.00478612931 -0.00375457278 
-0.0029707143 -0.00318748989 -0.00264637485 -0.0023247879 -0.00378140262 -0.00647251539 -0.00597916996 -0.00454249712 -0.00473597455 -0.00671250549 -0.00538195529 -0.00495068464 0.000816375236 -0.00144872609 -0.0054402547 -0.00620603734 -0.00515229794 -0.00609191228 -0.00766488145 -0.00586900715 -0.00251411747 -0.00227892469 -0.00417287684 -0.00594758718 -0.00756549906 -0.00340309467 0.00490047543 0.00762102835 0.00198384964 -9.1325415e-05 -0.00301564958 -0.00454306556 -0.00456586558 -0.00369132851 
-0.0030726719 -0.00345635695 -0.00318053007 -0.003395774 -0.00541945833 -0.00813367207 -0.00675547715 -0.00530635277 -0.00596950465 -0.00669675003 -0.0049643727 -0.00385025582 0.00345669193 0.00047720989 -0.00372318511 -0.0057247032 -0.00447395119 -0.00450747854 -0.00649321144 -0.00430970701 -0.00152480376 -0.00531082113 -0.00673430239 -0.0076838055 -0.00682545387 -0.0034308604 0.00148006567 0.000279975446 0.000194224491 0.00323173965 -0.000339493828 -0.00332866559 -0.00415876587 -0.00351926471 
-0.00328965488 -0.00393239082 -0.00414806372 -0.00487288177 -0.00793338574 -0.0120155939 -0.00944441649 -0.00670219713 -0.00452438844 0.00675959462 0.00313714165 -0.00151750201 -0.00748402777 -0.00443473549 -0.00411321637 -0.00532551515 -0.00457983723 -0.00465589619 -0.00488983434 -0.00468692239 -0.00439288833 -0.00209139353 -0.00510454272 -0.0060591299 -0.00169042933 -0.00255279394 -0.00480980762 -0.0159155971 -0.0083074965 -0.00217870831 -0.00224444552 -0.00348291954 -0.00384964174 -0.00321780474 
-0.00352279332 -0.00442877271 -0.00478202887 -0.00392105307 -0.00115878722 0.00289654878 0.00321840169 -0.000411294914 -0.00135108075 0.00100658896 0.000124744678 -0.0016348225 -0.00346209362 -0.00402367296 -0.00510636951 -0.00341242824 -0.00459390631 -0.00449522745 0.00211517413 -0.0024988793 -0.00535353234 -0.000918360234 -0.0036386941 -0.00617506293 -0.0073521364 -0.00365748386 0.00199527815 0.00128836571 -0.00387771263 -0.00707286892 -0.00585401804 -0.00453775821 -0.00366547445 -0.00292110717 
-0.00366494676 -0.00465526963 -0.00467351527 -0.00187503002 0.0042388044 0.00983898701 0.00374321531 -0.000103485124 -0.00106902727 -0.00727552206 -0.0048037441 -0.00257336745 -0.00267454385 -0.00315788215 -0.00314106789 -0.00322473288 -0.00548092861 -0.00502712228 0.00107783608 -0.00346343716 -0.00565234616 -0.00152340647 -0.00346010901 -0.00479089343 -0.00595938253 -0.0013673694 0.00676047716 0.0103683449 -0.000734249149 -0.00959152233 -0.00824367148 -0.00521503573 -0.00346805235 -0.00263762151 
-0.00363813648 -0.00450094025 -0.00415480775 -0.00116675847 0.00359269866 0.00177826901 -0.0164280048 -0.00754405458 -0.00122701059 -0.0136630053 -0.00638322121 -0.000802672746 -0.00949993699 -0.00472102438 -0.00123606125 -0.0080468219 -0.00639564589 -0.00393498302 -0.00871914411 -0.00619163472 -0.00475481363 -0.00546209882 -0.00439945708 0.000328814557 0.00528533468 0.00159757875 0.0019104423 0.00285436045 -0.00335446282 -0.0108965659 -0.00854409638 -0.00499804683 -0.00324052055 -0.00244776539 
-0.00349254235 -0.00410807723 -0.00368201368 -0.00194906596 -0.00177008791 -0.00725804541 -0.0175273108 -0.0102925204 -0.00333744567 -0.00575769259 -0.00138825602 0.00252350818 -0.00932078858 -0.00913053955 -0.0111557481 -0.0148356367 -0.00524304483 0.00614295199 0.00560070343 0.000180040519 -0.00277099046 -0.00478656801 -0.00207031527 0.00404846021 0.00649390595 -0.00105181553 -0.00423563605 0.00388299719 -0.000380367163 -0.00552132529 -0.00601179776 -0.00431818426 -0.00311201284 -0.00244576722 
-0.00327578526 -0.0036558973 -0.00317543688 -0.00247192806 -0.00391911203 -0.00920632686 -0.0128297701 -0.00808977691 -0.00331566205 0.000186440741 0.00128973678 0.00107813939 -0.00437097298 -0.00824430871 -0.0143889152 -0.0124203915 -0.00399888402 0.00565420208 0.0127214257 0.00358402417 -0.00399557024 -0.00119371764 0.00268687727 0.00688990334 0.00257714305 -0.00266622407 -0.00216856969 0.00561483905 0.000560093154 -0.0046753457 -0.00527246405 -0.00414053178 -0.0031718457 -0.00254126598 
-0.00310912978 -0.00331226392 -0.00270324037 -0.00237286666 -0.00414466091 -0.00666205499 -0.00403327268 -0.00549620693 -0.00522275795 0.00337513436 -0.00392683349 -0.00872907569 0.00936938688 -0.000794037858 -0.00935242194 0.00278327439 -0.00706409999 -0.0124045195 0.00888257342 -0.000358218956 -0.0130308742 0.00299953038 0.00692927839 0.00450220994 -0.00811592915 -0.00147293844 0.00635706788 -0.0010857984 -0.00507507992 -0.00814193093 -0.00555585758 -0.0039417578 -0.00329371279 -0.0026747976 
-0.00303789653 -0.00317588134 -0.00247010576 -0.00219096211 -0.0037475432 -0.00666129699 -0.00629539273 -0.00605428324 -0.00686010735 -0.00318680953 -0.00444545947 -0.00734266546 -0.000379048572 3.96247167e-05 -0.00359980573 -0.00510486196 -0.00990102431 -0.0100847988 0.0120990022 0.000509253858 -0.0143183799 0.000144071425 -0.00101299737 -0.00867603128 -0.00530230356 -0.00282339014 -0.00159720034 -0.00508788922 -0.00360548207 -0.000425313385 -0.00160472784 -0.0029243714 -0.00319898914 -0.00277428738 
-0.00302379495 -0.00314351215 -0.00247075346 -0.00231710452 -0.00411288467 -0.00725737525 -0.00792247594 -0.00682635777 -0.00675632123 -0.00403437308 -0.00363766627 -0.00577126427 -0.00523043203 -7.03285506e-05 -8.6402071e-05 -0.0103505209 -0.0133673965 -0.0104670699 0.00859910652 -0.00306771783 -0.0167900428 -0.00571266688 -0.00628711118 -0.0114286248 -0.00619999171 -0.00537106301 -0.00689180144 -0.00818945796 -0.00372804832 0.00104802261 -0.000773040731 -0.0026382583 -0.00312389981 -0.00276096913 
-0.00301792096 -0.00314179889 -0.00246509138 -0.00219204697 -0.00353390555 -0.00556768431 -0.00430898392 -0.00395119835 -0.00248470549 0.00217861236 -0.000644154112 -0.00474715193 -0.00289612624 0.00279111998 0.00432939712 -0.00805418407 -0.0126045942 -0.0150905939 -0.00947956531 -0.00906691061 -0.0158470405 -0.0132851105 -0.00249912265 0.000888472622 -0.0123422694 -0.0076368296 -0.00524688366 -0.00989875699 -0.00816429803 -0.00790249687 -0.00493617907 -0.00363536831 -0.00316007235 -0.00264595244 
-0.00298202503 -0.0030717342 -0.00230743068 -0.00182756195 -0.00259856886 -0.00415094995 -0.00330701842 -0.00211031802 0.000379200809 0.0044225769 -0.000413990807 -0.00572173366 0.000330938531 -0.00148144918 -0.00664266377 -0.00132588598 -0.00592524718 -0.010050418 0.000112496489 -0.0012210875 -0.00290564092 0.00259278345 0.00141079633 0.000660769827 -0.00106754773 -0.0014779778 -0.0023251702 -0.00625580711 -0.00730414922 -0.00933490622 -0.00641682456 -0.00412220362 -0.00305927982 -0.0025011856 
-0.00292978675 -0.00296120306 -0.00211619576 -0.00182170027 -0.00335759224 -0.00600651551 -0.00547657425 -0.00411283765 -0.00271331405 0.00106598262 -0.00276911953 -0.00641109289 0.000912624445 -0.00355554402 -0.00892016523 0.000430069379 -0.00279470447 -0.00571629152 0.00533716804 0.0035167465 0.00333465371 0.00752130581 -0.000311146338 -0.0040617733 0.00491679136 0.000656907454 -0.00585823322 -0.00797863475 -0.00733482474 -0.00788434576 -0.00551507361 -0.00365657592 -0.00285532231 -0.00240442597 
-0.00285802235 -0.00281700095 -0.00190901383 -0.00187172389 -0.00473554136 -0.00941715683 -0.00864915201 -0.00766772073 -0.0101170451 -0.0072374874 -0.0046887691 -0.00502735212 -0.0020053825 -2.40946832e-05 -2.12820969e-05 -0.00502541823 -0.00342812099 -0.00335107041 -0.00570981649 -0.00272830534 -0.00266009003 -0.00705158062 -0.0109421934 -0.0112605449 0.00523951706 -0.00338211731 -0.016622463 -0.0122904935 -0.00684507774 -0.00490179083 -0.00368703446 -0.00304803943 -0.00275440092 -0.00239963318 
-0.00279312763 -0.00270827029 -0.00169420798 -0.00129941505 -0.00309897881 -0.00626530871 -0.00511043598 -0.0052377721 -0.00774835045 -0.00595177499 -0.00455261168 -0.0057300187 -0.00590714875 -0.00413297875 -0.00756438662 -0.00926697897 -0.00322967282 0.000492303944 -0.00752961612 -0.00742309956 -0.00856047952 -0.0129377727 -0.00943458577 -0.00360909881 0.00167832273 -0.00347702703 -0.010957934 -0.0095474285 -0.00557954618 -0.00347192428 -0.00293856662 -0.0028899489 -0.00286735325 -0.00250353892 
-0.00277598152 -0.00272335537 -0.00175140018 -0.00136286454 -0.00325246381 -0.00660101498 -0.00611931268 -0.00570031471 -0.00775650544 -0.00702967914 -0.00623148043 -0.0067164072 -0.00314876535 -0.00381245019 -0.01092204 -0.0128980858 -0.00400309662 0.000964757179 -0.00915609525 -0.00939566179 -0.00984624362 -0.0121035341 -0.00577366846 0.00135632423 0.000760081133 -0.00267847035 -0.00589545154 -0.00590874901 -0.00418549038 -0.00319637725 -0.00304001057 -0.00313981865 -0.00311719725 -0.00266875084 
-0.00281342379 -0.0028752828 -0.00210959713 -0.00200624572 -0.00461554502 -0.00989390865 -0.0118010121 -0.0085841775 -0.0100654325 -0.011310369 -0.0095423319 -0.00618593569 0.009000453 0.00405556661 -0.0061600507 -0.0139224034 -0.00539985073 -0.000415419968 -0.00953713153 -0.00818029956 -0.00663789444 -0.0062111866 -0.00337197244 -0.000562366315 -0.00114617159 -0.00299434347 -0.00415713146 -0.00423611054 -0.00376723239 -0.00346964405 -0.00345934181 -0.00351385623 -0.00337533911 -0.00282418458 
-0.00288901994 -0.00311761452 -0.00258845094 -0.00228171603 -0.00334561052 -0.00577281501 -0.00664603491 -0.00520476785 -0.00572872184 -0.00731280327 -0.00691477055 -0.00520603631 0.00297570505 -0.000411979364 -0.00909888683 -0.00943914855 -0.00154590373 0.00549814761 -0.000321109916 -0.00307682261 -0.00336635747 -0.00315629389 -0.00290047817 -0.00262530442 -0.00314348196 -0.00385839535 -0.00415180165 -0.00412802472 -0.00392690781 -0.00381437041 -0.00380797421 -0.00379204707 -0.00355507415 -0.00292310886 
-0.00296452843 -0.00337415657 -0.00308597048 -0.00262485021 -0.00247616104 -0.00279053647 -0.00263735192 -0.00210514735 -0.00237405196 -0.00392639942 -0.00496509381 -0.00523505536 -0.00288900137 -0.00584305474 -0.0115389637 -0.00685910757 0.001385068 0.00825668497 0.00370217247 -0.000603421095 -0.00216782765 -0.0026766537 -0.00319603146 -0.00364168751 -0.0040201909 -0.00429277879 -0.00432622802 -0.00424320996 -0.00409536717 -0.00405360414 -0.00403557491 -0.003950358 -0.00365612196 -0.00297775494 
-0.00299613952 -0.00355272037 -0.00351783104 -0.00318838429 -0.00272893596 -0.00233558485 -0.00193006378 -0.0015707891 -0.00162134735 -0.00231096683 -0.00324282849 -0.00407220603 -0.00422412222 -0.00600321108 -0.00787530717 -0.0053234581 -0.000740921396 0.00258896438 0.000936802665 -0.00152435339 -0.00286368719 -0.00330585697 -0.00372673026 -0.00405598832 -0.00427182071 -0.00437206891 -0.00434954186 -0.00428428241 -0.00417683361 -0.00414021676 -0.0041131434 -0.00400156861 -0.00367466886 -0.00297520032 
-0.00293249813 -0.00357780692 -0.00374215942 -0.00364871849 -0.00336337015 -0.0030342654 -0.00271930655 -0.00244759503 -0.00232563914 -0.00242210668 -0.00282521226 -0.00325496041 -0.00369287486 -0.00442807303 -0.00501336127 -0.00440011736 -0.00295026576 -0.00199995928 -0.00238167672 -0.00321865971 -0.00371491025 -0.00384775863 -0.00398708889 -0.00411373935 -0.00418663494 -0.00421407578 -0.0041747772 -0.00412808622 -0.00407050863 -0.00404585741 -0.00401061431 -0.00389508885 -0.0035664459 -0.00287453752 
-0.00266897879 -0.00330898996 -0.00356512992 -0.00360266539 -0.00348606933 -0.00332229302 -0.00314720974 -0.00296823829 -0.00281106309 -0.00273528156 -0.00281081824 -0.00297907787 -0.0031622108 -0.00343962731 -0.00371075093 -0.00378704411 -0.0036765085 -0.00360120441 -0.00371919655 -0.00386002219 -0.00391612567 -0.00387175753 -0.00386291265 -0.00385094883 -0.00384611854 -0.00383321843 -0.0038026053 -0.00377462359 -0.00373499895 -0.00371744963 -0.0036824465 -0.00356965355 -0.00325877645 -0.00261729316 
-0.00213500816 -0.00266830695 -0.00291889724 -0.00300817563 -0.00298853323 -0.00292724086 -0.00284866823 -0.00275288575 -0.00265172305 -0.00256289926 -0.00254553117 -0.00256819047 -0.00262647234 -0.00272887891 -0.0028797255 -0.00304576425 -0.00319039759 -0.00329604413 -0.00336897728 -0.00337470549 -0.00333432521 -0.00325012111 -0.00319537059 -0.00315209647 -0.00311938837 -0.00309345321 -0.00306561922 -0.00304898509 -0.00302409961 -0.00300941394 -0.00297562415 -0.0028748123 -0.00261561257 -0.00209641754 
-0.00220987144 -0.00278452034 -0.00306518192 -0.00311295478 -0.00300531667 -0.00279268197 -0.00259077827 -0.00243482895 -0.00235939901 -0.00233570383 -0.00234516069 -0.00233019275 -0.00229906902 -0.00226027108 -0.00224598834 -0.00226001541 -0.00227261601 -0.00236198569 -0.00253325918 -0.00276813313 -0.00308597616 -0.00346954407 -0.00389885144 -0.00429351604 -0.00454044578 -0.0046228623 -0.00457385444 -0.00442390072 -0.0041829313 -0.00390748733 -0.00361376108 -0.00329922088 -0.00288728777 -0.00225983292 
-0.00279702586 -0.00352343995 -0.00382980146 -0.00376963945 -0.00347602291 -0.00309431617 -0.00280375826 -0.00258734986 -0.00243376652 -0.00236671332 -0.00235709713 -0.00233346871 -0.002278499 -0.00226990332 -0.00230094539 -0.00231964528 -0.00232013605 -0.00251934589 -0.00286014455 -0.00320576692 -0.0036243149 -0.00429343528 -0.00514702911 -0.00587761768 -0.00629095324 -0.00648256439 -0.00645852727 -0.00625383373 -0.00587254935 -0.0053662217 -0.00485252588 -0.00436503135 -0.00378296559 -0.00293521267 
-0.00310621716 -0.00386107626 -0.00412647629 -0.00375912252 -0.00301845597 -0.0026774668 -0.00291831764 -0.00278156605 -0.00240246855 -0.00222771468 -0.00211039335 -0.00197514082 -0.00197037413 -0.00211220024 -0.0023992063 -0.00234057025 -0.0020318166 -0.00256508152 -0.00343756289 -0.00336884883 -0.0032697576 -0.00441162087 -0.0058858817 -0.00667359906 -0.00708091247 -0.00743702978 -0.00753645181 -0.00745528554 -0.00699976888 -0.00619491198 -0.00552581306 -0.00504445271 -0.00439083534 -0.00338728986 
-0.0032031444 -0.00391309214 -0.00394594179 -0.0029895056 -0.00169502735 -0.00182898647 -0.00463522698 -0.00450723991 -0.00365811495 -0.00322367577 -0.00258154328 -0.00243824284 -0.00285445955 -0.00329138161 -0.00427077429 -0.0038618388 -0.00266812672 -0.00361493165 -0.00594723711 -0.00406919519 -0.00182000839 -0.00357087476 -0.00548505724 -0.00548478704 -0.00485291344 -0.00559633427 -0.0059057733 -0.00659662423 -0.00645825087 -0.00526441348 -0.0050885182 -0.00518092654 -0.00476241601 -0.00370427637 
-0.00322093253 -0.00386112741 -0.0036461358 -0.00238937613 -0.000750533724 -0.00132197572 -0.00924216167 -0.00746798847 -0.00585946171 -0.00544306575 -0.00366989739 -0.00398164935 -0.0054626597 -0.00604449732 -0.00833672267 -0.00749865615 -0.00448665798 -0.00536774271 -0.0111546557 -0.00588519495 -0.000361219544 -0.00324023801 -0.00442795426 -0.00228749312 0.00120423241 -0.000256167236 -0.000490251549 -0.00273666436 -0.00343290075 -0.00166339165 -0.00328537309 -0.00485289654 -0.00499893384 -0.00396767481 
-0.0031537084 -0.00367991074 -0.00350144743 -0.0029262727 -0.00252753111 -0.00446197262 -0.00912962048 -0.00690379266 -0.00568265018 -0.0048375956 -0.00361220038 -0.00439456712 -0.00623768309 -0.00667316886 -0.00909724106 -0.00881457242 -0.00568843568 -0.00594070739 -0.00943643655 -0.00763573683 -0.00596049562 -0.0041462799 -0.00454148689 -0.00212621337 0.00502060247 0.00413317829 0.00410823641 0.00170338769 0.000652683868 0.00242777228 -0.00101408334 -0.00416295318 -0.0050174255 -0.00410051551 
-0.00307242392 -0.00347419436 -0.00339491468 -0.00394251366 -0.00727288829 -0.00967992333 -0.000652667361 -0.00180108491 -0.00359009498 -0.00190151729 -0.00303954673 -0.00393753512 -0.00335943394 -0.00301151435 -0.00483195469 -0.00641739718 -0.00621667841 -0.00388028872 0.00376427494 -0.00871688185 -0.0174034648 -0.0033420055 -0.00612939453 -0.00719349626 0.00416619508 0.00417932908 0.00461549454 0.00438611915 0.0037199514 0.0060251326 0.00116191142 -0.00334741768 -0.00484031012 -0.00409622365 
-0.0030050333 -0.0033427212 -0.0029439107 -0.00256791579 -0.0027743958 -0.00357030402 -0.00442949546 -0.00268071394 -0.00315230918 -0.00843443544 -0.00709074523 -0.00608267278 -0.0011642925 -0.00129378589 -0.00395108233 -0.00658541513 -0.00447984962 -0.000920404663 0.00272695351 -0.00241088143 -0.00597847075 -0.0056004669 -0.00628516471 -0.00528400714 0.000830108569 -6.81403171e-05 0.000341795383 0.00106025253 0.0025050667 0.00616258441 0.00110890132 -0.0032985371 -0.00476963132 -0.00406772085 
-0.00296106797 -0.0031880647 -0.0024834445 -0.00143769286 -0.0011138336 -0.00323721555 -0.00906977091 -0.00524770862 -0.00380119524 -0.00832118626 -0.00748484061 -0.00714841032 -0.00474385458 -0.00443635978 -0.00674456556 -0.0078778996 -0.0052411269 -0.00301892385 -0.00171274111 -0.00158505978 -0.000809188007 -0.0014984704 -0.00264877385 -0.00207524457 0.000146091182 -0.00123078763 0.000581763487 0.00164115966 0.000789112202 0.000997784415 -0.00231473149 -0.00454207615 -0.00491296047 -0.00400646199 
-0.00291452332 -0.00305853202 -0.00236994767 -0.00196232252 -0.00440916265 -0.00952315325 -0.0104852671 -0.00656424299 -0.00347698267 0.000963126147 -0.00209610546 -0.00566172307 -0.0112738013 -0.00870030424 -0.00934504862 -0.00784401121 -0.00721784535 -0.00905595717 -0.00827059263 -0.00804716905 -0.00567253453 0.00566244223 0.00169123967 -0.00132321451 -0.00246193681 -0.00104896981 0.00548041079 0.00682715983 -0.00157894951 -0.00815271721 -0.00665715569 -0.00561544769 -0.00501822487 -0.00391577648 
-0.00292761092 -0.00308240408 -0.00251643913 -0.00230433722 -0.00398553184 -0.00670571472 -0.00608792936 -0.00458024563 -0.00479675929 -0.00710418633 -0.00587498171 -0.00506004281 0.00127915366 -0.00137282501 -0.00571608603 -0.00665016114 -0.00556906593 -0.00647128863 -0.00804379196 -0.00595337266 -0.00235635137 -0.00193211885 -0.00394663834 -0.00604644302 -0.00762079683 -0.00271312703 0.00599641994 0.0090967774 0.0031793466 0.000459713009 -0.00298647786 -0.00471452096 -0.00474838292 -0.00382290035 
-0.00305498946 -0.00339739139 -0.00313505691 -0.00352198942 -0.00584277346 -0.00853852171 -0.00703305812 -0.00554597379 -0.00606794363 -0.00677105878 -0.0051006918 -0.00370217416 0.00408712083 0.000846696564 -0.0037222912 -0.00597783702 -0.00467331281 -0.00465121672 -0.00661436317 -0.00411754974 -0.00134208509 -0.0053221978 -0.006932673 -0.00798540502 -0.00678822231 -0.00280741584 0.00212897156 0.000799131498 0.000946846646 0.00378049596 -0.000173431619 -0.00339081224 -0.00427725788 -0.00361494016 
-0.00330647195 -0.00392697137 -0.00413668046 -0.00501504064 -0.00846626923 -0.0123710864 -0.0098039803 -0.00716082047 -0.00430805605 0.00810210929 0.00429610803 -0.00109709033 -0.00784682659 -0.00475271921 -0.00426556193 -0.00551023246 -0.00476575656 -0.00466273054 -0.00471865088 -0.004574537 -0.00423840873 -0.001683066 -0.00499827586 -0.00612730025 -0.00125408328 -0.0018899674 -0.00473138379 -0.0169569288 -0.00893926679 -0.00230263181 -0.00226199398 -0.00353418295 -0.00391950417 -0.00327657058 
-0.00356917416 -0.00444044275 -0.00463708107 -0.00338384402 -9.83100703e-05 0.00394660958 0.00405910742 -3.10744505e-06 -0.000942016984 0.00171798385 0.000771581682 -0.00132412986 -0.00364877106 -0.00445839891 -0.00531845356 -0.0034549412 -0.00484112804 -0.00436573009 0.0030809114 -0.00204335896 -0.00511324641 -0.000146012648 -0.00314601452 -0.00617460956 -0.00733887812 -0.00302880444 0.00265000184 0.00161722129 -0.0041358609 -0.00744596272 -0.00605743363 -0.00462036104 -0.00370514674 -0.00294988832 
-0.00372367132 -0.00465292525 -0.00434988165 -0.000787082908 0.00624211405 0.0114185171 0.0044183082 0.000296860095 -0.00092455021 -0.00763778558 -0.00496339339 -0.00256437728 -0.00290026021 -0.0034303994 -0.00322140546 -0.00332331069 -0.00577642703 -0.00498517514 0.0016876085 -0.00319835478 -0.00557773006 -0.00106061734 -0.00309335893 -0.00472199571 -0.0058315409 -0.00066145007 0.007700387 0.0113901323 -0.000596893079 -0.00994614796 -0.00851707799 -0.00531214437 -0.00349092207 -0.00264707687 
-0.00368264189 -0.00446539117 -0.00377804194 -4.70480418e-05 0.00536207886 0.00244971127 -0.0176475527 -0.00806717809 -0.00149519987 -0.0146131707 -0.00654358032 -0.000871318801 -0.0104819031 -0.00527409414 -0.00156945179 -0.00864387204 -0.00657707165 -0.00380856046 -0.00886605984 -0.00621572749 -0.00481926447 -0.0055139501 -0.00423847695 0.000736012419 0.00616661575 0.00229955312 0.00247851354 0.00346524126 -0.00334585236 -0.0112043398 -0.00877189219 -0.00507576723 -0.00325353637 -0.00244921527 
-0.0035048607 -0.00403289438 -0.00336350595 -0.00126044575 -0.00106411781 -0.00747306913 -0.019197538 -0.0113327947 -0.00359923587 -0.00585008539 -0.000674037474 0.00281316683 -0.0107146808 -0.0107122869 -0.0123713861 -0.015948848 -0.00499429451 0.00717320235 0.00685998345 0.00111468445 -0.00238508546 -0.00444608621 -0.00133108877 0.00493037205 0.00736614442 -0.00103370594 -0.00409418497 0.0049627556 0.000348244683 -0.00541075671 -0.0060889185 -0.00435664684 -0.00311747993 -0.00244489831 
-0.00324898546 -0.00353605683 -0.0029151343 -0.00212024254 -0.00377459836 -0.00952886495 -0.0138031073 -0.0088462995 -0.00339016513 0.000659766474 0.00196812718 0.00140255679 -0.00486185723 -0.00948390175 -0.015562953 -0.0132640815 -0.00413401383 0.00644377356 0.0145027104 0.00477907469 -0.00338575897 -1.95959026e-05 0.00437612764 0.00807967061 0.00297117726 -0.0027851124 -0.00202473619 0.00644214957 0.0010929614 -0.00459815679 -0.00532076933 -0.00415896683 -0.00316986793 -0.00253859784 
-0.00304948526 -0.003153737 -0.00245688524 -0.00217749652 -0.0041969939 -0.00674207274 -0.00414914494 -0.00598816087 -0.00531489258 0.00377456676 -0.00447423327 -0.00881504929 0.0105178548 -0.00080564487 -0.00979210436 0.00251590373 -0.0087532011 -0.0129994021 0.0103312429 -6.4215254e-06 -0.012825863 0.00491186817 0.00921573298 0.00549103836 -0.00830968592 -0.00103882029 0.00676306036 -0.00132252121 -0.00559250602 -0.0084193081 -0.0056003794 -0.00391959937 -0.0032718836 -0.00266521829 
-0.00295704625 -0.00299140466 -0.00221128811 -0.00202233248 -0.00384246698 -0.00679284564 -0.00655600822 -0.00658953561 -0.00717226409 -0.0032536069 -0.00497002943 -0.00761774789 0.000201008893 0.000407081101 -0.00391456214 -0.00654554175 -0.0125413509 -0.0112307647 0.0138028626 0.000841133686 -0.0145152319 0.00157389588 -0.000174389542 -0.00861349176 -0.00519224357 -0.00256601109 -0.00150144962 -0.00548507935 -0.00368564197 -0.000234083934 -0.00140227408 -0.00279300089 -0.00313288757 -0.00274436608 
-0.00292997066 -0.00294050611 -0.00218571233 -0.0021018215 -0.00412831079 -0.00730557451 -0.00811314967 -0.00716880842 -0.00686157034 -0.0039422541 -0.00375947596 -0.00589195586 -0.00501808141 0.000458540335 -0.000247833454 -0.0122857472 -0.0162338035 -0.0118872033 0.00942961719 -0.00315678381 -0.017300173 -0.00515376323 -0.00598948083 -0.0116047766 -0.0064135043 -0.00559253057 -0.0071782584 -0.00877167292 -0.00388280647 0.00124202047 -0.000515165969 -0.00244617501 -0.00301385667 -0.00270456885 
-0.00291513432 -0.00292172816 -0.00214534392 -0.00189253096 -0.0033754881 -0.00534306477 -0.00400639748 -0.00372864057 -0.00204801158 0.00287203422 -0.000446904393 -0.00477915745 -0.00259092264 0.00355698467 0.00438566508 -0.00952137606 -0.0149432071 -0.016602234 -0.0100110297 -0.00960717204 -0.0162329814 -0.0129712291 -0.0011989697 0.0014658478 -0.0130683151 -0.00809958595 -0.00559737031 -0.0108724739 -0.0092637868 -0.00842196173 -0.00494145602 -0.00347768238 -0.00302148314 -0.00256482526 
-0.00287095513 -0.00283852087 -0.00196541546 -0.00148625257 -0.00235209959 -0.00385404043 -0.00290089282 -0.00166534565 0.00101820214 0.00523355765 -0.000518757823 -0.00602546304 0.00045381342 -0.00199723936 -0.00717797933 -0.00162602931 -0.00705475326 -0.0107347156 0.000889563351 -0.000409313665 -0.00207605717 0.00419892285 0.0029975855 0.00168654289 -0.00042653473 -0.000944880216 -0.00221535048 -0.0069428932 -0.00840989915 -0.0100599275 -0.0065495562 -0.00398139939 -0.00290097642 -0.00240173415 
-0.0028127468 -0.00272392156 -0.00179504459 -0.00156894747 -0.00331683805 -0.0059754004 -0.00544909638 -0.00411678605 -0.00250656075 0.00139492027 -0.00312313354 -0.00679762422 0.000916337505 -0.0042076278 -0.00944705595 0.000470781015 -0.0031588144 -0.0057612248 0.00643004917 0.00471063542 0.00437403645 0.00872009891 0.000203463653 -0.00356407942 0.00611381603 0.00146297088 -0.0057501259 -0.00840313901 -0.0079788369 -0.00826579282 -0.00550812228 -0.00347819663 -0.00268865577 -0.00230114157 
-0.00273640769 -0.00257930095 -0.00161748402 -0.00176363313 -0.00505729473 -0.0097393918 -0.00910489216 -0.00839592673 -0.0105656442 -0.00755229981 -0.00509878585 -0.0053547375 -0.00209075212 0.000123053533 -0.000128764832 -0.00540570917 -0.00354917801 -0.00336676792 -0.00598554529 -0.00281074708 -0.00276631808 -0.00787873969 -0.0123921972 -0.0116960366 0.00615902565 -0.00339970043 -0.0171473665 -0.0126671387 -0.00700547038 -0.00485828223 -0.00350493815 -0.00283877774 -0.00259807001 -0.00230831445 
-0.00267066486 -0.00246983112 -0.00140040035 -0.00115607012 -0.00329352821 -0.00652016547 -0.00540562902 -0.00580233927 -0.00821849862 -0.0063046217 -0.00500859196 -0.00618043855 -0.00646071556 -0.00471376123 -0.00815104984 -0.00981505996 -0.00293788328 0.000667843213 -0.00848936422 -0.0084552197 -0.00946224841 -0.0143384351 -0.0105045513 -0.00382647094 0.00215795438 -0.0035344132 -0.0114296793 -0.00981598984 -0.00553617682 -0.0032761696 -0.00271375274 -0.00270435679 -0.00274530312 -0.00243602003 
-0.00266084969 -0.00249766456 -0.00146575088 -0.00120016575 -0.00339848472 -0.00685848066 -0.00650298836 -0.00625563739 -0.00825060485 -0.00760546084 -0.00698028301 -0.00708903337 -0.00306744712 -0.00398432227 -0.0114327329 -0.0134754569 -0.00365932908 0.00121099706 -0.0101237606 -0.0105074621 -0.0106093514 -0.0129130194 -0.00600919042 0.00160509138 0.00112439503 -0.00259839872 -0.00605566445 -0.00598482081 -0.00409350036 -0.00302633899 -0.00287397706 -0.00301631895 -0.00304164569 -0.00262848149 
-0.00271566812 -0.00268278698 -0.00186376805 -0.0018921905 -0.00488145798 -0.0103328343 -0.0125962319 -0.00941941342 -0.0107454807 -0.0123784163 -0.0108084192 -0.00634019054 0.0104703498 0.00519995532 -0.00609809079 -0.0143975829 -0.00506332045 -4.11558169e-05 -0.0101867491 -0.00886130927 -0.00685166285 -0.00620869531 -0.00315678275 -0.00022894214 -0.000871754727 -0.00288045944 -0.00414609351 -0.00421894201 -0.00369581984 -0.00337134989 -0.00337120939 -0.00345184473 -0.00334007471 -0.00280682738 
-0.00281590943 -0.00296808788 -0.00238045768 -0.00210670955 -0.00334110325 -0.00592616396 -0.00698499368 -0.00552458363 -0.00606315973 -0.00806498527 -0.00786958903 -0.00538819432 0.00382893918 -4.28998098e-05 -0.00927517272 -0.00935552489 -0.000428627146 0.00662400567 -3.90944724e-05 -0.00304067733 -0.00314285956 -0.00281707834 -0.00257748531 -0.00237111047 -0.00298551334 -0.00378661564 -0.00412687065 -0.00410834256 -0.00389317331 -0.00377376909 -0.00377467157 -0.00377102413 -0.00354549808 -0.00291989017 
-0.00291800232 -0.0032721878 -0.00292043318 -0.00241848118 -0.00226647602 -0.00261108152 -0.00247134503 -0.00189739361 -0.00222125684 -0.00408951086 -0.00537296484 -0.0053919002 -0.00280464754 -0.0062490047 -0.0119928838 -0.00659925933 0.00265756164 0.00954479945 0.00440441172 -0.000220012893 -0.00180829789 -0.00232991733 -0.00293307641 -0.00348096983 -0.00394068266 -0.00426660538 -0.00432463459 -0.00424426559 -0.00409206815 -0.00404898546 -0.00403328324 -0.00395184192 -0.00366026673 -0.00298220149 
-0.00297218465 -0.00349497427 -0.00341166832 -0.00302381148 -0.00250779295 -0.00206763696 -0.00160780925 -0.0011908509 -0.00124748642 -0.00207122928 -0.00315706704 -0.00403745966 -0.00428813853 -0.00633563792 -0.00819474989 -0.00522626259 -0.000131316856 0.00328205314 0.00141572233 -0.00121485274 -0.0026052801 -0.00308603646 -0.00357238944 -0.00397177863 -0.00424105483 -0.00437210942 -0.00436360021 -0.00429959348 -0.00418840552 -0.00415067562 -0.00412368314 -0.00401154272 -0.00368358528 -0.00298191513 
-0.00292411213 -0.00355340672 -0.00369141969 -0.00355914693 -0.00322613965 -0.00284838469 -0.00247713774 -0.00215001193 -0.00199789575 -0.00212030908 -0.00258863791 -0.0031035248 -0.00366144074 -0.00453928915 -0.00516523262 -0.00443992896 -0.00283410291 -0.00182493818 -0.00223587044 -0.00310369844 -0.00360671252 -0.00375372389 -0.00392267389 -0.00408280219 -0.00418277009 -0.00422519173 -0.00419167107 -0.0041449761 -0.00408477552 -0.00405847088 -0.00402224554 -0.00390525938 -0.0035746708 -0.00288039582 
-0.00266814052 -0.00330242517 -0.00354805916 -0.00356718793 -0.00342369642 -0.00322907815 -0.00301753641 -0.00279928517 -0.00260828424 -0.002522165 -0.00261912089 -0.00283884041 -0.00309279795 -0.0034508626 -0.00377604348 -0.00386599004 -0.00373702743 -0.00364057041 -0.00374259112 -0.00386609448 -0.00390623387 -0.0038565951 -0.00385396436 -0.00385223165 -0.00385662754 -0.00384856989 -0.00381962268 -0.00378995244 -0.00374796626 -0.00372861073 -0.00369227832 -0.00357781184 -0.00326506947 -0.00262159531 
-0.00213625375 -0.00266833054 -0.00291622681 -0.00299843806 -0.0029663218 -0.00288985056 -0.00279126066 -0.00267308484 -0.0025492248 -0.00244838217 -0.00243589301 -0.00248196428 -0.0025758536 -0.0027221862 -0.00291362493 -0.00310830395 -0.00326411299 -0.00336709753 -0.00342742675 -0.00341588623 -0.00335860082 -0.00326447104 -0.00320697604 -0.00316385134 -0.00313245075 -0.00310658541 -0.00307839749 -0.00306013183 -0.00303335765 -0.00301728263 -0.00298237751 -0.00288025826 -0.00261971436 -0.00209920046 
-0.00223420281 -0.00281446352 -0.00309073382 -0.00311877301 -0.00297681962 -0.00272513141 -0.00248900744 -0.0023094955 -0.00222201718 -0.00219447019 -0.00220294122 -0.00218589858 -0.00214974692 -0.00210568259 -0.00208910009 -0.00210759651 -0.00213288318 -0.00224751747 -0.00246193264 -0.00275192847 -0.00313335605 -0.00358867104 -0.00408990955 -0.00454395412 -0.0048275536 -0.00492509932 -0.00487293032 -0.00470221609 -0.0044239151 -0.00410093696 -0.00375868195 -0.00340108226 -0.00295483262 -0.00230261025 
-0.00282992382 -0.00355973536 -0.0038475672 -0.00373656551 -0.00337720867 -0.00294565442 -0.0026286553 -0.00239075549 -0.00221641921 -0.00213661908 -0.00212252431 -0.00209319151 -0.00203308122 -0.00201969872 -0.00204242641 -0.00205568232 -0.00206920806 -0.00231474612 -0.00273348095 -0.00316570782 -0.00368107887 -0.00446873944 -0.00544432051 -0.00626177466 -0.0067163675 -0.0069273485 -0.00690824717 -0.00668358873 -0.006249229 -0.00567116224 -0.00508439711 -0.00453083062 -0.00389329678 -0.00300428823 
-0.00313993149 -0.00388665857 -0.00409599658 -0.00360449515 -0.00274486366 -0.00241758339 -0.00276036797 -0.00264855725 -0.00221011954 -0.00199093422 -0.00184894079 -0.00170233495 -0.001716308 -0.00187658743 -0.00213618054 -0.00202239934 -0.00169991338 -0.00232271354 -0.0033272644 -0.00332989613 -0.00330949575 -0.00461185139 -0.00624259363 -0.00708777104 -0.00746801927 -0.00781816585 -0.0079702821 -0.00791429119 -0.00741099984 -0.00653858387 -0.00581468413 -0.0052725473 -0.00455049676 -0.00348859152 
-0.00322944146 -0.00390779294 -0.00381861063 -0.00262082114 -0.00113180576 -0.00148827212 -0.00477156597 -0.00476151857 -0.00373907905 -0.00318444213 -0.00247384163 -0.00231752336 -0.00284903944 -0.00338996926 -0.00428357922 -0.00371918275 -0.00243047697 -0.00352244692 -0.00610573969 -0.00413215895 -0.00182680978 -0.00373201672 -0.00575046215 -0.0056585607 -0.0047435898 -0.00538451119 -0.0058978875 -0.00674791995 -0.00659357898 -0.0054268841 -0.00532920487 -0.00544165008 -0.00497095735 -0.00384224064 
-0.00323391889 -0.00382460067 -0.00345247144 -0.00189238864 3.75702266e-05 -0.00103165431 -0.00988861591 -0.00825410526 -0.00627354942 -0.00568313978 -0.00381648267 -0.00411371135 -0.00588046627 -0.00673223015 -0.00884258221 -0.00777455792 -0.00455108028 -0.00562495155 -0.011870757 -0.00620203296 -0.00043812644 -0.00335914251 -0.00447347187 -0.00201578744 0.00224786654 0.00107889036 0.000354661367 -0.00223016039 -0.00290389031 -0.00137578132 -0.0033648984 -0.00511176985 -0.00524935668 -0.00414188975 
-0.00314676033 -0.00361952261 -0.00334686345 -0.00264605545 -0.00220313968 -0.00439196069 -0.00947832522 -0.00737076081 -0.00590586371 -0.00494030367 -0.00372760135 -0.00452108235 -0.00660638677 -0.00731137752 -0.00962596051 -0.00925550944 -0.0060598644 -0.00632396534 -0.0100642277 -0.00838370644 -0.00649073547 -0.00428909605 -0.00457566077 -0.00177726529 0.00642784562 0.00603039341 0.00544038469 0.00272874507 0.00175597411 0.00312036246 -0.000915925041 -0.0043956925 -0.00529085828 -0.00430135415 
-0.00304548988 -0.00339178704 -0.00327664947 -0.0039531627 -0.00763107866 -0.00967785535 -0.000254446809 -0.00145731508 -0.00340599204 -0.0019268467 -0.00322379903 -0.00403089649 -0.00334198966 -0.00306741829 -0.00500919337 -0.0068237327 -0.00676558832 -0.00399515553 0.00383370267 -0.00962352035 -0.018124166 -0.00344285365 -0.00634470196 -0.00703110618 0.0054540746 0.00600509287 0.00596237771 0.00568750365 0.00529402264 0.00706238146 0.00142703387 -0.00353300938 -0.00511593123 -0.00430887082 
-0.00296044449 -0.00322564056 -0.00274842339 -0.00232861046 -0.00252863701 -0.00336461981 -0.00418986161 -0.00234348583 -0.00309213034 -0.009079156 -0.00799062036 -0.0064887601 -0.00105604363 -0.00120175391 -0.00410582783 -0.00704908995 -0.00487412894 -0.000831924317 0.00330020463 -0.00222451523 -0.00620669451 -0.00566665798 -0.00639293564 -0.00514558104 0.00190385457 0.0013640931 0.00147462759 0.00233439094 0.00422953857 0.00736948551 0.00144733203 -0.00346178858 -0.00504050457 -0.00428010847 
-0.00290369951 -0.00304598155 -0.00222867371 -0.00107977063 -0.000706495576 -0.00307827719 -0.00918637128 -0.0052582358 -0.00381087831 -0.00875116044 -0.00820761365 -0.00763083282 -0.00508902856 -0.0048710534 -0.00722384271 -0.00845887625 -0.00572573817 -0.00314838085 -0.00148570008 -0.00132465075 -0.000681420306 -0.0011088455 -0.00223221277 -0.00175221314 0.000892992697 -0.000188909562 0.00147044814 0.00263505162 0.00192596521 0.00167146286 -0.00222280547 -0.00475924964 -0.00517992906 -0.00420862828 
-0.00285302947 -0.00291558417 -0.00215803864 -0.0018243839 -0.00457113755 -0.00969291052 -0.0107319478 -0.00674309113 -0.00337663513 0.00116065058 -0.00208807276 -0.00592746125 -0.0118758937 -0.0095581629 -0.0100082714 -0.00847290146 -0.00795960621 -0.0095626322 -0.00870588916 -0.00857691587 -0.00561728394 0.00650478691 0.00258477803 -0.000969264335 -0.00208685696 -0.000170693528 0.00644584074 0.00783925871 -0.00101586206 -0.00792576992 -0.00674918714 -0.00586959106 -0.00526683255 -0.00409805859 
-0.00287635449 -0.00296410981 -0.0023767978 -0.00230530324 -0.004262943 -0.00701945568 -0.00626901098 -0.00468493056 -0.00488883309 -0.00741595293 -0.00635988925 -0.0051687204 0.00162873438 -0.00132877413 -0.00602015268 -0.00713590361 -0.00608263775 -0.00694212282 -0.00846362432 -0.00608470923 -0.0022373225 -0.00156735256 -0.0036696113 -0.00609162303 -0.00756720209 -0.00188753323 0.00720007371 0.0105704677 0.00448513631 0.00109622969 -0.00290338815 -0.00487506543 -0.00494346504 -0.00397096037 
-0.00303214675 -0.00332855675 -0.00308209222 -0.00366327023 -0.00632106245 -0.00900423904 -0.0073655736 -0.00584189239 -0.00618721978 -0.00676730572 -0.00519946087 -0.00352238971 0.00460463179 0.00119141973 -0.00374422689 -0.00625728106 -0.00495831628 -0.00488809279 -0.00677630906 -0.00396304056 -0.00118601109 -0.00526787481 -0.00708387866 -0.00824323864 -0.00668655513 -0.00205569235 0.00290214352 0.00140295378 0.00177406422 0.00435081846 6.33335196e-06 -0.0034499926 -0.00440351076 -0.00372149975 
-0.00332182876 -0.00391408919 -0.00410644029 -0.00510961365 -0.00889196012 -0.012571584 -0.0100250017 -0.00754968892 -0.00407112295 0.00919811833 0.00541976631 -0.000627623021 -0.00801179567 -0.00506297345 -0.00445274426 -0.00570333163 -0.0050016677 -0.00471998529 -0.00454736665 -0.00443241973 -0.0040472469 -0.00131090762 -0.00483926435 -0.0061629966 -0.000910841143 -0.00115478243 -0.00446618966 -0.0175415961 -0.00947544736 -0.00245200453 -0.0022991678 -0.00359455068 -0.00399642866 -0.00334329077 
-0.00361713047 -0.0044470683 -0.00446321699 -0.00277822763 0.00106432484 0.00507967284 0.00489677994 0.000441835454 -0.000501515844 0.0024351167 0.0014561349 -0.00098832171 -0.00384787865 -0.00493195602 -0.00555823112 -0.00355617925 -0.00511543405 -0.00425597986 0.00391824462 -0.00152959588 -0.00478907532 0.000619007944 -0.00256501225 -0.00608507667 -0.00719563877 -0.0022612069 0.0034108971 0.00194349207 -0.00437846469 -0.00781984944 -0.00628122015 -0.00471795768 -0.00375391497 -0.00298357548 
-0.00378444606 -0.00464573855 -0.00399723552 0.00036796561 0.00836272906 0.013088553 0.00513654189 0.000720944919 -0.000764127759 -0.00789034495 -0.00510929547 -0.00256225279 -0.00318318691 -0.00377857398 -0.00337244109 -0.00349103077 -0.00609258899 -0.0049449083 0.00221329038 -0.00286046258 -0.00541322373 -0.000584791464 -0.0026220326 -0.00454785146 -0.00555529111 0.000187064518 0.0087292085 0.0123213896 -0.00043324088 -0.010267682 -0.00879160694 -0.0054226944 -0.00352332439 -0.00266012687 
-0.00372754226 -0.00442235604 -0.00337744581 0.00110540117 0.00715520364 0.00320226776 -0.0184594872 -0.00863605898 -0.00186462922 -0.0153019493 -0.00670610692 -0.000992649775 -0.0113293517 -0.00598082941 -0.00211409343 -0.00924292114 -0.00679285034 -0.00366204717 -0.00876319312 -0.00613964705 -0.00482649557 -0.00546051919 -0.00393821002 0.00122149924 0.00697485796 0.00309727508 0.00315688914 0.00415031569 -0.00323426453 -0.0114046902 -0.00897471884 -0.00516290596 -0.00327407531 -0.00245332128 
-0.00351262504 -0.00394450497 -0.00301818065 -0.000542851555 -0.000321981571 -0.00765239579 -0.0207603281 -0.0124751748 -0.00396430298 -0.00592591768 1.97410073e-05 0.00305167148 -0.012022001 -0.0124471682 -0.0137405423 -0.0170346847 -0.00480569655 0.00813683549 0.00810364558 0.0021418445 -0.00189937913 -0.00395975592 -0.000389095023 0.00599095257 0.00829256856 -0.000853223417 -0.00379491286 0.00601883086 0.00114351245 -0.00525576401 -0.00615516933 -0.004401268 -0.0031273258 -0.00244421629 
-0.00321307618 -0.00339695522 -0.00262280106 -0.00174037189 -0.00363078717 -0.00986390812 -0.014786674 -0.00971185902 -0.00355108647 0.00109494884 0.00264657435 0.00170905161 -0.00533178108 -0.0108242272 -0.0168286819 -0.014119859 -0.00433038421 0.00715601318 0.01617437 0.00607500877 -0.00265716439 0.00125296297 0.00628126357 0.00946876968 0.00350141641 -0.00277062419 -0.00177006909 0.00720771783 0.00166177549 -0.00449114894 -0.00535997126 -0.00417829838 -0.00316902405 -0.00253428294 
-0.0029766776 -0.00297162478 -0.002177741 -0.00195419053 -0.00423638469 -0.00684621313 -0.00439747781 -0.00652518682 -0.00541602433 0.00403304076 -0.00488466618 -0.00875068779 0.011316441 -0.000804608568 -0.0101883663 0.00189957004 -0.0104305397 -0.013476355 0.0115778669 0.000491466623 -0.0124049668 0.00668783451 0.0115447312 0.00659258357 -0.00819591556 -0.000616935152 0.00705414462 -0.00147581406 -0.00604185264 -0.00862142445 -0.00562363967 -0.00389165343 -0.00324521966 -0.00265152727 
-0.00286019754 -0.00278069399 -0.00192258659 -0.00183924369 -0.00395876998 -0.00695083356 -0.00683811495 -0.00718342755 -0.00751203442 -0.00332357386 -0.00550229587 -0.00786840262 0.000807138814 0.000826611122 -0.00420405482 -0.00803604694 -0.0153545103 -0.0125507105 0.0151460879 0.00119429338 -0.0146117327 0.00290461873 0.000817098934 -0.00835885103 -0.00508176374 -0.00229359506 -0.00140288192 -0.00587173297 -0.00382724491 -0.000111086686 -0.00121638977 -0.00265218272 -0.00305590743 -0.00270609894 
-0.00281837831 -0.00270992568 -0.00187007062 -0.00187152132 -0.0041576697 -0.00736533573 -0.00828572704 -0.00754483064 -0.00698359823 -0.0038385827 -0.00389530607 -0.00600520665 -0.00469701282 0.00104492788 -0.000392952178 -0.0141804423 -0.0192903783 -0.0135217809 0.00990518157 -0.0032528588 -0.0177246117 -0.00464751604 -0.00556307558 -0.0116108447 -0.00664804018 -0.00581604386 -0.00745484585 -0.00935167574 -0.00412497821 0.00133354143 -0.000286424727 -0.00224423403 -0.00288904203 -0.00263648375 
-0.00279307008 -0.00267213683 -0.00179081558 -0.00156750011 -0.00320651526 -0.00510917529 -0.00371989367 -0.00350047359 -0.0016027126 0.00350268713 -0.000242331078 -0.00476934562 -0.00223838631 0.00428384509 0.00435540852 -0.0109176079 -0.0173706006 -0.0181859599 -0.0104729499 -0.0100766878 -0.0164844644 -0.0124498231 0.000109766101 0.00202906355 -0.0134892551 -0.00853018795 -0.00597850328 -0.0117698621 -0.0103988435 -0.00896682428 -0.00496688939 -0.00331533575 -0.0028685204 -0.00247052687 
-0.00273925711 -0.00257354739 -0.00158620439 -0.00112025591 -0.00211109835 -0.00356441541 -0.00249565603 -0.00121155912 0.00166990118 0.00600578496 -0.000593370623 -0.00628354754 0.000540365176 -0.00245901354 -0.00764871414 -0.00205800697 -0.00828555204 -0.011501626 0.00150207874 0.000449927703 -0.00116854544 0.00577416195 0.00470485165 0.0028229432 0.000260725764 -0.000401819828 -0.00213445877 -0.00767398948 -0.00964298754 -0.0108820807 -0.00673192872 -0.00384555365 -0.00273044516 -0.00228811515 
-0.00267332196 -0.00245178564 -0.00143309702 -0.00128786539 -0.00327646622 -0.00594224749 -0.00540679527 -0.00411791271 -0.00229072397 0.0016945423 -0.00346138056 -0.00715714217 0.000844619142 -0.00482266847 -0.00991612783 0.000363227111 -0.00359378325 -0.00584228628 0.0073546786 0.00594999456 0.00548471189 0.00986510742 0.000824130008 -0.00295528107 0.00724866371 0.00230446407 -0.00562635549 -0.00885718125 -0.00872874274 -0.00873651517 -0.00554564842 -0.0033034082 -0.00250815172 -0.00218261522 
-0.00259136303 -0.00230509585 -0.00128354462 -0.00161957147 -0.00534649479 -0.0100064913 -0.00949919336 -0.00910868935 -0.0109637238 -0.00781029559 -0.00553365661 -0.00571095001 -0.00222218045 0.00016516887 -0.0003682428 -0.00576930964 -0.00372230809 -0.00340712013 -0.00616026113 -0.00290172866 -0.00286833973 -0.00857167926 -0.0136967121 -0.0120072066 0.00689018357 -0.00332346893 -0.0174814378 -0.0130089399 -0.00721903548 -0.00486235142 -0.00333988456 -0.00262054238 -0.00242449482 -0.00220166388 
-0.00252501305 -0.00219596316 -0.00106941189 -0.0010014075 -0.00352819257 -0.00682906143 -0.00578634056 -0.0064856327 -0.0087928055 -0.00675006158 -0.00557029291 -0.00670664473 -0.0069996805 -0.00533859603 -0.00877630382 -0.0103810439 -0.00272475523 0.000764347689 -0.00944448478 -0.00961959218 -0.0104853049 -0.0157390781 -0.0116621227 -0.00412025615 0.00257707784 -0.00359357915 -0.0118955887 -0.0100970673 -0.00551719932 -0.00309123374 -0.00248132681 -0.00250135024 -0.00260503509 -0.00235468601 
-0.00252386634 -0.00223876803 -0.00114634123 -0.00103010983 -0.00358348828 -0.00716648202 -0.00696138451 -0.00693475634 -0.00885443951 -0.00827072998 -0.00784330693 -0.00754734472 -0.00302511548 -0.00418404259 -0.0119404789 -0.0140252085 -0.00337224664 0.00139686257 -0.0110637444 -0.0117635231 -0.0115221771 -0.0137635187 -0.00634578808 0.00176006489 0.00147034652 -0.00253582762 -0.00624952103 -0.00609050822 -0.00401679657 -0.00285204592 -0.00269276624 -0.00287517816 -0.0029506495 -0.00257740533 
-0.0025986907 -0.00246038379 -0.00158529253 -0.00175570085 -0.00513164088 -0.0107211471 -0.013281927 -0.0102845819 -0.0114417896 -0.0133837879 -0.0120848503 -0.00655153761 0.0116111474 0.00624890189 -0.0060360024 -0.0147143796 -0.004698798 0.000372945043 -0.0106477112 -0.0095787279 -0.00715115421 -0.0062485919 -0.00297770808 8.82346358e-05 -0.000589494339 -0.00276342439 -0.00415202653 -0.00421818374 -0.00362829365 -0.00326542032 -0.003269878 -0.00337666057 -0.00329419093 -0.00278219944 
-0.00272725677 -0.00279440742 -0.00214518586 -0.00191717582 -0.00334747896 -0.00609531396 -0.00733785412 -0.00590870069 -0.00645969441 -0.00884833588 -0.00890507284 -0.00562747321 0.00460726276 0.000335910712 -0.00941715075 -0.00922644509 0.000753254318 0.00781981583 0.000327842962 -0.00299984185 -0.00293552037 -0.00247725941 -0.00223631729 -0.0020928688 -0.00280240206 -0.00370004358 -0.00409940027 -0.00408887417 -0.00385713637 -0.00372689759 -0.00373330319 -0.0037424376 -0.0035300288 -0.00291273635 
-0.00285992556 -0.00315213964 -0.00273407755 -0.00219875766 -0.00206377817 -0.00245046143 -0.00233713628 -0.00173395764 -0.00211520085 -0.00429017242 -0.00583421458 -0.00556979237 -0.00270759909 -0.00663463745 -0.0124145437 -0.00632931239 0.00399651644 0.0109031002 0.00517636707 0.000203266726 -0.00142549712 -0.00195476859 -0.0026373235 -0.0032905242 -0.00383951715 -0.00422710324 -0.00431720641 -0.00424273484 -0.00408680533 -0.00404080759 -0.00402707738 -0.00395002778 -0.00366182735 -0.00298489835 
-0.00294037607 -0.00342464997 -0.00328942895 -0.00284333085 -0.00227682892 -0.00179601054 -0.00128548542 -0.000812025479 -0.000874826968 -0.00183493233 -0.00308059022 -0.00399256607 -0.00433022116 -0.00665599466 -0.00851761125 -0.00512340789 0.000530080073 0.00404658428 0.001960262 -0.000858582899 -0.00230937673 -0.00283364856 -0.00338855532 -0.00386496583 -0.00419531429 -0.00436387187 -0.00437391962 -0.00431305175 -0.00419935693 -0.00416013903 -0.00413302781 -0.00402062985 -0.00369180828 -0.00298815789 
-0.00291053499 -0.00352054603 -0.00362865695 -0.00345348329 -0.00307056593 -0.00264181526 -0.00221180871 -0.00182618108 -0.00164224774 -0.00179319174 -0.00232976206 -0.00292928804 -0.0036101254 -0.00464530929 -0.00532368508 -0.00447685924 -0.00269044662 -0.00160589541 -0.00204742921 -0.00295405424 -0.00347017863 -0.00363670423 -0.00383986646 -0.00403879351 -0.00417125407 -0.00423277527 -0.00420791005 -0.00416237643 -0.00410000097 -0.00407185297 -0.00403454866 -0.00391602477 -0.00358331444 -0.0028865461 
-0.00266406193 -0.00329066285 -0.0035232113 -0.0035203058 -0.00334660205 -0.00311717117 -0.00286520152 -0.00260422986 -0.00237741783 -0.00228075739 -0.0024005792 -0.00267419867 -0.00300598875 -0.003454393 -0.00384175161 -0.00394407852 -0.00378854674 -0.00366327661 -0.00374711599 -0.00385549856 -0.00388185112 -0.00382928036 -0.00383526168 -0.0038471811 -0.00386371157 -0.00386279774 -0.00383683847 -0.0038060954 -0.00376208364 -0.00374076273 -0.0037029544 -0.00358670229 -0.00327189418 -0.00262625467 
-0.00213541508 -0.00266508042 -0.00290871719 -0.00298148808 -0.00293432662 -0.00283957198 -0.00271804821 -0.00257470114 -0.00242628507 -0.00231257692 -0.00230555876 -0.00237762138 -0.00251167167 -0.002708104 -0.00294533743 -0.00317072197 -0.00333643494 -0.00343444474 -0.00348070905 -0.00345140242 -0.00337722423 -0.00327383891 -0.00321441762 -0.00317288305 -0.00314415869 -0.00311951106 -0.00309168391 -0.00307203933 -0.00304354775 -0.00302597205 -0.00298985023 -0.00288633676 -0.00262427728 -0.00210228776 
-0.00225844743 -0.00284343667 -0.00311336394 -0.00311815292 -0.00293772786 -0.00264420807 -0.0023715749 -0.00216747873 -0.00206565003 -0.0020318574 -0.00203756259 -0.00201757696 -0.00197634988 -0.00192821445 -0.00191035066 -0.00193404011 -0.00197502252 -0.0021196239 -0.00238287364 -0.00273589806 -0.00318882742 -0.00372427383 -0.00430649855 -0.00482697183 -0.00515227535 -0.00526774168 -0.00521333485 -0.00502087018 -0.00470254887 -0.00432745708 -0.00393140137 -0.00352533228 -0.00303941731 -0.00235745171 
-0.00286219111 -0.00359341673 -0.00385929964 -0.00369247916 -0.00326085675 -0.00277638872 -0.00243443066 -0.00217723026 -0.00198071295 -0.0018843882 -0.00186171949 -0.00182496877 -0.0017609062 -0.00174526441 -0.00176162216 -0.00176989242 -0.00179897991 -0.00209559929 -0.00260049196 -0.00312836052 -0.00374952406 -0.0046656677 -0.00577101613 -0.00668156541 -0.00718205134 -0.00741118641 -0.00739703759 -0.00715299187 -0.00666376255 -0.00601050369 -0.00534689248 -0.00472318429 -0.00402505878 -0.0030891141 
-0.00317233774 -0.00390820244 -0.00405585847 -0.00343598322 -0.00245427704 -0.00213377754 -0.0025792679 -0.00250849628 -0.00201568439 -0.00174092645 -0.0015684813 -0.00141076204 -0.00144679311 -0.00163397955 -0.00186825431 -0.00169853473 -0.0013684193 -0.00207717426 -0.00321327994 -0.00330570189 -0.00337598385 -0.00483349605 -0.00661842552 -0.00752704931 -0.00787648662 -0.00820541333 -0.00840622506 -0.00838183899 -0.00783453829 -0.00689801057 -0.0061245885 -0.00552452147 -0.00473340105 -0.00360882754 
-0.00325326633 -0.00389689696 -0.00368201458 -0.00224960371 -0.000574926335 -0.00113934184 -0.0048559604 -0.00501984541 -0.00384048901 -0.00313873198 -0.00236258975 -0.00219676138 -0.00284203771 -0.00351268742 -0.00432172582 -0.00359693624 -0.00223406872 -0.00345177224 -0.00624100846 -0.00423750209 -0.00190316102 -0.00391656814 -0.00601402449 -0.00583263975 -0.00463237474 -0.00510865067 -0.00581373816 -0.00683844849 -0.0066789942 -0.00556039178 -0.00556158964 -0.00571306057 -0.00519957666 -0.00400037845 
-0.00324173067 -0.00377776803 -0.00324771841 -0.00140292812 0.000784528334 -0.000780530265 -0.0103868889 -0.00905258278 -0.00672398844 -0.0058975886 -0.0039799696 -0.00426267121 -0.00628618565 -0.00746472745 -0.00938475076 -0.00806568938 -0.00469579796 -0.00594456493 -0.0124706921 -0.00659539692 -0.000653842056 -0.00349472938 -0.0045021106 -0.00172589667 0.00326360924 0.00254131315 0.0013486853 -0.00159977528 -0.00225594485 -0.00101276882 -0.00339661606 -0.00535806651 -0.00551094 -0.00433486442 
-0.00313275053 -0.00354534895 -0.00317130841 -0.00235022689 -0.00189982923 -0.00433967232 -0.0097251745 -0.00785897435 -0.00616503646 -0.00503879476 -0.00387340422 -0.00468070581 -0.00696907756 -0.00800186409 -0.0101915706 -0.00969978561 -0.00650556388 -0.00676800495 -0.0106258109 -0.00917829158 -0.00709778629 -0.0044752324 -0.00457976128 -0.00139218929 0.00777836412 0.00806576013 0.00693843413 0.00388170754 0.00300246169 0.00391239142 -0.00074274055 -0.00459731538 -0.00556700317 -0.00451914526 
-0.00300890775 -0.00329328191 -0.00313004441 -0.0039028412 -0.00784081303 -0.00954505357 -6.27002175e-05 -0.00118581189 -0.00323411411 -0.0020424023 -0.00346178825 -0.00417434801 -0.00337749542 -0.00320973262 -0.0052559984 -0.00724177065 -0.00729549987 -0.00414042414 0.00359548744 -0.0103873687 -0.0185874025 -0.00373992252 -0.00648258411 -0.00672393299 0.00661695968 0.00791379123 0.00743331393 0.00702004638 0.00695250053 0.00815636932 0.00176123469 -0.00368133168 -0.00539060726 -0.00453769207 
-0.00290461369 -0.00309047615 -0.00253316776 -0.00208390983 -0.00232338638 -0.00320777623 -0.0039438655 -0.0020575132 -0.00306890548 -0.00959175547 -0.00889690967 -0.0069389853 -0.0010958357 -0.0012174679 -0.00433868311 -0.00751401868 -0.00532887733 -0.000825297316 0.00373117263 -0.0020848985 -0.00645235808 -0.00569896837 -0.00641126117 -0.00490257509 0.0029927466 0.00299749223 0.0028398405 0.00376885741 0.0061091979 0.00866546072 0.00186868704 -0.00358620603 -0.00530944526 -0.00450793627 
-0.00283342648 -0.00288495338 -0.00195964493 -0.000739905044 -0.000369501715 -0.00298568941 -0.00920344035 -0.00530219464 -0.00386519859 -0.00908381591 -0.00893913226 -0.00814584025 -0.00549930845 -0.00537438198 -0.00775419348 -0.00904960651 -0.00628109012 -0.0033548443 -0.00131476805 -0.001126502 -0.000627899773 -0.000725405687 -0.0017555538 -0.00135031397 0.00168225354 0.00105306633 0.00257472524 0.00378026351 0.00323283326 0.00247511228 -0.00203209215 -0.00493793547 -0.00544967331 -0.00442759771 
-0.0027788278 -0.00275514028 -0.00193262368 -0.00168631716 -0.00471216494 -0.00979228687 -0.0108759939 -0.00691402643 -0.00332188301 0.00113126978 -0.00218997747 -0.00621204787 -0.0122314798 -0.0103348479 -0.0106440682 -0.00911947221 -0.00872169978 -0.0100423555 -0.00908783594 -0.00900219589 -0.00550518244 0.00703337998 0.00340793573 -0.000592407999 -0.00166632459 0.00082256635 0.00746931172 0.00884403779 -0.000217431329 -0.00739546079 -0.00670126847 -0.0060888033 -0.00552148605 -0.00429756052 
-0.00281431186 -0.00283225049 -0.00223193318 -0.00233559391 -0.00462012876 -0.00741897421 -0.0065388974 -0.00487588896 -0.00502172719 -0.00761213578 -0.00680096313 -0.00525996822 0.00180495068 -0.00134619192 -0.00635377571 -0.0076557383 -0.00669564894 -0.0075046356 -0.00890707714 -0.006258312 -0.00216532472 -0.00119496538 -0.00333979703 -0.00605711949 -0.00735622641 -0.000912535179 0.00848907876 0.0119748503 0.00586309259 0.00180656834 -0.00275179936 -0.00500913058 -0.00514269973 -0.00413239745 
-0.00300123618 -0.00324839997 -0.00302221521 -0.00381784927 -0.00684284643 -0.00951759595 -0.00775224023 -0.00619305265 -0.00631852417 -0.00665209238 -0.00523019668 -0.00329944923 0.00493650529 0.00146559319 -0.00380493892 -0.00655957456 -0.00533786223 -0.005230071 -0.00697377905 -0.0038595351 -0.00107400891 -0.00512739434 -0.0071577469 -0.0084171353 -0.00648965775 -0.00117304945 0.00378759285 0.00208513693 0.00265405011 0.00491034188 0.000195358491 -0.00349952923 -0.00453178104 -0.0038366673 
-0.00333174168 -0.00388883093 -0.00405012423 -0.00513484112 -0.00914710017 -0.0125500444 -0.0100531075 -0.00781513619 -0.00379575382 0.0099241968 0.00641979566 -0.000137308502 -0.00791764833 -0.00533990501 -0.00467380344 -0.00589901343 -0.0052846956 -0.00482949306 -0.00437603689 -0.00425152353 -0.00380787205 -0.00100008207 -0.00462231848 -0.00614324862 -0.000691007961 -0.000364238591 -0.0039840787 -0.0174969686 -0.00982786825 -0.00261092904 -0.00235470308 -0.0036620119 -0.00407837494 -0.00341728358 
-0.00366137953 -0.00444074332 -0.00425096901 -0.00210456641 0.00229796207 0.00624929362 0.00568005633 0.000906951991 -4.14414211e-05 0.00311737718 0.00214329196 -0.000645153293 -0.00405054539 -0.00542389605 -0.00581509178 -0.00372997937 -0.00540434552 -0.00415831045 0.00454494695 -0.000975299472 -0.00436416909 0.00132959099 -0.00191284713 -0.00588296896 -0.00687644242 -0.00134341394 0.0042701482 0.00225748278 -0.00458014051 -0.00816528751 -0.00651759181 -0.00483169097 -0.00381414635 -0.00302336286 
-0.00384084551 -0.0046238877 -0.00361019265 0.00156327915 0.0105100114 0.0147473528 0.00585007448 0.00114302319 -0.000605966971 -0.00799043964 -0.00522032497 -0.00257051911 -0.00352835717 -0.00420452913 -0.00360836222 -0.00374502006 -0.00641046676 -0.00488888232 0.00260142358 -0.00244915798 -0.00512945882 -0.000117314276 -0.00204346845 -0.00423502802 -0.00507587559 0.00119410512 0.00982449349 0.0130863955 -0.000252750546 -0.0105264357 -0.00905573822 -0.00554966888 -0.00357017005 -0.00267905178 
-0.00376631532 -0.00436285975 -0.00295194917 0.00225186568 0.00887027674 0.00397582639 -0.0187170242 -0.00921739868 -0.00235652483 -0.0156176925 -0.00684740338 -0.00118915862 -0.0119678396 -0.00684318996 -0.0029124682 -0.0098157368 -0.00702523283 -0.00348402541 -0.00832761994 -0.00591441789 -0.00474107091 -0.00525591708 -0.00345388735 0.00180947888 0.00767303026 0.00399189989 0.00396090033 0.00490887127 -0.00299485836 -0.0114544688 -0.00913981927 -0.00526312281 -0.00330684047 -0.00246218154 
-0.00350990794 -0.00383648988 -0.00264686357 0.000178169977 0.00041462531 -0.00779896289 -0.0220931687 -0.0136678171 -0.00444273519 -0.00597080299 0.000643634218 0.00317910058 -0.0131505004 -0.0142680075 -0.0152267949 -0.0180160825 -0.00468860171 0.0089694405 0.00927209865 0.00323800739 -0.00130211325 -0.00329196901 0.000778955106 0.00723282014 0.00924775044 -0.000453186939 -0.00326985578 0.00699701914 0.00196815247 -0.00506040047 -0.00620958298 -0.00445604183 -0.00314509989 -0.00244501731 
-0.00316299733 -0.00323474041 -0.00230026621 -0.00134516931 -0.00350323452 -0.0102057411 -0.0157251038 -0.0106613711 -0.0038088595 0.00145713897 0.00327137984 0.00195680685 -0.00574939769 -0.0122143773 -0.0181310658 -0.0149394993 -0.00459206321 0.00774270069 0.0176202088 0.00742105855 -0.00180132612 0.00260212086 0.00835768202 0.0110220281 0.00417898358 -0.00255919012 -0.00135393548 0.00785453785 0.00223204276 -0.00435700537 -0.00538767389 -0.0041998072 -0.00317103887 -0.00252859943 
-0.00288609066 -0.0027635766 -0.00186865981 -0.00170924977 -0.00426251567 -0.00698078155 -0.00481458295 -0.00709806247 -0.0055154144 0.0040891963 -0.00510378987 -0.00847382592 0.0116122831 -0.000823243947 -0.01051672 0.000845211157 -0.0120060563 -0.0137244605 0.0125149133 0.00114425407 -0.0116940043 0.00821108465 0.0137780202 0.00775007248 -0.00768654333 -0.000212850226 0.00718299744 -0.00150603748 -0.00636368329 -0.00870137766 -0.00561509214 -0.00385736191 -0.00321350062 -0.00263291398 
-0.00274270504 -0.00254175423 -0.00160774373 -0.00164773 -0.00409614532 -0.00713530205 -0.00714175353 -0.00781849213 -0.00785717648 -0.00339790372 -0.00600946531 -0.00805413036 0.00140152495 0.00126387351 -0.00447282525 -0.00953600973 -0.0182115505 -0.0139511242 0.0159474203 0.0015341314 -0.0145378578 0.00403083345 0.00192575848 -0.00786916459 -0.00497275352 -0.00202317783 -0.00131655465 -0.00621473992 -0.00402803613 -8.13101881e-05 -0.00106106662 -0.00250613561 -0.0029681904 -0.00265856031 
-0.00268410811 -0.00244955363 -0.00152753266 -0.00163259177 -0.0041999398 -0.00743325286 -0.00842720206 -0.00793422458 -0.00710529488 -0.00372451962 -0.00403834462 -0.00609558888 -0.00425918862 0.00165705912 -0.000546560334 -0.0159428719 -0.0223950659 -0.0152906421 0.00987966283 -0.00337713206 -0.0179906026 -0.00424352582 -0.00500649605 -0.0113913531 -0.00690108511 -0.0060402441 -0.00771334055 -0.0098969574 -0.00446537797 0.00127979559 -0.000110559072 -0.00204130752 -0.00275143285 -0.00255655462 
-0.00264646871 -0.00239056082 -0.00140494502 -0.00122459206 -0.00303118476 -0.00487408404 -0.00347244747 -0.00327571723 -0.00116176327 0.00401702258 -4.79490342e-05 -0.0047074722 -0.00184907108 0.00489999954 0.00417445261 -0.0121750367 -0.0197717661 -0.0197528192 -0.0108181719 -0.0104275172 -0.0165344083 -0.0116803402 0.00135313731 0.00251810468 -0.0134987376 -0.00888691041 -0.00638965807 -0.0125321359 -0.0115111211 -0.00950507218 -0.0050164341 -0.00315760138 -0.00270605297 -0.00236426685 
-0.00258157204 -0.00227426243 -0.00117404097 -0.000740061132 -0.00188873515 -0.00329937038 -0.00211847952 -0.000772883187 0.0023045186 0.00667427391 -0.000631994001 -0.0064566597 0.000565378198 -0.0028377691 -0.00800898521 -0.00265752457 -0.00958836515 -0.0123079447 0.00186934814 0.00130861036 -0.000207029191 0.00721728358 0.00644998712 0.00402241306 0.000964796783 0.000110927048 -0.00211947748 -0.00843433684 -0.0109659471 -0.0117681309 -0.00696498495 -0.00372581028 -0.00255535496 -0.00216280824 
-0.00250608716 -0.00214229493 -0.00103401764 -0.000986217101 -0.00324114895 -0.00591133367 -0.00535761073 -0.00412191728 -0.0020778418 0.00192457655 -0.00376578218 -0.0074494387 0.000667932843 -0.00536205281 -0.0102712541 5.49437579e-05 -0.0041061675 -0.00594912472 0.00800187095 0.00715563597 0.00661292289 0.010854929 0.00152677431 -0.00222806954 0.00823563965 0.00311372493 -0.00551663426 -0.00933999045 -0.00957392793 -0.00928716829 -0.00563751622 -0.00314562221 -0.00232147438 -0.00205131824 
-0.00241757039 -0.00199201057 -0.00091018021 -0.00144014139 -0.00558150494 -0.0101930358 -0.00980751503 -0.00976824379 -0.0112763007 -0.00799268051 -0.00598319471 -0.00608690867 -0.00241488762 5.33181624e-05 -0.000783678636 -0.00610040796 -0.00395338998 -0.00348219018 -0.00619979444 -0.00299706733 -0.00296756741 -0.00906458596 -0.0147270361 -0.0121026593 0.00734251264 -0.00315552767 -0.0175622326 -0.0133018256 -0.00749900673 -0.00493167853 -0.0032087725 -0.00240520473 -0.0022393007 -0.00208111891 
-0.0023512357 -0.00188502363 -0.000706078598 -0.00084303158 -0.00380432671 -0.00719390095 -0.00626905556 -0.00729309257 -0.00947080174 -0.00729987139 -0.00624479079 -0.00730259051 -0.00749444366 -0.0059916104 -0.00942390245 -0.0109366447 -0.00263000919 0.000729092307 -0.0103382307 -0.0108751221 -0.0116037122 -0.0170513627 -0.0128430789 -0.00447380266 0.00289475856 -0.00365979723 -0.012326678 -0.0103848031 -0.00553904759 -0.00293678817 -0.0022550805 -0.0022884587 -0.00244918866 -0.00225968787 
-0.00236044126 -0.00194530705 -0.000798580145 -0.000862970889 -0.00381397231 -0.00753085359 -0.00750774942 -0.00774860684 -0.00957524227 -0.00902999454 -0.00880946957 -0.00807809255 -0.00303155407 -0.00441629288 -0.012422427 -0.0145072542 -0.00317945551 0.00146618672 -0.0119155199 -0.0131167588 -0.0125664015 -0.0146052713 -0.00677718936 0.00179008956 0.00177239326 -0.0024987351 -0.00647300761 -0.00622979208 -0.00396776237 -0.00268491693 -0.00250330034 -0.00271918767 -0.00284433048 -0.00251465929 
-0.00245817191 -0.0022061898 -0.00127761073 -0.0016012735 -0.00535441513 -0.0110350802 -0.0138067312 -0.0111489535 -0.0121343733 -0.0142719478 -0.0132989291 -0.00679829001 0.0122645791 0.00707950643 -0.00600855563 -0.014816678 -0.0043134575 0.000800061942 -0.0108460552 -0.0102882353 -0.00753586579 -0.00633800126 -0.00284966748 0.000370497618 -0.000310382814 -0.00264662361 -0.00417741589 -0.00423822177 -0.00357010866 -0.00315602617 -0.00315699197 -0.00328807698 -0.00323650647 -0.0027490008 
-0.0026190589 -0.00259423209 -0.00188441504 -0.00171938181 -0.00337003524 -0.00627976778 -0.00769407875 -0.00635975867 -0.00692392426 -0.00963593511 -0.00997749784 -0.0059087075 0.00523229997 0.000681252089 -0.00951309793 -0.00904123841 0.00195050399 0.00902068998 0.000784843304 -0.00294528497 -0.00275567825 -0.00215559168 -0.00188995827 -0.00179680451 -0.00259476965 -0.00359722156 -0.00406898764 -0.00407041971 -0.00381986306 -0.0036742171 -0.00368335187 -0.00370506521 -0.00350725192 -0.00290044624 
-0.00278664442 -0.0030110111 -0.00252695269 -0.00197054952 -0.00187850939 -0.00232087282 -0.00224873492 -0.00163672618 -0.00207881551 -0.00452990238 -0.00633258908 -0.00575799098 -0.00261240977 -0.00698042904 -0.0127590954 -0.00604999122 0.00534404392 0.0122617498 0.00599987679 0.000663457422 -0.00102860384 -0.00156261424 -0.00231520277 -0.00307084609 -0.00371453245 -0.00417154676 -0.0043020047 -0.00423765293 -0.00407895696 -0.00402820798 -0.00401580594 -0.00394365155 -0.00365962605 -0.00298490475 
-0.00289753116 -0.00333845028 -0.00314902404 -0.00264776751 -0.00204104859 -0.00152942084 -0.000975494616 -0.000451838615 -0.000523192917 -0.00161675312 -0.00302113825 -0.00394064346 -0.00435129989 -0.00695051319 -0.00882364191 -0.0050101034 0.00122951208 0.00486635767 0.00256873044 -0.000452565868 -0.00197603392 -0.00255083425 -0.00317593819 -0.00373416196 -0.00413218672 -0.00434508641 -0.00437869552 -0.00432333134 -0.00420881037 -0.0041676965 -0.0041401737 -0.00402788751 -0.00369852314 -0.00299329781 
-0.00288916351 -0.00347609212 -0.00355069393 -0.0033291235 -0.00289547422 -0.00241497274 -0.00192581256 -0.00148144797 -0.001266837 -0.00145015326 -0.00205726044 -0.00273893276 -0.00354239025 -0.00474475731 -0.00548297181 -0.0045035608 -0.002511094 -0.00133265822 -0.00180504901 -0.00276061212 -0.00330032217 -0.00349422152 -0.0037368065 -0.00397978201 -0.00415014099 -0.0042352237 -0.00422235092 -0.0041794452 -0.00411558645 -0.00408545306 -0.00404696642 -0.00392687815 -0.0035919351 -0.00289263849 
-0.00265477114 -0.00327113336 -0.00348751225 -0.00345853339 -0.00325131168 -0.00298330864 -0.00268740944 -0.00238152162 -0.00211879801 -0.00201326219 -0.0021583888 -0.0024879296 -0.00290396564 -0.00345076723 -0.00390577722 -0.00401507457 -0.0038208258 -0.00365727069 -0.00372138133 -0.0038197549 -0.00383740484 -0.00378629507 -0.0038042577 -0.00383381864 -0.00386583731 -0.00387474854 -0.00385341024 -0.00382246896 -0.0037769495 -0.00375356978 -0.00371415667 -0.003596039 -0.00327900675 -0.00263107593 
-0.00213110745 -0.00265669343 -0.00289397639 -0.00295438103 -0.00288923523 -0.00277275423 -0.00262530325 -0.00245433288 -0.00228035428 -0.00215396691 -0.00215379745 -0.0022547593 -0.00243364295 -0.00268590136 -0.00297283039 -0.00322889418 -0.00340114534 -0.0034908218 -0.003521892 -0.00347564764 -0.00338614238 -0.00327539605 -0.00321558725 -0.00317763623 -0.00315335702 -0.00313142548 -0.00310490992 -0.00308430995 -0.00305440454 -0.0030352686 -0.00299785308 -0.00289288756 -0.00262916384 -0.00210556374 
-0.00228074561 -0.00286863335 -0.00312930548 -0.00310667329 -0.00288401052 -0.00254726105 -0.00223738436 -0.00200862485 -0.00189010573 -0.00184706078 -0.0018477454 -0.00182390484 -0.00177809272 -0.00172796186 -0.00171062573 -0.00174066003 -0.0018009262 -0.00198089292 -0.00229867174 -0.00272211838 -0.00325376246 -0.00387695447 -0.00454820794 -0.00514086766 -0.00551208954 -0.00564811639 -0.00559270776 -0.00537815194 -0.00501805385 -0.00458739312 -0.00413333817 -0.00367417181 -0.00314346782 -0.00242640003 
-0.00289110004 -0.00362033052 -0.00385964582 -0.00363224133 -0.00312406627 -0.002587482 -0.00222533469 -0.00195271714 -0.00173268928 -0.00161537954 -0.00157920967 -0.00153356851 -0.00146805385 -0.00145429875 -0.00146747383 -0.00147207446 -0.00151986856 -0.00187241245 -0.00246977695 -0.00309883077 -0.00383115803 -0.00488212648 -0.00612020724 -0.00712565379 -0.00767451358 -0.00791979087 -0.00791104448 -0.00764951617 -0.00710605739 -0.00637750816 -0.00563675087 -0.00494173139 -0.00417962354 -0.0031914938 
-0.00319988378 -0.00392052044 -0.00400036822 -0.00325200046 -0.00215354024 -0.00183727222 -0.00238372468 -0.00236952447 -0.00183027047 -0.00148914198 -0.00128026762 -0.0011131458 -0.00117600383 -0.00139962482 -0.00161273786 -0.00138990268 -0.00106156929 -0.00184994463 -0.00310913712 -0.00330451577 -0.00347356694 -0.00507107831 -0.00699604218 -0.00796747946 -0.00828157832 -0.00857406484 -0.00881788522 -0.00883141831 -0.00824804776 -0.00725721343 -0.00644483708 -0.00579455138 -0.00493798036 -0.00374854927 
-0.00327030339 -0.00387494892 -0.00353348469 -0.00188682117 -5.50194961e-05 -0.000809789422 -0.00488294695 -0.00526800772 -0.00396058921 -0.00309111378 -0.00225574425 -0.00208744543 -0.00284125898 -0.00366277172 -0.00439270059 -0.00351453449 -0.00210935802 -0.00342675473 -0.0063533054 -0.00439004259 -0.00206214672 -0.00412023659 -0.00625370321 -0.00598196376 -0.00450772252 -0.00476274432 -0.00563655496 -0.00684111146 -0.0066924311 -0.00564978543 -0.00577031141 -0.00598254927 -0.00544179054 -0.00417683974 
-0.00323979215 -0.00371559688 -0.00303330585 -0.00094407513 0.00143134991 -0.000610526806 -0.0106815768 -0.00980052589 -0.00718234727 -0.00606997561 -0.00415373998 -0.00442713456 -0.00665948524 -0.00820319093 -0.00993201335 -0.00836364192 -0.00493816489 -0.00633451329 -0.012901032 -0.0070530418 -0.00103406522 -0.00364575285 -0.00449988859 -0.0014119316 0.00420465028 0.00406856184 0.00246071808 -0.00084341398 -0.00149564624 -0.000584101268 -0.00336626005 -0.00557173227 -0.00577087209 -0.00454149125 
-0.00310741315 -0.00345395193 -0.00297616734 -0.00205179472 -0.00164535644 -0.00431921648 -0.00983389755 -0.00833042483 -0.00644713147 -0.00513465515 -0.00405426508 -0.00487808771 -0.00731104674 -0.00871163179 -0.0107658694 -0.0101327322 -0.00702183987 -0.0072640755 -0.0110788655 -0.00998027592 -0.00775932592 -0.00470351155 -0.00453995662 -0.000954920524 0.00901174457 0.0101501882 0.00855298254 0.00514845035 0.00436429885 0.004778084 -0.000480798681 -0.00474105045 -0.0058274489 -0.00474581124 
-0.00295863111 -0.00317653204 -0.00295557303 -0.00378487255 -0.00785786624 -0.00925242747 -0.000127212914 -0.00103729656 -0.00310509112 -0.00227676839 -0.00376816965 -0.00438115909 -0.003490255 -0.00346499539 -0.00559303263 -0.00767361817 -0.00778262514 -0.0043117376 0.00299912151 -0.010953985 -0.0186975736 -0.00423983349 -0.00651608627 -0.00621496065 0.00762154816 0.00983429295 0.00899593062 0.00836385736 0.00864389113 0.00926463285 0.00217321994 -0.00376395829 -0.00564310469 -0.00477279805 
-0.00283373711 -0.00293575391 -0.00230236587 -0.00184479963 -0.0021773315 -0.0031218508 -0.00371587026 -0.00186190954 -0.00311103826 -0.00993217965 -0.00974954706 -0.00741041033 -0.00132519204 -0.00138872979 -0.00467599675 -0.00797310016 -0.00583355688 -0.000920843896 0.00394448807 -0.00202541721 -0.00669666212 -0.00568696634 -0.00630382994 -0.0045069658 0.00407271697 0.00479542828 0.00443036823 0.0053510352 0.00808051693 0.00998492926 0.00237306312 -0.00364598261 -0.00555555392 -0.0047411665 
-0.00274663315 -0.00270426513 -0.00168432405 -0.000440906313 -0.000146211671 -0.00299473197 -0.00911091667 -0.00538529476 -0.0039819136 -0.00928957893 -0.0096314422 -0.00866928496 -0.00598026982 -0.00594983596 -0.00833048443 -0.00963382367 -0.00689711848 -0.00364943776 -0.00123714791 -0.00102400757 -0.0006603324 -0.000359953494 -0.00122019122 -0.000853231931 0.00250465635 0.00248423071 0.00390339296 0.00508052171 0.00468494191 0.00338826211 -0.00172580716 -0.00505171828 -0.00570378309 -0.00465439926 
-0.00268862631 -0.00257764465 -0.00170139814 -0.00155908516 -0.0048239223 -0.00980879766 -0.0109065017 -0.00707253818 -0.00333285789 0.000822843456 -0.00244011886 -0.00652239183 -0.0122994778 -0.0109750063 -0.0112200252 -0.00977104056 -0.00947652007 -0.0104672989 -0.00939201855 -0.00926677112 -0.00529927353 0.00718871368 0.00409894352 -0.000194733206 -0.00117704505 0.00193284855 0.00854447037 0.0098338993 0.000848244744 -0.00650799008 -0.00647541261 -0.00624540722 -0.00576607745 -0.00450668639 
-0.00273862142 -0.00268775305 -0.00208878987 -0.00240103872 -0.00504891896 -0.00789353538 -0.0069054534 -0.00516574383 -0.00520025446 -0.00766908764 -0.00715535595 -0.00531610535 0.0017533992 -0.0014622958 -0.00671812458 -0.00820093654 -0.00739962331 -0.0081452938 -0.00934712499 -0.00645960297 -0.00214068312 -0.000826431952 -0.00295624288 -0.00591045185 -0.00693709188 0.000213025065 0.00982192603 0.01324443 0.00725733229 0.00256896847 -0.00251883572 -0.00509706526 -0.00533312023 -0.00430111282 
-0.00295872256 -0.00315608131 -0.0029573945 -0.00398040765 -0.00737962918 -0.0100458636 -0.00818060028 -0.00658624638 -0.00644234954 -0.00639999354 -0.00515800778 -0.00302505525 0.00501475792 0.00161108738 -0.00392384039 -0.00688124058 -0.00581191301 -0.00567665137 -0.00719085489 -0.00381577864 -0.00102061249 -0.00488269435 -0.00711678464 -0.0084563119 -0.00616112236 -0.000172014244 0.00475517524 0.00283895021 0.00355303288 0.0054158009 0.000388004519 -0.00353012174 -0.0046532872 -0.00395620546 
-0.00333068179 -0.00384532719 -0.00396102616 -0.00507211439 -0.00917159671 -0.0122485007 -0.00985008041 -0.00790438522 -0.00346404704 0.0101890815 0.00719703281 0.00033377478 -0.00753514303 -0.00555567642 -0.00492567265 -0.00609557732 -0.0056063425 -0.00498441826 -0.00420340369 -0.00402192451 -0.00350824611 -0.000763750772 -0.00434374214 -0.00603787165 -0.000596082118 0.000460109295 -0.00326726478 -0.0166963896 -0.00989385993 -0.00274999793 -0.00242111066 -0.00373170738 -0.00416178887 -0.0034968079 
-0.00369393946 -0.00440987896 -0.00398920737 -0.00137032901 0.00354847945 0.00738143478 0.0063484829 0.0013653425 0.000420039649 0.00371497551 0.0027847778 -0.000320315769 -0.00424422773 -0.00590579926 -0.0060764992 -0.00398844901 -0.00569130212 -0.00406074537 0.00488905269 -0.00041008143 -0.00382656253 0.00193744464 -0.00122067553 -0.00554504241 -0.00633809524 -0.000278674287 0.00520226761 0.00256095753 -0.0047033803 -0.00843860992 -0.00675054199 -0.00496041357 -0.0038879465 -0.00307057851 
-0.00388300199 -0.00457205682 -0.00317907759 0.00276470877 0.0125541483 0.0162488426 0.00649602037 0.00152447432 -0.000477087935 -0.00790397756 -0.00527015491 -0.00259536783 -0.00393524455 -0.00470602945 -0.00394381843 -0.00410128403 -0.0067061963 -0.00479403648 0.00281076007 -0.00197188437 -0.00469919501 0.000323625249 -0.00136579444 -0.00374948408 -0.00434100641 0.00236195145 0.0109434341 0.0136193293 -6.28775115e-05 -0.0106817588 -0.00929295964 -0.00569544628 -0.00363721212 -0.00270692799 
-0.0037890084 -0.00427270136 -0.00249525963 0.0033533198 0.0103924008 0.00469120978 -0.0183277923 -0.00975887044 -0.00297871732 -0.0154838988 -0.00693648063 -0.00148139207 -0.0123471335 -0.00784306244 -0.00398734236 -0.0103403914 -0.00724909641 -0.00325928514 -0.00750397065 -0.00548554666 -0.00451744083 -0.0048512392 -0.0027454809 0.00252652765 0.00825192815 0.00498063301 0.00490219305 0.00573842475 -0.00260497236 -0.011313848 -0.00925483015 -0.005380751 -0.00335796661 -0.00247881553 
-0.00348829974 -0.00369936379 -0.00224821934 0.00087705036 0.00109894334 -0.00791315253 -0.0230617273 -0.0148296643 -0.00503346539 -0.00597015644 0.00113643642 0.00312406827 -0.0140109966 -0.016066335 -0.0167603254 -0.0188118516 -0.00465445001 0.00959596243 0.0103036925 0.00436665445 -0.000585196809 -0.00241191676 0.00217391282 0.00863110107 0.0102024896 0.000220184182 -0.00245014056 0.00784923989 0.00277130413 -0.00483169485 -0.00625187658 -0.00452586582 -0.00317557665 -0.00244950602 
-0.00309218145 -0.00304498919 -0.00195144221 -0.000950803212 -0.00340349852 -0.0105395669 -0.0165523916 -0.0116478752 -0.00416520223 0.00170471321 0.0037730573 0.00209582428 -0.00609113558 -0.0135734314 -0.0193852057 -0.0156768711 -0.00492474904 0.00815099983 0.0187215512 0.00874605163 -0.000811377566 0.00400076351 0.0105193666 0.0126641192 0.00500532292 -0.00208649656 -0.000728177151 0.00833319235 0.00275903716 -0.00419915923 -0.0054011927 -0.00422517883 -0.00317833523 -0.00252242755 
-0.00277236152 -0.00252836251 -0.0015368211 -0.0014545193 -0.00427770197 -0.0071522695 -0.00542468832 -0.00769685524 -0.00560625064 0.00389434712 -0.00509758379 -0.00794232191 0.0112924815 -0.000917455373 -0.0107719069 -0.000698857699 -0.0133929937 -0.0136366016 0.0130592493 0.00194408988 -0.0106235384 0.00939683679 0.0157564492 0.00888932988 -0.00672553327 0.000181227128 0.00711855066 -0.00138190623 -0.00649417628 -0.00861302378 -0.00556460082 -0.00381680834 -0.00317718131 -0.00260892367 
-0.00259950086 -0.00227421736 -0.00127466815 -0.00145661686 -0.00424761088 -0.00734010012 -0.00746866424 -0.00846333098 -0.00817348201 -0.00348064699 -0.00644517192 -0.00812283733 0.00192695361 0.0016602416 -0.00474254379 -0.0110110535 -0.0209336388 -0.0152901051 0.016049102 0.00182103496 -0.0142040782 0.00485993546 0.00309320825 -0.00711014414 -0.00485196848 -0.00177552778 -0.00126051444 -0.00647368684 -0.00427438451 -0.00016630488 -0.000951914459 -0.00236158829 -0.00287109695 -0.00260143579 
-0.00252186575 -0.00215873865 -0.00116564092 -0.001393511 -0.00424747895 -0.00749879763 -0.00852621431 -0.00830334081 -0.00719761267 -0.00360183118 -0.00417372596 -0.00613916 -0.00371455577 0.00223838948 -0.000757104767 -0.0174883422 -0.0253517863 -0.0170686414 0.0092347258 -0.00355186919 -0.018007131 -0.00397557256 -0.00432950495 -0.0108969411 -0.00715351194 -0.00626084247 -0.0079446599 -0.0103704732 -0.00490773871 0.00103919601 -1.51244265e-05 -0.00185048441 -0.00260529341 -0.00246579091 
-0.00246970677 -0.00207605652 -0.000995433798 -0.000875835555 -0.00285447423 -0.0046481432 -0.00328901657 -0.00306701623 -0.00074204299 0.00436517253 0.000114699058 -0.00458641655 -0.00144547497 0.00531954671 0.00376719661 -0.0132503654 -0.0220081345 -0.0211906404 -0.0110159191 -0.0106113786 -0.0163124612 -0.0106437475 0.0024535313 0.0028733884 -0.0130293977 -0.00912130898 -0.0068274553 -0.0131151494 -0.0125310227 -0.00999880926 -0.00509452383 -0.00301762043 -0.00254220733 -0.00224905793 
-0.00239224386 -0.00193989303 -0.000737814283 -0.000360745902 -0.00169706954 -0.00307652812 -0.00180373267 -0.000381978742 0.00288043092 0.00716427087 -0.000633036512 -0.00650363179 0.000500818892 -0.00311392697 -0.00822325116 -0.00345794656 -0.0109233053 -0.0130927124 0.00192019103 0.00209372801 0.000765472319 0.00841927641 0.00811079488 0.0052081901 0.00164724541 0.000541762403 -0.002216293 -0.00920579285 -0.0123133213 -0.0126599373 -0.00724274785 -0.00363605454 -0.0023870564 -0.00203060409 
-0.00230560092 -0.00179541098 -0.000607223383 -0.000677200963 -0.00321391775 -0.00588632053 -0.00531659919 -0.00413926781 -0.00188802869 0.00203678707 -0.00401928654 -0.00763183128 0.000357599737 -0.00579150022 -0.0104600474 -0.000500596295 -0.00470124873 -0.00606857863 0.00826514536 0.00821208921 0.00767110402 0.0115728321 0.00226239555 -0.00138881257 0.00898377277 0.00380141875 -0.00545945689 -0.00985142092 -0.0104860281 -0.00989096845 -0.00578948128 -0.00302151585 -0.00214023651 -0.00191218252 
-0.00220999514 -0.00164081253 -0.00050719377 -0.00123333983 -0.00574284176 -0.0102799652 -0.0100205632 -0.010337502 -0.0114742622 -0.00809663783 -0.00643588321 -0.00647119225 -0.00268569576 -0.000259857395 -0.00141016325 -0.00639518286 -0.00424592833 -0.00360364025 -0.00609157314 -0.00309372999 -0.003071758 -0.00931428161 -0.0153577625 -0.0118940162 0.00745091005 -0.00291547769 -0.0173476817 -0.0135393318 -0.00785759968 -0.00508321139 -0.00313133775 -0.0022094041 -0.00205185008 -0.00195026372 
-0.00214479851 -0.00153860366 -0.000321648088 -0.000692592213 -0.0041151767 -0.00760804913 -0.00686456243 -0.00821427905 -0.0102354031 -0.00795770272 -0.00702660547 -0.0079485358 -0.00791724416 -0.00664715189 -0.0100675766 -0.0114449581 -0.00269278226 0.000505605998 -0.0111047667 -0.0121461487 -0.0127639557 -0.0181722546 -0.0139543385 -0.00485415987 0.00307098244 -0.00373496826 -0.0126829037 -0.0106718424 -0.00562205697 -0.00283821154 -0.00205446198 -0.00207772016 -0.00228327221 -0.00215271251 
-0.00216639908 -0.00161899586 -0.000433880041 -0.000712742919 -0.00408990019 -0.00795071476 -0.00815112908 -0.00869406161 -0.0104076002 -0.00988200188 -0.00984992131 -0.00864982863 -0.00309640867 -0.00467992063 -0.0128458116 -0.0148751877 -0.00311939621 0.00135540176 -0.0126129763 -0.0144821015 -0.013692167 -0.0153736999 -0.00728149694 0.00166940033 0.00200172811 -0.00249116456 -0.00671335109 -0.00640327106 -0.00396108063 -0.00254117502 -0.00231684061 -0.00255408595 -0.00272455359 -0.00244025398 
-0.00229005552 -0.0019209511 -0.000949669994 -0.00143915138 -0.00553948242 -0.0112574276 -0.0141417723 -0.0119781495 -0.0128053112 -0.0150058363 -0.0143714728 -0.00705047706 0.0123066175 0.00755769057 -0.00605564011 -0.0146694202 -0.00392025571 0.00119834519 -0.0107361262 -0.01093137 -0.00799306093 -0.00648179106 -0.00278626776 0.000597061116 -4.79717521e-05 -0.00253287638 -0.0042210366 -0.00428189731 -0.00352809312 -0.00304977992 -0.00303641162 -0.00318731625 -0.00316660254 -0.00270628623 
-0.00248725301 -0.00236675709 -0.00160358969 -0.00152280219 -0.00341240261 -0.00647652688 -0.00804234445 -0.00687433805 -0.00745772253 -0.0103984732 -0.011022846 -0.0062042661 0.0056182565 0.000939218004 -0.00954891605 -0.00879094411 0.00308838887 0.0101286469 0.00132240435 -0.00286634664 -0.00261505724 -0.00187588495 -0.00155698584 -0.00149272976 -0.00236521602 -0.00347692208 -0.00403465829 -0.00405375774 -0.00378307295 -0.00361712948 -0.00362506825 -0.00365812265 -0.00347591892 -0.00288184021 
-0.00269413012 -0.00284629988 -0.00230076856 -0.00174046236 -0.00172055409 -0.00223341143 -0.00221854424 -0.00162635363 -0.00213452084 -0.00480779796 -0.00683999874 -0.00593939102 -0.00254140388 -0.00726248872 -0.0129701306 -0.00575912061 0.0066151402 0.0135188727 0.00684251441 0.0011537077 -0.000629958335 -0.00117042049 -0.00197791767 -0.00282511017 -0.00356439337 -0.004097269 -0.00427683404 -0.00422792218 -0.00406790837 -0.00401050607 -0.00399841476 -0.0039314099 -0.00365238281 -0.00298117175 
-0.00283988432 -0.00323284612 -0.00298874631 -0.00243881288 -0.00180628021 -0.00127733364 -0.000691674687 -0.000130568499 -0.000216611406 -0.00143486784 -0.00298680456 -0.0038881662 -0.00435818396 -0.00720524518 -0.0090850081 -0.0048781001 0.00194420097 0.00571264026 0.00323311413 4.38947015e-06 -0.0016076642 -0.00224274044 -0.0029378152 -0.00357933206 -0.00404960662 -0.00431327737 -0.0043757777 -0.00432888289 -0.00421566976 -0.00417229626 -0.00414398391 -0.00403220601 -0.00370275533 -0.0029965766 
-0.00285677366 -0.00341634835 -0.00345404923 -0.00318369578 -0.00270041621 -0.00216962488 -0.0016238035 -0.00112455422 -0.000884554459 -0.00110582542 -0.00178484352 -0.00254449847 -0.00346682692 -0.00483795886 -0.00563497251 -0.00450983746 -0.00228708664 -0.000995486663 -0.00149686742 -0.00251350663 -0.00309230243 -0.00332451538 -0.00361228406 -0.00390410182 -0.00411732307 -0.00423057091 -0.0042334228 -0.0041949783 -0.00413064821 -0.00409849481 -0.00405872897 -0.00393711912 -0.00359993534 -0.00289820754 
-0.00263773331 -0.0032406263 -0.0034372814 -0.0033780042 -0.00313421059 -0.00282449106 -0.00248220374 -0.0021311128 -0.00183511578 -0.00172505524 -0.00189936107 -0.00228663894 -0.00279217835 -0.00344239476 -0.00396572168 -0.00407064667 -0.00382058853 -0.0036073672 -0.00365133027 -0.00374835808 -0.00376620108 -0.0037236426 -0.0037581681 -0.00380986842 -0.00386111841 -0.00388289031 -0.00386816491 -0.00383822228 -0.00379194027 -0.00376652295 -0.00372542359 -0.00360541236 -0.00328606764 -0.00263579473 
-0.00212152644 -0.00264079163 -0.00286904872 -0.00291364638 -0.00282729194 -0.00268549026 -0.00250926533 -0.00230890386 -0.00210965519 -0.00197233471 -0.00198153326 -0.00211472658 -0.00234303688 -0.00265569072 -0.00299388347 -0.00327732256 -0.00344982614 -0.00352645554 -0.00354172219 -0.00348122667 -0.00338009472 -0.00326552654 -0.00320788342 -0.00317616196 -0.00315856179 -0.00314123357 -0.00311726044 -0.00309635863 -0.00306551377 -0.00304484711 -0.00300610637 -0.00289967312 -0.00263417893 -0.00210887315 
-0.00229850356 -0.00288623725 -0.00313359182 -0.00307890585 -0.00281121144 -0.0024319517 -0.00208654929 -0.00183436364 -0.00169710783 -0.00164137343 -0.00163432024 -0.00160584731 -0.00155674886 -0.00150770952 -0.00149363868 -0.00153179411 -0.00161541803 -0.00183652433 -0.0022141095 -0.00271382686 -0.00332962774 -0.00404623105 -0.00481202258 -0.00548004963 -0.00589961166 -0.00605824341 -0.00600339663 -0.00576742689 -0.00536545015 -0.00487784766 -0.00436364338 -0.00384842044 -0.00326866128 -0.00251109478 
-0.00291290584 -0.00363492807 -0.00384170577 -0.00354960851 -0.00296427355 -0.00238196395 -0.00200874761 -0.0017266621 -0.00148218609 -0.0013390168 -0.001283901 -0.00122848542 -0.00116571827 -0.00115968445 -0.0011742245 -0.00117758443 -0.00124777201 -0.00166082869 -0.00235380602 -0.00308434983 -0.00392768294 -0.00511371088 -0.00648027223 -0.00757553787 -0.00817123212 -0.0084297542 -0.00842738176 -0.00815205128 -0.00755874641 -0.00675979379 -0.00594670828 -0.00518353148 -0.0043568624 -0.00331239206 
-0.00321768615 -0.00391666169 -0.0039221493 -0.00305025201 -0.00185105227 -0.00154404532 -0.00218806363 -0.00224339625 -0.00166853225 -0.00125250881 -0.00100153108 -0.000828620285 -0.000924682073 -0.00119422197 -0.00139240901 -0.00112392309 -0.000809763726 -0.00166890186 -0.00303392024 -0.003336808 -0.00360604744 -0.00531662854 -0.00735245852 -0.00837534904 -0.00864724961 -0.00888974407 -0.00916960596 -0.00922642982 -0.00862058142 -0.0075936974 -0.00675937914 -0.00607280718 -0.00515996832 -0.00390664456 
-0.00327477465 -0.00383456323 -0.00336865151 -0.00154244871 0.000396168602 -0.00053171963 -0.00485546886 -0.00548983983 -0.00409551064 -0.00305070861 -0.00216536952 -0.00200510568 -0.00285890162 -0.00384173544 -0.00450237877 -0.00349382837 -0.00208724902 -0.00347350491 -0.00645007904 -0.00459305842 -0.00231267621 -0.00433757396 -0.00644521896 -0.00607512579 -0.00435044944 -0.00434361703 -0.00535174836 -0.00672592803 -0.00661034555 -0.00567863336 -0.00593668073 -0.00623284809 -0.00568712994 -0.00436707629 
-0.00322225966 -0.0036317809 -0.00280988243 -0.00053794333 0.00191958119 -0.000556435167 -0.0107364772 -0.0104196558 -0.00760851791 -0.0061896532 -0.00432869458 -0.00460343213 -0.00698175191 -0.00889299802 -0.0104399146 -0.00865833763 -0.005285498 -0.00678995821 -0.0131259045 -0.00755136604 -0.00158944533 -0.00381418091 -0.00445645861 -0.00107133525 0.00502889871 0.0055700012 0.00363674414 3.13746697e-05 -0.000643901442 -0.000108971188 -0.00326151803 -0.00572889678 -0.00601142062 -0.0047530082 
-0.00306546012 -0.00334168612 -0.00276440733 -0.00176591389 -0.00146177937 -0.0043347096 -0.00978515481 -0.00873553709 -0.00673104787 -0.00523738505 -0.00427404878 -0.00511513449 -0.00762071028 -0.00939349396 -0.0113100116 -0.0105416671 -0.00759402014 -0.00779187744 -0.0113966906 -0.0107340355 -0.00843362224 -0.00497066791 -0.0044448948 -0.000449553043 0.0100778305 0.0121624046 0.0102081474 0.00650583243 0.00579440613 0.00567733691 -0.000120735488 -0.00479622847 -0.00604806471 -0.0049687522 
-0.00289011024 -0.00304002349 -0.00275723542 -0.00360093674 -0.00765795114 -0.00879625299 -0.000457594061 -0.00106054225 -0.00305921537 -0.00264755386 -0.00415630392 -0.00466357083 -0.0037075566 -0.00385529325 -0.00603858639 -0.00812830798 -0.00821566389 -0.0045173973 0.0020468092 -0.0112928312 -0.0184013924 -0.00489858946 -0.00642368981 -0.00545842555 0.00847569649 0.0116872483 0.0106099993 0.00971718531 0.010311441 0.0103405535 0.00266976253 -0.00374808339 -0.00584578291 -0.00499924774 
-0.00274365507 -0.00276110069 -0.0020630241 -0.0016242041 -0.00210146499 -0.00311865799 -0.00353904898 -0.00179437355 -0.00324377355 -0.0100859913 -0.0104791788 -0.0078748961 -0.00177095685 -0.00175940272 -0.00514036933 -0.00842850261 -0.00637535004 -0.00114135014 0.00386613301 -0.00208014546 -0.00691110428 -0.00562592938 -0.00603877818 -0.0039121363 0.00513015049 0.00669415645 0.0062147294 0.00705989385 0.0100565588 0.011246816 0.00295464497 -0.00361140219 -0.00575173926 -0.00496467408 
-0.00263965075 -0.00250464046 -0.00141364902 -0.00020573663 -7.21641301e-05 -0.0031277119 -0.00891663857 -0.00550803715 -0.00417389232 -0.00936193024 -0.0102297168 -0.00917105211 -0.00652705152 -0.00659254032 -0.00894169354 -0.0102003631 -0.00755800384 -0.00403964661 -0.00129345022 -0.00104873483 -0.000778835242 -2.89372654e-05 -0.000635758379 -0.000248673731 0.00335899222 0.00407006501 0.00544364333 0.00653404067 0.006243328 0.0043820102 -0.00129072008 -0.00506984192 -0.00591729279 -0.00487507536 
-0.00257924956 -0.00238536164 -0.00147561562 -0.00145629818 -0.00490074953 -0.00974068529 -0.0108322831 -0.00721887936 -0.0034343639 0.000221091303 -0.00286549179 -0.00686048034 -0.0120942981 -0.011435318 -0.0117115584 -0.0104181748 -0.0101978222 -0.0108181295 -0.00960453447 -0.00932977452 -0.00497692005 0.00697551076 0.00460729217 0.000231009045 -0.000580243943 0.00315758053 0.00966810882 0.0108236451 0.00219420855 -0.00524183818 -0.00603891704 -0.00630609255 -0.00597814612 -0.00471315214 
-0.00264634938 -0.0025329989 -0.00195625781 -0.00250301366 -0.0055212695 -0.00841092374 -0.00736049831 -0.00555354024 -0.00542036051 -0.00758695646 -0.00738191154 -0.00532750423 0.00144215021 -0.00171537386 -0.00711389975 -0.0087632506 -0.00817283842 -0.00883414555 -0.00974981455 -0.00666393942 -0.00215252153 -0.000474092279 -0.00251783862 -0.00561244637 -0.00626371273 0.00147381419 0.0111403554 0.0143319202 0.00860238323 0.00335743584 -0.00219412017 -0.00511577105 -0.00549675306 -0.00446724416 
-0.00290041833 -0.00305120121 -0.00289027167 -0.00414023005 -0.00788183081 -0.0105333197 -0.00862141089 -0.00699218631 -0.00652857664 -0.00600856274 -0.00495449032 -0.00270345736 0.00479684215 0.00156635599 -0.00412147284 -0.00722108005 -0.00636904428 -0.00621034278 -0.00740234255 -0.00383182718 -0.00102970161 -0.00452363008 -0.006918852 -0.00830164529 -0.00566201732 0.000921167126 0.00576328752 0.00366656528 0.00443239527 0.00582316004 0.000578521002 -0.00353033049 -0.00475608694 -0.00407339967 
-0.00331131645 -0.00377647354 -0.00383304699 -0.00490873184 -0.00892291543 -0.0116368089 -0.00940848643 -0.00777962012 -0.00307106727 0.00996846709 0.00766082656 0.000741700475 -0.00689248234 -0.00568869496 -0.0052040295 -0.0062996173 -0.00595429053 -0.00516974848 -0.00403091001 -0.00373657896 -0.00313998035 -0.000592096536 -0.00399804559 -0.00581005337 -0.000579010563 0.00130187316 -0.00230792036 -0.0151075158 -0.00957358747 -0.00282679948 -0.0024838677 -0.00379546511 -0.00424129363 -0.00357869142 
-0.00370362984 -0.00433894613 -0.00366592669 -0.00059170259 0.00474082524 0.00838054114 0.00684350655 0.00178146973 0.000857927434 0.00417385282 0.00332344936 -4.60428142e-05 -0.00441402258 -0.00634649316 -0.00633441503 -0.00433906323 -0.00595989574 -0.00395469791 0.00491118083 0.000128099079 -0.00317514889 0.00240839697 -0.000526012659 -0.00504657897 -0.00554763551 0.000912767634 0.00616616194 0.00287702241 -0.00469799424 -0.00858362469 -0.00695380693 -0.00509879895 -0.00397616201 -0.00312628092 
-0.0038971038 -0.00446919413 -0.00269035074 0.00393233507 0.0143370344 0.0174208587 0.00700940692 0.00181834646 -0.000407771691 -0.00761465913 -0.00523284649 -0.00264692499 -0.00439464978 -0.00527852169 -0.00439597471 -0.00457025938 -0.00695628944 -0.00464018267 0.00283201513 -0.00144243279 -0.00410363282 0.000735177566 -0.000603970236 -0.0030582339 -0.00331336636 0.00367340504 0.0120240337 0.013886514 0.000138047089 -0.0106829883 -0.00947915469 -0.00585897176 -0.00372967451 -0.00274729672 
-0.00378172049 -0.00413228543 -0.00199543728 0.00437565219 0.0116137876 0.00527174304 -0.017297904 -0.0101929587 -0.00370983103 -0.0148934891 -0.00694130258 -0.00187918524 -0.0124650909 -0.00893972091 -0.00532538873 -0.0108106817 -0.00743799106 -0.00297206105 -0.00629608603 -0.00480398081 -0.00410217423 -0.00420097227 -0.00178501056 0.0033965449 0.00874638919 0.00605851936 0.00598500948 0.00662992153 -0.00204917922 -0.0109539992 -0.00930615161 -0.00551812191 -0.00343391283 -0.00250706209 
-0.00343660119 -0.00352032486 -0.00181814103 0.00153294336 0.00168917875 -0.00798369684 -0.0235410989 -0.0158554604 -0.00571854625 -0.00591522406 0.00143312398 0.00282142966 -0.0145417182 -0.0177019504 -0.0182390379 -0.0193570444 -0.00471670752 0.00993971519 0.0111428643 0.00548079559 0.000257442087 -0.00129867319 0.00376679531 0.0101294519 0.011132827 0.00120551467 -0.00128700915 0.00854923497 0.00349856089 -0.00457463987 -0.00627961013 -0.00461444293 -0.00322401027 -0.00246082607 
-0.00299245595 -0.00282270143 -0.00158180669 -0.000574017676 -0.00333334651 -0.0108372166 -0.0172017736 -0.0126039687 -0.00461186803 0.0017911756 0.00407611176 0.00207736174 -0.00635722901 -0.0147981314 -0.0204847739 -0.0163039951 -0.00533596858 0.00832820799 0.0193758627 0.00996748919 0.000319124304 0.00542073152 0.012643409 0.0142857544 0.00597544709 -0.00130208498 0.000134850221 0.00862020443 0.00319787462 -0.00401775722 -0.00539593801 -0.00425545713 -0.00319369643 -0.0025173994 
-0.00262956737 -0.00226603837 -0.00119368173 -0.00120647535 -0.00428674262 -0.00736679789 -0.00622496529 -0.00831271854 -0.00569559812 0.00343169196 -0.00487054562 -0.00716721587 0.0103329185 -0.0011614389 -0.0109841675 -0.00270845186 -0.0145290583 -0.0131551246 0.0131736032 0.00286056058 -0.00915297928 0.0102257578 0.0173346943 0.00994302262 -0.00531683474 0.000591544083 0.00686679776 -0.00109531394 -0.00638097502 -0.00832532888 -0.00546425307 -0.00377065756 -0.00313767975 -0.00257978976 
-0.00242543188 -0.00197974577 -0.000935363575 -0.00127662043 -0.00439804368 -0.0075519727 -0.00782185385 -0.00907423409 -0.00842087726 -0.00357950153 -0.00675435796 -0.00802150594 0.00230931477 0.00193487478 -0.00505422535 -0.0124407854 -0.0233136681 -0.0164077399 0.01536157 0.00202029583 -0.013518514 0.00534710686 0.00424912113 -0.00606613452 -0.00467865098 -0.00156707073 -0.00125028634 -0.00660778166 -0.00454084815 -0.000377558102 -0.000905394015 -0.00222847352 -0.00276782519 -0.00253545131 
-0.00232641547 -0.00183893393 -0.000795886311 -0.00116400942 -0.00428521612 -0.00754422597 -0.00857677021 -0.00860834553 -0.00722489969 -0.00347532911 -0.0042786324 -0.00610527599 -0.0030990692 0.00270692334 -0.00109345806 -0.0187591509 -0.0279344632 -0.0187078153 0.00792379451 -0.00379075247 -0.0176787909 -0.00383439622 -0.00355040693 -0.0100976977 -0.00735501237 -0.0064641026 -0.00813744414 -0.0107358932 -0.00544428522 0.000582198829 -2.95590321e-05 -0.0016895038 -0.00245786697 -0.00236682046 
-0.00225734447 -0.0017298646 -0.000574653315 -0.000537287719 -0.00268203899 -0.00444403932 -0.00319111017 -0.00289111581 -0.000367517095 0.00451131902 0.000223309296 -0.00440479387 -0.00106395616 0.00545679959 0.00306683612 -0.0141442954 -0.0239385952 -0.0223821152 -0.011073762 -0.010589872 -0.0157558342 -0.00935968 0.00335017026 0.00306449089 -0.0120872953 -0.00918639807 -0.0072808965 -0.0135043797 -0.013390994 -0.0104152698 -0.0052068747 -0.00291205528 -0.00238858559 -0.00213009346 
-0.00216593158 -0.00157220424 -0.000291404024 -1.10215825e-06 -0.00154446858 -0.00291103808 -0.001588765 -7.87270341e-05 0.00334328275 0.00740285156 -0.000602394149 -0.00639525136 0.00032362632 -0.00328674972 -0.00828670815 -0.00447710825 -0.0122428465 -0.0137921167 0.0016127407 0.00271375631 0.00168548321 0.00928630337 0.00953876626 0.0062809813 0.00226730339 0.000836005981 -0.00246908012 -0.009968195 -0.0135960771 -0.0134810616 -0.00755222909 -0.00359181194 -0.00224023382 -0.00189889061 
-0.00206711208 -0.00141444005 -0.000168489556 -0.000378843062 -0.00319388979 -0.00586846922 -0.00530407708 -0.00418432827 -0.00175059181 0.0019839225 -0.00421140431 -0.00767377992 -0.000104561312 -0.00609326484 -0.0104574809 -0.00132692918 -0.00538287247 -0.00619653722 0.00806731345 0.00897676656 0.00853888921 0.0119119192 0.00296142978 -0.000465405643 0.00941445505 0.00427171796 -0.00549165816 -0.0103897612 -0.0114186958 -0.0105062608 -0.00600184657 -0.00294969151 -0.00197982387 -0.00177293242 
-0.00196467639 -0.00125645561 -9.20936643e-05 -0.00101537924 -0.00581809009 -0.0102614788 -0.0101507598 -0.0107887815 -0.0115457164 -0.00814389166 -0.00688138727 -0.00685270083 -0.00305160582 -0.000806203203 -0.0022557336 -0.00667221304 -0.00460306301 -0.00378438862 -0.00586296352 -0.00319537518 -0.00319635096 -0.00931887372 -0.0154976732 -0.0113285249 0.00720179792 -0.00264058885 -0.0168336967 -0.0137216224 -0.00830155618 -0.00533031675 -0.00312858868 -0.00205402646 -0.00187544312 -0.00181530367 
-0.00190238035 -0.00116256967 6.55588472e-05 -0.000565157188 -0.00444379868 -0.00805456988 -0.00757184067 -0.00921792348 -0.0110515983 -0.00871523694 -0.00789369129 -0.00861087091 -0.00825194878 -0.00727251128 -0.0106721276 -0.0118663749 -0.00294361327 4.87053461e-05 -0.0116838802 -0.0133280568 -0.0138854144 -0.0190027277 -0.0148840429 -0.00521604752 0.00307254952 -0.00381464556 -0.0129149747 -0.0109473585 -0.00578671734 -0.00282413989 -0.00190395018 -0.00188583286 -0.00211618174 -0.00203746481 
-0.00193875055 -0.00126558895 -7.02089339e-05 -0.000595968203 -0.00440147069 -0.00841508236 -0.00888994181 -0.00974786965 -0.0113299305 -0.0108158456 -0.0109172936 -0.00921723243 -0.00323431613 -0.00496860955 -0.0131702114 -0.0150821546 -0.00322224366 0.00101005211 -0.0130988214 -0.015742915 -0.0148181838 -0.0160024562 -0.00782285023 0.00138336509 0.0021279122 -0.00251193797 -0.00694784945 -0.00660603455 -0.00401167084 -0.0024410929 -0.00214914601 -0.00238909845 -0.00259545998 -0.00235547904 
-0.00209119257 -0.0016089431 -0.000616584986 -0.00128534283 -0.00568015056 -0.0113819411 -0.0142950374 -0.0127403035 -0.0134429833 -0.0155794635 -0.0152341995 -0.0072854608 0.0116868175 0.00756678399 -0.00620614867 -0.014273338 -0.00353923452 0.00151553059 -0.0103241507 -0.0114462279 -0.00849881871 -0.00668300977 -0.00280001236 0.000744935413 0.000181073387 -0.00242480526 -0.00427733178 -0.00434953954 -0.00350991644 -0.00295581614 -0.00291468766 -0.00307753079 -0.00308522144 -0.00265373088 
-0.00232818359 -0.0021133661 -0.00131241277 -0.00133965475 -0.00347450931 -0.00667856652 -0.00837214289 -0.00744115182 -0.00805675077 -0.0111093311 -0.0119644252 -0.00648223773 0.00568463917 0.00105344736 -0.00950891892 -0.0084686185 0.00407223258 0.0110223989 0.00191020683 -0.00275532886 -0.0025260441 -0.00166593698 -0.00126190981 -0.00119516671 -0.00211957388 -0.00333877955 -0.00399487533 -0.00403945721 -0.00374911652 -0.00355816647 -0.00355974508 -0.00360152127 -0.00343513481 -0.00285588269 
-0.00257824755 -0.00265643065 -0.00205928749 -0.00151666452 -0.0015977517 -0.00219634157 -0.00225600299 -0.00171946375 -0.00230100424 -0.00512170027 -0.0073201241 -0.0060952069 -0.00252206062 -0.00745496043 -0.0129881403 -0.00545024186 0.00770479119 0.0145505273 0.0076551349 0.00166031488 -0.000245657377 -0.000800583785 -0.00164165762 -0.00255989666 -0.00338914694 -0.00400190124 -0.00423921438 -0.00421220946 -0.00405305396 -0.00398723433 -0.00397402877 -0.00391203027 -0.00363875734 -0.0029725678 
-0.00276318438 -0.00310428258 -0.00280763308 -0.00221930643 -0.00157911809 -0.00104981843 -0.000449171008 0.000129425356 1.77477804e-05 -0.00131037065 -0.00298564019 -0.00384503744 -0.00436288772 -0.00740584835 -0.00926671761 -0.00471573862 0.00264171445 0.00654246361 0.00393572184 0.000509138482 -0.00121006001 -0.00191782963 -0.00268023089 -0.00340191027 -0.00394589523 -0.00426559962 -0.00436247992 -0.00432775905 -0.00421846767 -0.00417265724 -0.00414313156 -0.00403226083 -0.00370332613 -0.00299707411 
-0.0028094814 -0.00333706421 -0.0033351084 -0.00301542242 -0.00248617093 -0.00190961438 -0.00131346915 -0.000768451957 -0.000513597558 -0.000780196115 -0.00153099903 -0.00236272891 -0.00339639832 -0.00492556032 -0.00576816703 -0.00448278941 -0.00201076765 -0.000588267424 -0.00111324729 -0.00220391442 -0.00284208376 -0.00312670364 -0.00346569532 -0.00381020064 -0.00407031443 -0.00421621515 -0.0042388381 -0.0042071637 -0.00414380951 -0.00410981139 -0.0040687244 -0.00394574686 -0.00360647705 -0.00290261213 
-0.00260975438 -0.00319519823 -0.00336822747 -0.00327464007 -0.00299191376 -0.0026385528 -0.0022492753 -0.00185535468 -0.00153224525 -0.00142526841 -0.00163416597 -0.00208084277 -0.00267902406 -0.00343295303 -0.00401822991 -0.00410044396 -0.00377251895 -0.00349664652 -0.00352138797 -0.00362933177 -0.00366055978 -0.00363674719 -0.00369380544 -0.00377254614 -0.00384705545 -0.00388504975 -0.00387935249 -0.00385201079 -0.00380601665 -0.00377878103 -0.00373601772 -0.00361418207 -0.00329255595 -0.00264001681 
-0.00210435249 -0.0026143701 -0.0028303477 -0.00285531952 -0.00274443911 -0.00257391763 -0.00236659407 -0.00213622938 -0.00191378778 -0.00176929603 -0.00179179894 -0.00196092971 -0.00224283404 -0.0026183637 -0.00300594496 -0.00330908516 -0.00347198595 -0.00352927082 -0.00352870897 -0.00345891767 -0.00335244804 -0.003239643 -0.0031880113 -0.00316592167 -0.00315776124 -0.00314734892 -0.00312748937 -0.00310724608 -0.00307616549 -0.00305414782 -0.00301413678 -0.00290629297 -0.00263900269 -0.00211197363 
-0.0023083531 -0.00289144877 -0.00312027967 -0.0030289497 -0.00271518128 -0.00229711848 -0.00192125468 -0.00164867781 -0.00149142345 -0.00141955493 -0.00140178912 -0.00136827793 -0.00131828223 -0.00127449672 -0.00126742619 -0.00131626396 -0.00142753152 -0.00169531847 -0.00213681309 -0.00271573925 -0.00341786475 -0.00422985613 -0.00509103753 -0.00583324466 -0.00630048176 -0.00648246556 -0.00642996836 -0.00617473102 -0.0057333546 -0.00519078852 -0.00461766096 -0.00404627709 -0.00341499182 -0.00261211385 
-0.00292282559 -0.00363045601 -0.00379757542 -0.003438165 -0.00278054696 -0.00216572111 -0.00179529716 -0.00151211503 -0.00124344832 -0.00106971098 -0.000990356586 -0.000925383923 -0.000871419799 -0.000880471166 -0.000902193046 -0.000908041577 -0.00100484195 -0.00148178584 -0.0022685982 -0.00309436014 -0.00404129583 -0.00535322998 -0.00683384927 -0.0080045358 -0.00863926335 -0.00890677872 -0.00891203152 -0.00862870619 -0.00799513 -0.00713752989 -0.00626388047 -0.005441577 -0.00455393801 -0.00345103291 
-0.00321962652 -0.00388830923 -0.00381311858 -0.00282927039 -0.00155769203 -0.00127405157 -0.00201088921 -0.00214436336 -0.00154787243 -0.00105325445 -0.000755816251 -0.000583057708 -0.00072005372 -0.00104333882 -0.00123448039 -0.000933306206 -0.000647909838 -0.00156580026 -0.00301024341 -0.00341477468 -0.00377702488 -0.00556019847 -0.00765971118 -0.00870836798 -0.00892698824 -0.00910826559 -0.00941562337 -0.00951932446 -0.0089116424 -0.00787732532 -0.00704575347 -0.00634419207 -0.00539105318 -0.00407922278 
-0.00325974122 -0.00376708617 -0.00318284463 -0.00122620478 0.000747900294 -0.0003372646 -0.00478328742 -0.00566810905 -0.00423935681 -0.0030307133 -0.00210794833 -0.0019688888 -0.00291099971 -0.00404916821 -0.00465380998 -0.00355593809 -0.00219470421 -0.00361505533 -0.00654300938 -0.00484742044 -0.00265900004 -0.00456305209 -0.00656466372 -0.00607800305 -0.00413559215 -0.00384970008 -0.00494563208 -0.00646035157 -0.00640731465 -0.00562834722 -0.00603859082 -0.00644164521 -0.00592007839 -0.00456264171 
-0.00318239183 -0.00351975617 -0.00257847456 -0.000204384617 0.00219907153 -0.000638864827 -0.0105361547 -0.0108265659 -0.00795536635 -0.00625248723 -0.00449577762 -0.00478640138 -0.00723789048 -0.00947050354 -0.010853862 -0.00893559923 -0.00573151598 -0.00728991437 -0.0131269989 -0.00805689256 -0.00231431127 -0.00400415007 -0.00436664913 -0.0007088009 0.00570151591 0.0069382003 0.00480615714 0.00100771133 0.000267453916 0.000387018838 -0.00307325705 -0.00580300928 -0.00620964412 -0.00495587342 
-0.0030010892 -0.0032053921 -0.00254094948 -0.00150833666 -0.00136143442 -0.00437781061 -0.00957493246 -0.0090204846 -0.00699042784 -0.00536161612 -0.00453589921 -0.00539046403 -0.00789031956 -0.00999172614 -0.0117760947 -0.010912403 -0.00819602259 -0.00832129698 -0.0115671453 -0.0113726077 -0.00906346637 -0.00526684698 -0.00428565428 0.000133190146 0.0109373763 0.0139604494 0.0118061653 0.00791842663 0.00722811091 0.00655733043 0.000338508662 -0.0047315783 -0.00619951317 -0.00516988256 
-0.00279893071 -0.00288338014 -0.00254271802 -0.00336193499 -0.00724079452 -0.00819540084 -0.00102592052 -0.00129194609 -0.00313792117 -0.00316031652 -0.00463447714 -0.00503061218 -0.00405547093 -0.00439433771 -0.00660277725 -0.00861734136 -0.00859671466 -0.00477926892 0.000783815007 -0.0113971167 -0.0176856378 -0.00562820182 -0.00618569785 -0.00442525201 0.009218313 0.0133915323 0.012225964 0.0110866679 0.0118952644 0.0113331855 0.0032503392 -0.00360085703 -0.00596563514 -0.00519618077 
-0.00263060597 -0.00256818089 -0.00182561643 -0.00143665031 -0.00209768247 -0.00319823419 -0.00344810488 -0.00188634829 -0.00348491711 -0.0100638453 -0.0110182281 -0.0083038795 -0.00244255179 -0.00236205407 -0.00574434 -0.00888860341 -0.00694238412 -0.00151545357 0.00343202812 -0.00227894985 -0.00706208215 -0.00551170147 -0.00559147432 -0.00308168979 0.00616228497 0.00860889847 0.00813663361 0.00886396127 0.0119354592 0.0123622314 0.00359954394 -0.00345202856 -0.00586553437 -0.00515734139 
-0.00250957926 -0.00228949256 -0.00116241514 -5.63533373e-05 -0.000169486622 -0.00338756398 -0.00864031511 -0.00566518923 -0.00444763176 -0.00931531775 -0.010680308 -0.00961703988 -0.00712383283 -0.00728640939 -0.00956791177 -0.0107395607 -0.00824281199 -0.00452970166 -0.00152161076 -0.00122622039 -0.000976126236 0.000248721435 -2.07114706e-05 0.000467914955 0.00425117757 0.00575533744 0.00715744489 0.00812825882 0.00785845547 0.00542353567 -0.000716880736 -0.00495788515 -0.00605832982 -0.00506956808 
-0.00244851556 -0.0021832394 -0.0012707693 -0.0013943101 -0.00494001772 -0.00959033787 -0.01067274 -0.007355738 -0.00365120011 -0.000652447076 -0.00347322831 -0.00722002047 -0.0116753577 -0.011691767 -0.0121012712 -0.0110504729 -0.0108601504 -0.0110818602 -0.00972031259 -0.00917192311 -0.00453486043 0.00645189564 0.00490372382 0.000702766583 0.000172389119 0.00448747528 0.0108316408 0.0118369027 0.00380870725 -0.00360709455 -0.00536451771 -0.0062318478 -0.0061278782 -0.0048987736 
-0.00253509936 -0.00237233333 -0.00184508416 -0.00263841312 -0.00599040528 -0.00891647851 -0.00787469693 -0.00602000253 -0.00566781379 -0.00738675018 -0.00744978656 -0.00529626681 0.000861852626 -0.00213743988 -0.00753788423 -0.00933175214 -0.00897905731 -0.00952450835 -0.0100749793 -0.00683783583 -0.00218249463 -0.000148227708 -0.00202184965 -0.00511772483 -0.00529680632 0.00283928893 0.012370831 0.0152064046 0.00983078873 0.00414524867 -0.00176959106 -0.00503899373 -0.00560998588 -0.00461615554 
-0.00282182546 -0.00293390604 -0.00282357358 -0.00428057963 -0.0082809931 -0.0109024539 -0.00902585906 -0.00736492441 -0.00654123375 -0.00549825528 -0.00460818423 -0.00235596389 0.00426473186 0.00127564916 -0.00441494558 -0.00757788566 -0.00698598982 -0.00679698998 -0.00757532978 -0.00389757738 -0.00109443612 -0.00404627747 -0.00651933562 -0.00788828405 -0.00494962921 0.00207298985 0.00676666686 0.00457661184 0.00525648629 0.00609328211 0.000760682724 -0.00348740671 -0.00482504744 -0.00417823409 
-0.003264747 -0.00367413611 -0.00366062872 -0.00463891522 -0.0083818675 -0.0107124886 -0.00874734693 -0.00742493046 -0.00262891808 0.00929482307 0.00774061669 0.00104230315 -0.00606790448 -0.00573179513 -0.0055057058 -0.00652338936 -0.00631413753 -0.00536564337 -0.00386193303 -0.00339387637 -0.00270013859 -0.000454243713 -0.0035721653 -0.00541400244 -0.000549607192 0.00215697696 -0.00110488224 -0.0127822713 -0.00878665767 -0.00279283563 -0.00252274064 -0.00384177382 -0.00430906666 -0.00365761742 
-0.00367636249 -0.0042094272 -0.003270176 0.000205670893 0.00578479951 0.00913628578 0.00710889727 0.00211292034 0.00123870713 0.00443983577 0.00369640764 0.000141626428 -0.00454875562 -0.0067176029 -0.0065869781 -0.00478396802 -0.00619685685 -0.00383979697 0.0046064069 0.000599097204 -0.00242044117 0.00272996798 0.000139144709 -0.00435827477 -0.00448110766 0.00219720069 0.00710985516 0.00324241747 -0.0045030623 -0.00853302196 -0.00708880752 -0.00523454292 -0.004076456 -0.00319032263 
-0.00386577367 -0.00429052127 -0.0021305967 0.00501907705 0.0156851269 0.0180819516 0.00732341424 0.00197526864 -0.000425581559 -0.00712614877 -0.00508833991 -0.00273821988 -0.00489240624 -0.0059150124 -0.00498073043 -0.00515532025 -0.00714097035 -0.0044151546 0.00268494222 -0.00087643431 -0.00333351628 0.00113281394 0.000227156866 -0.00213148757 -0.00197427682 0.00508959871 0.0129848008 0.0138804417 0.000363803215 -0.0104679709 -0.00957673173 -0.00603065806 -0.00384951129 -0.00280325139 
-0.00372719107 -0.00391866245 -0.00143914734 0.00528799007 0.0124414584 0.00565220871 -0.0157173281 -0.0104478709 -0.00450208201 -0.0138999775 -0.00683766678 -0.00238214066 -0.0123606214 -0.0100738671 -0.00687667574 -0.0112310454 -0.00756980077 -0.00261365755 -0.00476441143 -0.00383865273 -0.00344228483 -0.00326729994 -0.000561690567 0.00443294578 0.00922058224 0.00721518368 0.00719568416 0.00756129007 -0.00132325642 -0.0103528923 -0.00927207237 -0.00567034731 -0.00353907644 -0.00255091279 
-0.00334140105 -0.00328475945 -0.00135226478 0.00212916259 0.00215355155 -0.00797973923 -0.0234253117 -0.0166234627 -0.00646138486 -0.00580631602 0.00147320946 0.00222226238 -0.0147157065 -0.0190199604 -0.0195344594 -0.0196042559 -0.00488927939 0.00992272063 0.0117338221 0.00652574304 0.00122844965 5.46390549e-05 0.00549889425 0.0116410507 0.0120165673 0.00251445426 0.000233157034 0.00908868085 0.00410076236 -0.00428636858 -0.00628252277 -0.00472042194 -0.00329456516 -0.00248273505 
-0.00285478671 -0.00256323219 -0.00119906321 -0.00023115616 -0.00328265697 -0.0110526588 -0.0176053441 -0.0134459578 -0.00513262156 0.00166771541 0.00410549696 0.00185536737 -0.00657148467 -0.0157773855 -0.0213114405 -0.0168045763 -0.00583406895 0.00821549674 0.0194951842 0.0109974918 0.00159222274 0.00683419101 0.014582145 0.0157555178 0.00707277586 -0.000180391865 0.00123209576 0.00871375409 0.00351128611 -0.00380619893 -0.00536222546 -0.00428895887 -0.00321945071 -0.00251589954 
-0.00245206217 -0.0019788072 -0.000855008318 -0.000985131019 -0.00429438981 -0.00762289703 -0.00718188521 -0.00893293349 -0.00580243974 0.00270913702 -0.00446758855 -0.0062125207 0.0087847946 -0.0016312853 -0.0112059494 -0.00509104238 -0.0153786082 -0.01228326 0.0128555111 0.00384115629 -0.00727375201 0.0107407081 0.0184024854 0.0108592435 -0.00351454852 0.00105656167 0.00646266887 -0.000663456985 -0.00599470537 -0.0078257362 -0.00530829862 -0.00371985334 -0.00309745872 -0.00254681822 
-0.00221634458 -0.00166313706 -0.00060638178 -0.00112045486 -0.00452612266 -0.00774922941 -0.00819901921 -0.00959935447 -0.00856037874 -0.00370377156 -0.00688381971 -0.0077096559 0.00246760462 0.00199128219 -0.00546217569 -0.0138124151 -0.0251433093 -0.017157795 0.0138711767 0.0021086625 -0.0123976708 0.0055073494 0.00532488519 -0.00473496046 -0.00438647113 -0.0014000926 -0.00129086377 -0.00658191699 -0.0047933226 -0.000716916312 -0.000938848808 -0.00212065126 -0.00266433209 -0.00246298032 
-0.00209385762 -0.00149510707 -0.000434637829 -0.000955908595 -0.00429315636 -0.0075448233 -0.00857467864 -0.00880133483 -0.00715262103 -0.00335299783 -0.00432742659 -0.00596267958 -0.00247045178 0.00296086883 -0.0016342546 -0.0197239134 -0.0299116375 -0.0200586931 0.00597743897 -0.00408797868 -0.0169096298 -0.00376144242 -0.00268586242 -0.00897783697 -0.00742605853 -0.00661850153 -0.00826994582 -0.0109572328 -0.0060532244 -0.000105364639 -0.000183944059 -0.00158112031 -0.00232027094 -0.00226452682 
-0.00200556468 -0.00135702053 -0.000160884353 -0.000229650529 -0.00252040474 -0.00427394098 -0.00319406346 -0.00276802725 -7.17697179e-05 0.00442991274 0.000255477443 -0.00416802988 -0.000751119099 0.00523410863 0.00202173695 -0.0148907482 -0.0254315548 -0.0232156852 -0.0110269407 -0.0103397728 -0.0148128273 -0.00787199349 0.00400791038 0.00309368844 -0.0107385534 -0.00904357737 -0.0077282968 -0.0137066034 -0.0140321941 -0.0107292784 -0.0053595754 -0.00286008902 -0.00226010193 -0.00201517281 
-0.00189915051 -0.00117728275 0.000145035618 0.000315745126 -0.00143616403 -0.00281407262 -0.00150945252 9.14808961e-05 0.003624667 0.00732047414 -0.000558473922 -0.0061219712 1.56167083e-05 -0.00337937544 -0.00822707024 -0.00571284062 -0.0134915899 -0.0143466186 0.000937139816 0.00307129172 0.00247426911 0.0097467295 0.0105793571 0.00713146134 0.0027821305 0.000944978888 -0.00290869146 -0.0106964598 -0.0147096207 -0.014144887 -0.00787271014 -0.00360794096 -0.00213194648 -0.00177788057 
-0.00178815532 -0.00100775901 0.000258994805 -0.000114131468 -0.00317652534 -0.0058544143 -0.00534045761 -0.00427325709 -0.00170361853 0.00172178416 -0.00434217128 -0.00756370582 -0.000726377503 -0.00627135203 -0.0102704582 -0.00242287327 -0.00615062001 -0.00634107514 0.00736291786 0.00929605282 0.00907291869 0.0117820457 0.00354344316 0.000491019281 0.00946529418 0.00443613761 -0.00563656792 -0.0109439394 -0.0123088213 -0.0110794627 -0.00626774871 -0.00294843274 -0.00185869164 -0.00164438754 
-0.00168035217 -0.000849758287 0.000308987751 -0.000811063485 -0.00580342776 -0.0101406308 -0.0102236756 -0.0111056508 -0.0114945286 -0.00817336556 -0.00731145114 -0.00722166178 -0.00352679332 -0.00159603244 -0.00330066889 -0.00696548857 -0.00502986079 -0.00403972085 -0.00557668784 -0.00331814768 -0.00336501746 -0.00911399677 -0.0151032197 -0.0103990759 0.00662246229 -0.00237889936 -0.0160430347 -0.0138451032 -0.00882492402 -0.00567868705 -0.00322006155 -0.00196283604 -0.00172722563 -0.00168553225 
-0.00162348371 -0.00076872761 0.000429223188 -0.000479797103 -0.0047651603 -0.00850495463 -0.00837313848 -0.0102511731 -0.0118668564 -0.00954891008 -0.00880630724 -0.00924476541 -0.0084948812 -0.00783241307 -0.011191856 -0.0121606102 -0.00339815195 -0.000667402364 -0.0120305996 -0.0143009973 -0.014866081 -0.0194550851 -0.0155141201 -0.00551347827 0.00287441311 -0.00389008881 -0.0129670983 -0.0111912127 -0.00604698768 -0.00292236027 -0.00183140368 -0.00173391336 -0.00196066976 -0.00192027703 
-0.00167719604 -0.000896463794 0.00026701789 -0.000531919153 -0.00472940222 -0.00889914916 -0.00970597778 -0.010863031 -0.0123006403 -0.0118057827 -0.0119472859 -0.00972891598 -0.00346418221 -0.00527289439 -0.0133442543 -0.0150799759 -0.00350277775 0.000395072171 -0.0133312371 -0.0167643393 -0.0158370138 -0.0164270217 -0.00835617235 0.000925081789 0.00211758801 -0.00255810225 -0.00714648547 -0.0068260576 -0.00413195413 -0.00240748138 -0.00202024418 -0.00223745922 -0.00246418851 -0.00226349519 
-0.00186068079 -0.00127939481 -0.000300497567 -0.00116158182 -0.00577333662 -0.0114072728 -0.0142991592 -0.0134062708 -0.0140358637 -0.0160081318 -0.0158366162 -0.00749415888 0.0104220972 0.00702816808 -0.00646411104 -0.0136524387 -0.00319703878 0.00169301638 -0.00966336148 -0.0117759916 -0.00901914171 -0.00694040003 -0.00290240101 0.00078687804 0.000353664693 -0.00232752774 -0.00433787699 -0.00443899065 -0.00352382641 -0.00288584852 -0.00280156092 -0.00296451682 -0.00299489094 -0.00259210121 
-0.00213970044 -0.00183892698 -0.00102591674 -0.00118534121 -0.00355256526 -0.00687303616 -0.00867277799 -0.00803959868 -0.00870691704 -0.0117443125 -0.0127224811 -0.00671627403 0.00536535709 0.0009723677 -0.00937121739 -0.00806630286 0.00479865434 0.0115673393 0.00249274948 -0.00261160234 -0.00250132795 -0.001555026 -0.00103463888 -0.000925289036 -0.00186939987 -0.00318517542 -0.00394844378 -0.00402828172 -0.00372127567 -0.00350137981 -0.00349024032 -0.00353639593 -0.00338478806 -0.00282199102 
-0.00243558491 -0.00244190119 -0.00180965025 -0.00131018484 -0.00151700532 -0.00221585584 -0.00236887242 -0.00192866953 -0.00259196956 -0.00546896911 -0.00773403097 -0.0062095909 -0.00258275956 -0.00753199464 -0.0127537703 -0.00511187157 0.00849763237 0.0152173331 0.00836686168 0.00215811768 0.000103143664 -0.000480086241 -0.00132761516 -0.0022863487 -0.00319143178 -0.00388415108 -0.00418689676 -0.00418917694 -0.00403401491 -0.00395844871 -0.00394227237 -0.00388456251 -0.00361757051 -0.00295804146 
-0.00266324257 -0.00295002208 -0.0026066583 -0.00199473533 -0.00136856608 -0.000859413758 -0.000266431634 0.000302350262 0.000149400656 -0.00126701603 -0.00302579803 -0.00382378323 -0.00437998898 -0.00753606674 -0.00932712533 -0.00450857553 0.00327861829 0.00729506763 0.00464264874 0.00104934727 -0.000794372089 -0.00158839197 -0.00241228008 -0.00320523278 -0.0038201123 -0.00419906123 -0.00433565858 -0.00431766021 -0.00421542411 -0.00416734856 -0.00413621596 -0.00402661629 -0.00369893383 -0.00299377136 
-0.00274305942 -0.00323396416 -0.00319096691 -0.00282433551 -0.00225634126 -0.00164282297 -0.00100776131 -0.000432349617 -0.000178790818 -0.000499097549 -0.00131861971 -0.00221399836 -0.0033463473 -0.00500628193 -0.00586649283 -0.00440781427 -0.00167957131 -0.000113865446 -0.000652018764 -0.00182736529 -0.00254786752 -0.00290130611 -0.00329729806 -0.0036967259 -0.00400628822 -0.00418885512 -0.0042354874 -0.00421349129 -0.00415311621 -0.00411779901 -0.00407548936 -0.00395145427 -0.00361048158 -0.00290504199 
-0.00256713184 -0.00313044824 -0.00327593993 -0.00314493807 -0.00282238233 -0.00242562339 -0.00199170676 -0.001560866 -0.00122087372 -0.00112785994 -0.00137779244 -0.00188494082 -0.00257529164 -0.00342638258 -0.00405830189 -0.00409272364 -0.00366161881 -0.00330943044 -0.00331701224 -0.00345076987 -0.0035125669 -0.00352071593 -0.00360765629 -0.00371855718 -0.00382044701 -0.00387828735 -0.00388451014 -0.00386186592 -0.00381761797 -0.00378908802 -0.00374486629 -0.00362143496 -0.00329774022 -0.00264320199 
-0.00207681609 -0.00257392043 -0.00277390089 -0.00277537776 -0.00263697691 -0.00243510887 -0.00219550972 -0.00193630659 -0.00169501487 -0.00154942793 -0.00159056908 -0.00179942599 -0.00213791953 -0.00257561999 -0.00300612254 -0.00331617856 -0.00345579986 -0.0034858138 -0.00346995744 -0.00339817339 -0.00329544463 -0.00319223647 -0.00315196719 -0.00314372286 -0.0031483218 -0.00314758276 -0.00313380919 -0.00311557523 -0.00308526418 -0.0030623046 -0.00302122155 -0.00291214165 -0.00264316077 -0.00211451825 
-0.00230623575 -0.00287873148 -0.00308300062 -0.00295135004 -0.00259327559 -0.00214388113 -0.00174661875 -0.00145898709 -0.00128197524 -0.00119118726 -0.00115993019 -0.00112170343 -0.0010745002 -0.00104118319 -0.00104580066 -0.00110873357 -0.0012517755 -0.00157052806 -0.00207764514 -0.00273426169 -0.00351977336 -0.0044231022 -0.00537321329 -0.00618196377 -0.00669159801 -0.0068954305 -0.0068469768 -0.00657650795 -0.00610182724 -0.00551108735 -0.00488520245 -0.00426181945 -0.0035795655 -0.00272810766 
-0.00291522441 -0.00359946959 -0.0037194796 -0.00329315393 -0.00257528723 -0.00194810206 -0.00159820538 -0.00132481262 -0.00103461297 -0.000826941847 -0.000719327047 -0.000646702049 -0.000609278529 -0.000641794541 -0.000677542103 -0.000691158188 -0.000819152269 -0.00136057456 -0.00223267846 -0.00314009408 -0.00417470873 -0.00559070984 -0.00715771939 -0.00837799035 -0.00903587881 -0.00930578098 -0.00931939425 -0.00903603094 -0.00837814293 -0.00748225514 -0.00656834524 -0.00570324817 -0.00476386797 -0.00360376868 
-0.00319874708 -0.00382678388 -0.00366668244 -0.00259108615 -0.00128798949 -0.00104950681 -0.00187114791 -0.00208609724 -0.00148566264 -0.000916338719 -0.000571473064 -0.000407268713 -0.000593196653 -0.000974709999 -0.00116769858 -0.000852607631 -0.000611634735 -0.00157201836 -0.00306004247 -0.0035507524 -0.0039900165 -0.00579062585 -0.00788735305 -0.00892000126 -0.00906884095 -0.009179286 -0.00950272945 -0.00965405087 -0.00907270351 -0.00807075397 -0.00727489518 -0.00658747396 -0.00561755389 -0.00425835179 
-0.00321778011 -0.00366425021 -0.00297382273 -0.00094979884 0.000971918179 -0.000252683903 -0.00467761964 -0.00578486617 -0.00438366564 -0.00304546497 -0.002102576 -0.00199938712 -0.00301425363 -0.00428228647 -0.00484596448 -0.00371676519 -0.00244993285 -0.00386503418 -0.00664230179 -0.00515050943 -0.0030997063 -0.00479126119 -0.00659155414 -0.00596014139 -0.00383859872 -0.00328081213 -0.00440562679 -0.0060123427 -0.00605707895 -0.00547779713 -0.00605097445 -0.00658199213 -0.00611940365 -0.00475002835 
-0.00311345119 -0.00337440904 -0.0023425518 3.8501548e-05 0.00223776894 -0.000854984876 -0.0100908243 -0.0109507163 -0.00817764747 -0.00626258044 -0.00465002911 -0.00497177664 -0.00741984518 -0.00987722851 -0.0111216983 -0.00917910169 -0.00625525817 -0.00779752392 -0.0129092107 -0.00852941482 -0.00317880304 -0.00421956408 -0.00422952615 -0.000334964592 0.00619979331 0.00807067728 0.00589781529 0.00206111302 0.00120354564 0.000881289286 -0.00279576614 -0.00576706268 -0.0063378519 -0.00513089332 
-0.00290888638 -0.00304341323 -0.00231326478 -0.00129409992 -0.00134344269 -0.00442682391 -0.0092169577 -0.00914052677 -0.00719998508 -0.00552313046 -0.00484230669 -0.00570021258 -0.00811832663 -0.0104552391 -0.0121177762 -0.0112286585 -0.00879263922 -0.00881772327 -0.0115960053 -0.0118270621 -0.00958062914 -0.00557028801 -0.00405360619 0.000791296626 0.0115654202 0.015406354 0.0132435789 0.00933732889 0.00859137447 0.00736262521 0.000887091062 -0.00452020263 -0.00624897802 -0.00532513321 
-0.00268171312 -0.0027079152 -0.00232242882 -0.00308552758 -0.00663558801 -0.00749498215 -0.00176733225 -0.00174340867 -0.00337385416 -0.00380183822 -0.00519899585 -0.00548535075 -0.00455317047 -0.00508324686 -0.00728026071 -0.00914506731 -0.00893986823 -0.00513186802 -0.00070509795 -0.0112841382 -0.0165871623 -0.00630369117 -0.00578051265 -0.00311726816 0.00990027165 0.0148730319 0.0137862599 0.0124721375 0.0133349301 0.0121916294 0.0039019429 -0.00329569261 -0.00596683795 -0.0053365872 
-0.00249232654 -0.00236159261 -0.00160414959 -0.00129732055 -0.00215880882 -0.00334777669 -0.00347251074 -0.00215708424 -0.00383948714 -0.0099001319 -0.0113182682 -0.00867727866 -0.00332745079 -0.00320834841 -0.00648473473 -0.00936258171 -0.00752564027 -0.00207463131 0.00260358253 -0.00263802398 -0.00711459406 -0.00533552593 -0.00494729701 -0.00199966757 0.00717595683 0.0104477196 0.0101206755 0.0107186172 0.0136175912 0.0132553688 0.00428630774 -0.00314134497 -0.00586098448 -0.00529172348 
-0.00235547278 -0.00206603599 -0.000949294006 -1.24745062e-05 -0.000440138811 -0.00375122258 -0.00831077388 -0.00584728264 -0.00480031565 -0.00918448747 -0.0109447145 -0.00997622793 -0.00774354652 -0.0080038283 -0.0101810967 -0.0112411259 -0.00892585412 -0.00511815936 -0.00194782178 -0.00156669726 -0.00123610367 0.000453755323 0.000600850807 0.00129351108 0.0051942934 0.00747446139 0.00898468693 0.009833727 0.00947823465 0.00648706673 2.59272576e-06 -0.0046801825 -0.00608892448 -0.00521098766 
-0.00229625469 -0.00197952824 -0.00110562709 -0.00138986475 -0.00494456591 -0.00936340662 -0.0104467978 -0.0074851225 -0.00400117913 -0.00173784295 -0.00423928154 -0.00758297923 -0.0111352828 -0.0117474182 -0.0123795969 -0.0116489495 -0.0114387393 -0.0112525198 -0.00973892803 -0.00880284213 -0.00399996566 0.00571544454 0.00499093668 0.00124858899 0.00112709634 0.00590638764 0.0120159962 0.0128889573 0.00564594336 -0.00165178074 -0.00443216305 -0.00597967148 -0.00617810476 -0.00503860487 
-0.00240380236 -0.00221206573 -0.00176645508 -0.00279932401 -0.00639772116 -0.00933886159 -0.00839456687 -0.00652536596 -0.00591971987 -0.00710672046 -0.00735051781 -0.0052412891 3.11467466e-05 -0.0027439594 -0.00798199605 -0.00988969898 -0.00976889362 -0.0101570487 -0.0102807423 -0.00694213554 -0.00220712571 0.000144003386 -0.00146322252 -0.00437941297 -0.0040103074 0.00427079751 0.0134399095 0.015855129 0.0108867049 0.00491402901 -0.00123826389 -0.00483871882 -0.00564377217 -0.0047276067 
-0.00271869215 -0.00280453987 -0.00275830012 -0.00437898937 -0.00849988084 -0.0110647083 -0.00932756803 -0.00764659793 -0.00644899905 -0.00491575291 -0.00413942278 -0.00202659764 0.00343117598 0.000703361181 -0.00481404431 -0.00794935243 -0.00762863039 -0.00738834721 -0.00767674704 -0.00399048042 -0.00119276006 -0.00345490305 -0.00587770132 -0.00715280625 -0.00398198189 0.00325504536 0.00773308858 0.00558222221 0.00600637074 0.00620961003 0.000930365469 -0.00338777738 -0.00484190734 -0.00425666838 
-0.0031811633 -0.00352944516 -0.00343828555 -0.00426274925 -0.00756030993 -0.00950902542 -0.00790731217 -0.00685403172 -0.00217307704 0.00824679901 0.00740027912 0.00119622311 -0.00518120212 -0.00570008284 -0.00582894854 -0.00678051085 -0.00667128589 -0.00555286475 -0.00370475128 -0.00300198258 -0.00219415347 -0.000303293565 -0.00304140222 -0.00479705418 -0.000386002303 0.00304026228 0.000337380477 -0.00985073771 -0.00749366634 -0.00259995556 -0.00251292078 -0.00385539314 -0.00435388197 -0.00372522552 
-0.00359622807 -0.0040024656 -0.00279610226 0.000986223575 0.00658837118 0.00954428396 0.0071001006 0.00231621693 0.00152032634 0.00446527797 0.00384134929 0.000205987137 -0.00464568169 -0.00700133661 -0.0068414544 -0.00531575022 -0.00639503451 -0.003729394 0.00400993992 0.000970428221 -0.00158648347 0.00292103481 0.000763642789 -0.00344577973 -0.00312687289 0.00353634138 0.00798703672 0.00370225244 -0.00405456974 -0.00821788377 -0.0071055169 -0.00534554086 -0.00418086509 -0.0032598976 
-0.00376969567 -0.00401227756 -0.00149450843 0.00596706881 0.0164366134 0.018080452 0.00737926887 0.0019551261 -0.000546301413 -0.00646650206 -0.00483240425 -0.00288356325 -0.00540934042 -0.00660405364 -0.0057065446 -0.00584582996 -0.00724882217 -0.00412308163 0.00241769592 -0.000286213299 -0.00239257261 0.00155373335 0.00112239238 -0.000946891832 -0.000332475849 0.00655507006 0.0137423779 0.0136229112 0.000640929859 -0.00997237903 -0.00953216946 -0.00618722649 -0.00399189114 -0.00287575364 
-0.00360658419 -0.00361035483 -0.000820737459 0.00605484968 0.0128051163 0.00579190828 -0.0137437458 -0.0104620477 -0.0052800898 -0.0126075441 -0.00661965507 -0.00297601133 -0.01210164 -0.0111716703 -0.00854862388 -0.0116077691 -0.00763238576 -0.00219228351 -0.00302724724 -0.00259291187 -0.00249672138 -0.00202950095 0.000913800943 0.00563135439 0.00974851414 0.00843271191 0.00849486561 0.00848864063 -0.000441899093 -0.00949783792 -0.00911756492 -0.00581940473 -0.00367215098 -0.00261313767 
-0.00318862514 -0.00297952985 -0.000851116488 0.00264781148 0.00247088389 -0.0078532745 -0.0226483439 -0.0170124379 -0.00720478635 -0.00565837817 0.00121485042 0.00131502184 -0.0145509946 -0.0198809189 -0.0205096104 -0.0195318888 -0.00517946424 0.00948454541 0.0120187976 0.00744500437 0.00232641797 0.00163462607 0.00728951519 0.0130634044 0.0128360101 0.0041195092 0.00206851287 0.009475511 0.00454579008 -0.00395240564 -0.00623776358 -0.0048328957 -0.00338773411 -0.00251864903 
-0.00267062735 -0.0022639118 -0.000814146956 6.26265065e-05 -0.0032328458 -0.011126991 -0.0176989613 -0.0140827423 -0.00570460644 0.00129184736 0.00380172987 0.00139664168 -0.00677883345 -0.0164180277 -0.0217591998 -0.0171684099 -0.00641900706 0.00775828788 0.0190149641 0.0117537423 0.00299767103 0.00821078174 0.0161883172 0.0169477899 0.00826879352 0.00126580732 0.00251933208 0.00863507299 0.00368094794 -0.00355001609 -0.00528333709 -0.00431901603 -0.00325620265 -0.00252067071 
-0.00223582533 -0.0016717474 -0.000539496491 -0.000810515845 -0.00430227696 -0.00790503678 -0.00822303569 -0.00953375621 -0.00595401935 0.00176071424 -0.0039710554 -0.00519867265 0.00676895672 -0.00238056422 -0.0114967447 -0.00768057357 -0.0159292198 -0.0111060071 0.0121248509 0.00481105037 -0.0050293827 0.0110276609 0.0189073127 0.0116147795 -0.00142017372 0.00161769774 0.00597075792 -0.000129562277 -0.00534342039 -0.00712895544 -0.00509345838 -0.00366492658 -0.00305982448 -0.00251261997 
-0.00197058164 -0.00133311489 -0.000307709552 -0.00100131811 -0.00460959363 -0.00790476087 -0.0085849986 -0.00998730492 -0.00856685138 -0.00386072268 -0.00679893815 -0.00718069069 0.00232966465 0.00173330539 -0.00602118346 -0.0151043534 -0.0262500587 -0.0174498605 0.0116575312 0.00207853356 -0.0108001626 0.00542249629 0.00626628571 -0.003137853 -0.0038914903 -0.00125327757 -0.00136966593 -0.00637563235 -0.00499332803 -0.00117099258 -0.0010683611 -0.00205548842 -0.0025699655 -0.00238863215 
-0.00182337306 -0.00113691482 -0.000102729367 -0.000782952497 -0.00425302562 -0.0074755001 -0.00851651341 -0.00884282722 -0.00696168903 -0.00324877629 -0.00430097396 -0.00569145341 -0.00190588639 0.00289346986 -0.00244456049 -0.0203732494 -0.0310838284 -0.0209972136 0.00351793991 -0.00441252711 -0.0156300356 -0.0036493532 -0.00174750842 -0.00754559583 -0.00726424392 -0.00667048176 -0.00830801424 -0.0110010133 -0.00669330334 -0.00100969653 -0.00050360687 -0.00155158724 -0.00220781822 -0.00216661477 
-0.00171410217 -0.000967944291 0.000221817324 2.29026022e-05 -0.0023780455 -0.00414790326 -0.00330234222 -0.00271934247 0.000100936601 0.00410385328 0.000189746103 -0.00389122815 -0.000560888305 0.00459862239 0.000619079973 -0.0155354246 -0.0263771266 -0.0236016663 -0.0109298785 -0.00986094431 -0.013458619 -0.00624756319 0.00442411643 0.00300510315 -0.00909894848 -0.00867219961 -0.0081319823 -0.0137364689 -0.0144114798 -0.0109277184 -0.00555647678 -0.002880653 -0.00217407219 -0.00191490787 
-0.0015923534 -0.000767229344 0.000545056931 0.000563424273 -0.00137629464 -0.00279278252 -0.00159271702 8.34210998e-05 0.00364815033 0.00686203151 -0.000536154373 -0.0057072293 -0.000430253038 -0.00344129808 -0.00810923641 -0.00712833516 -0.0146063478 -0.0147149892 -7.69235993e-05 0.00308451593 0.00304880838 0.00976274917 0.0111029673 0.00766095718 0.0031499879 0.000838463102 -0.00353570356 -0.0113565714 -0.0155493462 -0.0145720973 -0.00817739595 -0.00369547311 -0.00207998034 -0.001680449 
-0.00147060368 -0.000590198342 0.000645432244 9.07717893e-05 -0.00315633555 -0.00583705155 -0.00543948547 -0.00442070071 -0.00178951218 0.00121941294 -0.00442729771 -0.007320741 -0.0014976898 -0.00635750175 -0.00994958262 -0.00375166137 -0.00699664087 -0.00652883246 0.00615279712 0.00903775022 0.00913222961 0.0111343341 0.00393320208 0.00140432062 0.00910140812 0.00423346653 -0.0058933306 -0.0114851665 -0.0130833828 -0.0115552139 -0.00657252864 -0.00303245496 -0.00179670893 -0.00154036503 
-0.00136042651 -0.000438381063 0.00066303158 -0.000650176931 -0.00570540327 -0.00992802509 -0.0102651819 -0.0112844747 -0.0113418752 -0.00823061905 -0.00771989494 -0.0075702045 -0.00411838911 -0.00260793947 -0.00449069035 -0.00731616515 -0.00553478765 -0.00438727434 -0.00532243965 -0.00349236837 -0.00360340101 -0.00875946615 -0.014190813 -0.0091599769 0.00577191318 -0.00218184286 -0.01502378 -0.0138917258 -0.00940131813 -0.00612158346 -0.00341993851 -0.00195962719 -0.00162727839 -0.00157353273 
-0.0013123534 -0.000375774659 0.000736520139 -0.000457734633 -0.00505204173 -0.00892264236 -0.00922891193 -0.0112446554 -0.0126193771 -0.0104183172 -0.00971020893 -0.00980305958 -0.0086579947 -0.00829859307 -0.0115785514 -0.0122962731 -0.00404979745 -0.00163471481 -0.012128911 -0.0149538325 -0.0155961438 -0.0194653961 -0.0157393514 -0.00570961202 0.00246249382 -0.00395343014 -0.0127886947 -0.0113703795 -0.00640199426 -0.0031534041 -0.00186450833 -0.00164612613 -0.00183334723 -0.00181059838 
-0.00138591852 -0.000529533407 0.000546353798 -0.000540801364 -0.00504904748 -0.00936540704 -0.0105583148 -0.0119704605 -0.0132599888 -0.0128051744 -0.0128659502 -0.0101426638 -0.00381035101 -0.00558850522 -0.0133176993 -0.0148280101 -0.00395220468 -0.000487837205 -0.0132936639 -0.017417211 -0.016628841 -0.0165937096 -0.00883116551 0.000299824523 0.00193606478 -0.00262972721 -0.00727755646 -0.00704386842 -0.00432805658 -0.00246245781 -0.00195316397 -0.00211642919 -0.00234142838 -0.00216997384 
-0.00160145781 -0.000947319967 -2.9305711e-05 -0.0010922833 -0.00582015719 -0.0113340429 -0.0141952996 -0.0139495821 -0.014566831 -0.0163116305 -0.016152024 -0.00768952149 0.00858994084 0.00592409476 -0.00679828961 -0.0128449998 -0.00292574196 0.00167548586 -0.00884256577 -0.0118783538 -0.00951040456 -0.00724318919 -0.00310226151 0.000692308258 0.000438583588 -0.00225168869 -0.00439431467 -0.00454605713 -0.00357768873 -0.00285365876 -0.00271012934 -0.00285731413 -0.00290064451 -0.00252384784 
-0.00192256322 -0.00155290413 -0.00076431824 -0.00107773106 -0.00364055106 -0.0070418193 -0.00893234559 -0.00863994041 -0.00938140768 -0.0122792787 -0.0132289599 -0.0068985381 0.00462181147 0.000657101897 -0.0091139613 -0.00757643026 0.00517604862 0.0116426492 0.00299217302 -0.00244487582 -0.00255126077 -0.00156829919 -0.000907402033 -0.000711887196 -0.00163430798 -0.00302365419 -0.00389582697 -0.00402160782 -0.00370402066 -0.00345269588 -0.00342152089 -0.00346575567 -0.00332613516 -0.00278048515 
-0.00226462282 -0.00220655629 -0.0015633929 -0.0011356613 -0.00148575774 -0.00229688602 -0.00256377731 -0.00226198123 -0.00301373736 -0.0058463184 -0.00804939967 -0.00627739662 -0.00274648104 -0.00747623821 -0.012224958 -0.00473088412 0.00888953517 0.0153888478 0.00888714985 0.00260728286 0.000390107119 -0.000238006473 -0.00106102497 -0.00202106038 -0.00297817594 -0.00374515807 -0.00411867464 -0.00415797774 -0.00401105312 -0.0039251257 -0.00390372171 -0.00384882977 -0.0035881878 -0.00293691275 
-0.00253680425 -0.00276928348 -0.00239010316 -0.00177473867 -0.00118764504 -0.000722944563 -0.000166619585 0.000358527785 0.000146041439 -0.00132914501 -0.00311557582 -0.00383743499 -0.00442228184 -0.00757676636 -0.00922291496 -0.004243014 0.00380139319 0.00789213709 0.00529903775 0.00159823982 -0.000379015993 -0.00127074719 -0.0021462815 -0.00299514992 -0.00367280326 -0.0041111308 -0.00429212201 -0.00429618241 -0.00420467913 -0.00415503013 -0.00412201092 -0.00401396365 -0.00368835637 -0.00298571089 
-0.00265351115 -0.00310358144 -0.00302060889 -0.00261375641 -0.0020191042 -0.00138309131 -0.000726906425 -0.000143188676 8.81093681e-05 -0.000293240859 -0.0011732067 -0.00211962648 -0.00333042124 -0.00507419624 -0.00590889582 -0.00427113673 -0.00130078964 0.000409568827 -0.000124919512 -0.00138823552 -0.00221234114 -0.00265116176 -0.00310870965 -0.00356295554 -0.00392242776 -0.00414472166 -0.00421957858 -0.00421083754 -0.00415611181 -0.00412049683 -0.00407730555 -0.00395272326 -0.00361071543 -0.00290459353 
-0.00250600357 -0.00304204433 -0.00315670297 -0.00298710211 -0.00262643751 -0.00218996922 -0.00171800351 -0.00126059949 -0.000918102789 -0.000852360389 -0.0011494653 -0.00171635558 -0.00249272159 -0.00342522346 -0.00407854244 -0.00403572344 -0.00347678052 -0.00303584797 -0.00302861458 -0.00320356508 -0.00331559075 -0.00337108283 -0.00349629753 -0.00364437105 -0.00377755085 -0.00385896813 -0.00388046406 -0.00386517978 -0.00382464366 -0.00379576631 -0.00375056984 -0.00362600251 -0.00330070074 -0.0026446919 
-0.00203589968 -0.00251574227 -0.00269584778 -0.00267048537 -0.00250258336 -0.00226836616 -0.00199734296 -0.00171298882 -0.0014598636 -0.00132153074 -0.00138760421 -0.00163936748 -0.00203511792 -0.00252978913 -0.0029911907 -0.00329021179 -0.00338962633 -0.00338311621 -0.00335289404 -0.00328834126 -0.00320098015 -0.0031173519 -0.00309529958 -0.00310587727 -0.00312706107 -0.00313915925 -0.00313387833 -0.00311946536 -0.0030913009 -0.00306812316 -0.00302637843 -0.00291640856 -0.00264602976 -0.00211606796 
-0.00228773041 -0.00284242615 -0.00301604306 -0.00284258089 -0.00244593428 -0.00197703509 -0.00157152737 -0.00127695653 -0.00108274642 -0.000971855516 -0.000925332162 -0.00088388747 -0.00084453719 -0.000827799067 -0.000849560496 -0.000930741948 -0.00110893023 -0.00148033438 -0.00205066615 -0.00277738686 -0.0036361503 -0.00461794281 -0.00564046327 -0.00649947919 -0.00704002762 -0.00726081681 -0.00721747023 -0.00693790848 -0.00644055201 -0.00581463905 -0.005148684 -0.00448324632 -0.00375506103 -0.00285464185 
-0.00288416205 -0.00353491028 -0.003601658 -0.00311396664 -0.00235622076 -0.0017422793 -0.00143237266 -0.00118159523 -0.000876363851 -0.000634578234 -0.000497515015 -0.000421435851 -0.000409349846 -0.000473846759 -0.000531114373 -0.000559471853 -0.000723218131 -0.00132479269 -0.00226529802 -0.00323337412 -0.00433045929 -0.0058134709 -0.00742344946 -0.00865492546 -0.00931108546 -0.0095730844 -0.00959394421 -0.00932013274 -0.00866067767 -0.00775642101 -0.0068320144 -0.00594870909 -0.00497379742 -0.00376265095 
-0.00314817064 -0.00372484752 -0.00348065643 -0.00234433297 -0.00106107112 -0.00089229811 -0.00178403354 -0.00207796746 -0.00149557592 -0.000865794123 -0.00047867752 -0.00033366858 -0.000574945161 -0.00101432318 -0.0012183867 -0.000913513749 -0.000732229262 -0.0017130917 -0.00319997579 -0.00375434514 -0.0042469387 -0.00599593595 -0.00800559273 -0.00896573954 -0.00902313636 -0.00905296929 -0.00937622112 -0.00957191966 -0.00905121598 -0.00813125933 -0.00741180264 -0.00677478567 -0.00581908727 -0.00443065939 
-0.00314225564 -0.00352066028 -0.0027452824 -0.000729504552 0.00104438088 -0.000292757155 -0.0045464562 -0.00582262992 -0.00451703943 -0.00310656943 -0.00216813432 -0.00211521156 -0.00318195315 -0.00453589604 -0.00507364214 -0.00398279766 -0.00285771152 -0.00422269087 -0.00675200399 -0.00549383867 -0.00362435844 -0.00501519307 -0.00651115436 -0.00570126388 -0.00344255125 -0.00263929542 -0.00372255286 -0.00535647059 -0.00553553986 -0.00520365184 -0.00594695123 -0.00662332384 -0.00625785179 -0.00490961906 
-0.00301014142 -0.00319444405 -0.00211065355 0.000173634488 0.00202933931 -0.00117705466 -0.00943721271 -0.0107546828 -0.00824316487 -0.00623197842 -0.00479459566 -0.00515959923 -0.00752930659 -0.0100775557 -0.0112097334 -0.00937373605 -0.00682390545 -0.00826757532 -0.0125018738 -0.00892595182 -0.00412363492 -0.00445727829 -0.004043975 3.83630346e-05 0.00651732769 0.00889540358 0.00685715705 0.00316139591 0.00213597124 0.00136413331 -0.00242587269 -0.00559594318 -0.00636465005 -0.00525273237 
-0.00278533186 -0.00285707342 -0.00209196695 -0.00113681027 -0.00139544369 -0.00445387687 -0.00874023007 -0.00907425214 -0.0073427308 -0.00573269849 -0.00519464479 -0.00603986688 -0.00831055676 -0.0107531602 -0.0123033678 -0.0114728432 -0.00934540628 -0.00925041266 -0.0115030669 -0.0120400927 -0.0099159536 -0.00584070254 -0.00373705156 0.00150955675 0.0119531311 0.0163966093 0.0144312038 0.0107010964 0.0098135653 0.00804814837 0.00150428958 -0.00414416155 -0.00616265545 -0.00540460448 
-0.00253741639 -0.00251758882 -0.00210873309 -0.00279369933 -0.00590193581 -0.00675998109 -0.00259316055 -0.00239330124 -0.00377864203 -0.00453767451 -0.00582890205 -0.00602164959 -0.00520510116 -0.00590643328 -0.00804521358 -0.00969978976 -0.00926470452 -0.00560986082 -0.00230927167 -0.0109907543 -0.0151877663 -0.0067860489 -0.00518472888 -0.00157586746 0.010558516 0.0160722128 0.0152270909 0.0138488458 0.0145728356 0.012871051 0.00459695895 -0.00281806252 -0.00581412633 -0.00538781337 
-0.00232954879 -0.00214969332 -0.00141542959 -0.00122066923 -0.00227159373 -0.00354603905 -0.00362839085 -0.00260851874 -0.00429803294 -0.00964592789 -0.011366711 -0.00898996064 -0.00438925922 -0.00428104515 -0.00733930336 -0.00985363974 -0.00811839363 -0.00284304759 0.00138643939 -0.00315001097 -0.00703903445 -0.00507835967 -0.00410317202 -0.000678447789 0.00818272919 0.0121295166 0.0120818201 0.0125637304 0.0150259881 0.0138847412 0.00498916917 -0.0026608306 -0.00570128234 -0.00533429805 
-0.00217979162 -0.00184610928 -0.000795612413 -8.899644e-05 -0.00086306396 -0.00417236907 -0.00796128179 -0.00604411435 -0.00522003427 -0.00901580913 -0.0110125048 -0.0102283937 -0.00835270591 -0.00871008289 -0.0107495657 -0.0116910332 -0.00957798025 -0.00579447631 -0.00257568517 -0.00205627379 -0.00153426112 0.000574749512 0.00120739054 0.00222003336 0.00620488698 0.00916599248 0.0108515631 0.0115998489 0.011054815 0.00755990038 0.000870907946 -0.00420347294 -0.00596686513 -0.00526554702 
-0.00212553839 -0.00178597616 -0.00100001561 -0.00145648239 -0.004923522 -0.00906731192 -0.0101633795 -0.00760467152 -0.00448383797 -0.00294404087 -0.00510423653 -0.0079232205 -0.0105766652 -0.0116361584 -0.0125445719 -0.012181298 -0.0119092684 -0.0113298942 -0.00966097015 -0.00826211128 -0.00342635034 0.00487854808 0.00490949701 0.00190197449 0.00231301 0.00739161097 0.0131902155 0.013969973 0.00762107782 0.000537653132 -0.00323486167 -0.00550741781 -0.00608581512 -0.00510066242 
-0.00225365425 -0.00205995017 -0.00172929072 -0.00297265576 -0.00668442543 -0.00960241706 -0.00884605114 -0.00701262823 -0.0061501465 -0.00679437843 -0.00710798622 -0.00519760291 -0.00100415397 -0.00352614167 -0.0084342522 -0.010412467 -0.0104845872 -0.0106682677 -0.0103296114 -0.0069371391 -0.00220121276 0.000402384634 -0.000833474067 -0.00335788703 -0.00239927702 0.00573352842 0.014296768 0.0162846473 0.0117406636 0.00566089979 -0.000592819666 -0.00448670721 -0.00556422664 -0.00477521845 
-0.00258791122 -0.0026632333 -0.00269179189 -0.00440925406 -0.00847027318 -0.0109403718 -0.00945242217 -0.00777919305 -0.00623944971 -0.00432943805 -0.00361010036 -0.00178034398 0.0023376166 -0.000153373958 -0.00531840421 -0.00833029981 -0.00825485388 -0.00792860736 -0.00768083159 -0.00407532611 -0.00128686429 -0.00276047482 -0.0049658227 -0.00604475939 -0.00272378692 0.00445699819 0.00865789291 0.00669274854 0.00669229409 0.00619523661 0.00109228661 -0.00321565349 -0.00478499685 -0.00428974956 
-0.00305127514 -0.00333410408 -0.00316155061 -0.00378685253 -0.00650719543 -0.0080994237 -0.00694383756 -0.00611426247 -0.00175902784 0.00692526326 0.00664618706 0.00116869541 -0.00437167023 -0.00563443054 -0.00617418176 -0.00707958558 -0.00701219121 -0.00571812709 -0.00357197047 -0.00258030793 -0.00163604009 -8.66559947e-05 -0.0023695282 -0.00390457844 4.00771715e-05 0.00398530954 0.00200215803 -0.00649825442 -0.00571324417 -0.00220605173 -0.00242444127 -0.00381582561 -0.00435951565 -0.00376887997 
-0.00344788709 -0.00370340532 -0.00224850289 0.00170424879 0.00707415288 0.00953041236 0.00679295392 0.0023542984 0.00165516813 0.00421661592 0.00370474695 0.000113449631 -0.00471621345 -0.00719764509 -0.00711236717 -0.00591397792 -0.00655462505 -0.0036485397 0.00319475357 0.0012271152 -0.000708170955 0.00303451952 0.0013691749 -0.00227510104 -0.00148948416 0.00489926599 0.00877684039 0.00430056372 -0.00329724147 -0.00757985121 -0.00694595731 -0.00539765965 -0.00427288007 -0.00332743076 
-0.00359070571 -0.00361889778 -0.000794914787 0.0067056395 0.0164747316 0.0173358063 0.00713426851 0.00173952305 -0.000767385053 -0.00569236379 -0.00448670374 -0.00309549401 -0.00592353021 -0.00732543877 -0.00656260246 -0.0066114463 -0.00727983225 -0.00378725742 0.00209512224 0.000322101035 -0.00129910181 0.00205199212 0.0020925965 0.000502307995 0.001570759 0.00800949143 0.0142384832 0.0131656975 0.0010055901 -0.00914425807 -0.00927927334 -0.00628838073 -0.00414116242 -0.00296108929 
-0.00340292939 -0.00319455064 -0.000153315665 0.006627547 0.0126619478 0.00567620221 -0.0115701726 -0.0101995085 -0.00595258042 -0.0111494074 -0.00630827458 -0.00363324934 -0.0117624477 -0.0121496133 -0.0102089575 -0.0119360433 -0.00762681519 -0.00174268887 -0.00124641136 -0.00111881298 -0.00125313527 -0.000494990626 0.0026051869 0.00696555901 0.0103871494 0.00968324433 0.00981429385 0.00934676155 0.000556526176 -0.00838946976 -0.00879455762 -0.00593044799 -0.00382204739 -0.00269299597 
-0.00296638587 -0.0025981044 -0.000326856574 0.00306320181 0.00262680139 -0.00755397652 -0.0212071406 -0.0169250571 -0.0078738758 -0.0055029466 0.000648770319 0.000138295657 -0.0141099048 -0.0201940574 -0.0210451742 -0.0191463652 -0.00557764523 0.00860470058 0.0119421138 0.00818732613 0.00353991845 0.00340015809 0.00904857492 0.0143003887 0.0135794345 0.00594672798 0.0041139031 0.00972815983 0.00482799014 -0.00354790223 -0.00610870177 -0.00492799668 -0.00349713423 -0.00256980031 
-0.00243420464 -0.00192640425 -0.00044230792 0.000293013242 -0.00316490721 -0.0110012195 -0.0174286632 -0.0144284972 -0.00629776131 0.00064109949 0.00313653267 0.000687949485 -0.00703062729 -0.0166717379 -0.0217620248 -0.0173793793 -0.00707102172 0.00692270665 0.0179087116 0.0121706486 0.00449877483 0.00951289455 0.0173452441 0.0177727301 0.00951933667 0.00297724686 0.00391417777 0.00842454226 0.00371534498 -0.00323009062 -0.00513587557 -0.00433224263 -0.00330109103 -0.00253382468 
-0.00198036661 -0.00135367454 -0.000266605571 -0.000698362013 -0.00430643613 -0.00817691549 -0.00923733468 -0.0100729865 -0.00617323416 0.000642176143 -0.00348861017 -0.00428246216 0.00445023922 -0.00341678703 -0.0118955788 -0.0102519147 -0.0161819157 -0.00978369409 0.0110110193 0.0056752534 -0.0025299611 0.01117964 0.0188637412 0.0122115655 0.00083089966 0.00230679196 0.00547568538 0.000447681527 -0.00447893938 -0.00627913523 -0.00482025152 -0.00360564256 -0.00302840339 -0.00248103786 
-0.00169096563 -0.00100289866 -6.06611943e-05 -0.000930817959 -0.00463248273 -0.00799125986 -0.00894561451 -0.0101981737 -0.0084400771 -0.00405173322 -0.00650303403 -0.00648167332 0.00184984291 0.00108620484 -0.00676891829 -0.0162664115 -0.0265332079 -0.017274362 0.00889880193 0.00193706686 -0.00876023554 0.00522608424 0.007039901 -0.00132956322 -0.00311588648 -0.00107854967 -0.00145170969 -0.00598916047 -0.00510250288 -0.0017066044 -0.00130299632 -0.00205109282 -0.00249723263 -0.00231952887 
-0.00151946085 -0.000779740848 0.000175915242 -0.000660029783 -0.00415693814 -0.0073203628 -0.00839872064 -0.00871640981 -0.0066625391 -0.00318331602 -0.00419920009 -0.00530063878 -0.00149541517 0.00241472462 -0.00355064198 -0.020707773 -0.0313216427 -0.0214422898 0.000757652002 -0.00471155362 -0.0138292375 -0.00336679854 -0.000745500345 -0.0058418727 -0.0067685849 -0.00654957687 -0.00820700789 -0.0108386552 -0.00730028506 -0.00207804269 -0.000999206173 -0.00162599124 -0.00213913518 -0.00208377435 
-0.00138867728 -0.000579904808 0.000544839244 0.000195110252 -0.0022664249 -0.00407258117 -0.00350744173 -0.00276551105 9.97299772e-05 0.003523284 6.03754135e-06 -0.00360446872 -0.000549133368 0.00353731803 -0.00109940224 -0.0161042183 -0.0266972949 -0.0234877925 -0.0108344456 -0.00918461536 -0.0117191325 -0.00457140354 0.00462433746 0.00287228802 -0.00730909601 -0.00807758283 -0.00843766196 -0.0135987079 -0.0145031969 -0.0110073082 -0.00579516319 -0.00298851495 -0.00214849332 -0.00184252482 
-0.00125249231 -0.000361660511 0.000877140239 0.000714539476 -0.00137109959 -0.00285156147 -0.00184965032 -0.00013993486 0.00334293033 0.00599993042 -0.00058811785 -0.00521487769 -0.00100818961 -0.00354567348 -0.00802614005 -0.00864396246 -0.0155193134 -0.0148824187 -0.00135830216 0.00271004847 0.00333664386 0.00933627092 0.011036753 0.00780325846 0.00333322799 0.000515847336 -0.00430769086 -0.0119006143 -0.0160284163 -0.0147078783 -0.00843580252 -0.00385825631 -0.00210049143 -0.00162153338 
-0.00112316909 -0.000184101637 0.000956663287 0.000209555478 -0.00313222883 -0.00580979517 -0.0056030961 -0.00463765139 -0.00204745814 0.000468295335 -0.00450165633 -0.00699951309 -0.00238805825 -0.00641126147 -0.00958629572 -0.00523865267 -0.00790210325 -0.00680089513 0.00449156737 0.00813037986 0.0086161697 0.00998046141 0.00407651307 0.00217861593 0.0083258225 0.00364717142 -0.00623309991 -0.0119617193 -0.0136686579 -0.0118861238 -0.00689395719 -0.00320925864 -0.00181267077 -0.00147700249 
-0.00101528105 -4.7244139e-05 0.000933650743 -0.000562198464 -0.00554203045 -0.00964009891 -0.0102883182 -0.011334911 -0.0111244997 -0.00835339769 -0.00810285424 -0.00789366344 -0.00482073329 -0.00378510715 -0.00574240213 -0.00775689322 -0.00612793686 -0.00484551452 -0.00519579052 -0.00375679512 -0.00392944816 -0.00831752265 -0.0128406084 -0.00772580413 0.0047230263 -0.00209664567 -0.0138442391 -0.0138252958 -0.00997973649 -0.00663567097 -0.00373208204 -0.00206422728 -0.0015968543 -0.00149489573 
-0.000980133216 -9.47495857e-06 0.000951726214 -0.000518879488 -0.00528353559 -0.00926976754 -0.0100768615 -0.0121236329 -0.0132505952 -0.0112677122 -0.0105450886 -0.010249605 -0.00876841576 -0.00866096463 -0.0117954578 -0.0122619589 -0.00486567513 -0.00280381938 -0.0119981905 -0.0152094579 -0.0159759367 -0.0190020522 -0.0154887584 -0.00578469854 0.00184030245 -0.00400466874 -0.0123519296 -0.0114406624 -0.00682955025 -0.00352317515 -0.00202562954 -0.00164713314 -0.00175402493 -0.00172123561 
-0.00107557492 -0.00018941161 0.000733755766 -0.000640408703 -0.00533743005 -0.00976918999 -0.0113825259 -0.012986852 -0.014136333 -0.0137448872 -0.0136023267 -0.0104410424 -0.00429755149 -0.0059250025 -0.0130608855 -0.0143087141 -0.00453530722 -0.00158992096 -0.0129993089 -0.0176040376 -0.0170789752 -0.0164639475 -0.00919511637 -0.00046885107 0.00155440877 -0.00273349516 -0.00731591431 -0.0072339982 -0.00459609757 -0.00262309103 -0.0019714019 -0.00204656265 -0.00224170959 -0.00208370511 
-0.00132217671 -0.00063382049 0.000166215834 -0.00110013948 -0.00582691113 -0.0111638976 -0.0140140772 -0.0143464894 -0.0150082681 -0.0164946456 -0.0161792472 -0.00790297863 0.0063112676 0.00431044189 -0.00714785243 -0.0118960377 -0.00276063428 0.00142190565 -0.00796498894 -0.0117312965 -0.00991845679 -0.00756469745 -0.00340007255 0.000432990239 0.000398576467 -0.00221507643 -0.00444154831 -0.00466501201 -0.00367767686 -0.00287394495 -0.00265651084 -0.00276863517 -0.00281079744 -0.00245383158 
-0.00168220025 -0.00127030626 -0.000551787669 -0.00103534888 -0.00373359841 -0.00716555865 -0.00913769859 -0.00920617266 -0.0100403877 -0.0126876926 -0.0134437263 -0.00704737285 0.00345672951 8.78769013e-05 -0.0087279774 -0.00700037451 0.00514654381 0.0111717417 0.00331824524 -0.00227553468 -0.00267878963 -0.0017188577 -0.000908935459 -0.000589479207 -0.00144276432 -0.00286884558 -0.00384065602 -0.00402190077 -0.00370309336 -0.00342019794 -0.00336127652 -0.00339528626 -0.00326261826 -0.00273325227 
-0.00206731543 -0.00195899355 -0.00133700661 -0.00101134335 -0.00151327844 -0.00244392864 -0.00284578499 -0.0027214253 -0.00356259389 -0.00624822038 -0.00825003716 -0.00630986357 -0.00302527809 -0.00729009237 -0.0113975368 -0.00430138006 0.0088115997 0.0149723117 0.0091155255 0.00295408172 0.000585679841 -0.000101571948 -0.00086906138 -0.00178632585 -0.00276244606 -0.00359029601 -0.00403574636 -0.00411911721 -0.00398571067 -0.00388981001 -0.00386061885 -0.00380616095 -0.00355116991 -0.00290938161 
-0.00238289434 -0.00256481717 -0.0021670303 -0.00157429303 -0.00105438814 -0.000662070492 -0.000177146172 0.000266237739 -2.27498694e-05 -0.00151792229 -0.00326288264 -0.00389774463 -0.00449687888 -0.0075091029 -0.00891970089 -0.00391311199 0.00415027589 0.00824400825 0.00582844289 0.00211122272 8.96397643e-06 -0.000985232839 -0.0018979853 -0.00278102445 -0.00350732348 -0.00400108955 -0.00422967499 -0.00426151132 -0.00418490303 -0.00413502318 -0.00410001105 -0.00399363217 -0.00367089036 -0.00297234334 
-0.00253809227 -0.00294461792 -0.00282653263 -0.00239195164 -0.0017888244 -0.00115160686 -0.000499388684 6.42356345e-05 0.000249727713 -0.000195883305 -0.00112041449 -0.00209903197 -0.00335742551 -0.00511785586 -0.00587211329 -0.0040642259 -0.000895975502 0.000943855969 0.000436529364 -0.000904589165 -0.00184545776 -0.00238298157 -0.00290404203 -0.00340983766 -0.00381694071 -0.00408042522 -0.00418731207 -0.00419598422 -0.00415025671 -0.00411596846 -0.00407256509 -0.0039481543 -0.00360606773 -0.00290049396 
-0.00242305991 -0.00292673111 -0.00300884291 -0.00280268743 -0.00240969953 -0.00194215713 -0.00144424814 -0.000975815916 -0.000648762848 -0.000624213003 -0.000972310298 -0.00159440396 -0.00244253556 -0.00342933263 -0.00406958161 -0.00392022427 -0.00321539823 -0.00267736147 -0.00265673339 -0.00288540005 -0.0030667979 -0.00318540619 -0.00335748884 -0.00354708055 -0.00371478838 -0.0038233027 -0.00386372182 -0.00385901453 -0.00382470466 -0.00379694206 -0.00375161188 -0.00362664804 -0.00330049324 -0.00264384729 
-0.00197880477 -0.00243661939 -0.00259338598 -0.00253923688 -0.0023418771 -0.00207705431 -0.00177859222 -0.00147607712 -0.001221013 -0.00110004938 -0.00119741235 -0.00149349468 -0.00194321155 -0.002483832 -0.00295808381 -0.00322394764 -0.00326448568 -0.00321175141 -0.00316824417 -0.00312103787 -0.00306227299 -0.0030097586 -0.00301393671 -0.00304881347 -0.00309069686 -0.00311905741 -0.00312506164 -0.00311675048 -0.00309251627 -0.00307022213 -0.00302849626 -0.00291819888 -0.00264694269 -0.0021161811 
-0.00224879531 -0.00277794733 -0.00291611174 -0.00270314447 -0.0022787705 -0.00180666162 -0.00140961532 -0.00111920491 -0.000913561964 -0.000784193883 -0.000722783536 -0.000681309174 -0.000656110573 -0.00066257175 -0.000707281572 -0.000811163318 -0.00102622432 -0.00144763056 -0.0020725488 -0.002854031 -0.00376656734 -0.00480231915 -0.00586816319 -0.00675064864 -0.0073030397 -0.0075313332 -0.00749270993 -0.00721212558 -0.00670773502 -0.00606683835 -0.00538126323 -0.00469085433 -0.00392784071 -0.00298271912 
-0.00282452336 -0.00343193885 -0.00344300106 -0.00290705027 -0.00213820156 -0.00156574986 -0.00131386966 -0.00109934692 -0.000790604435 -0.000520028191 -0.0003570963 -0.000284501378 -0.000306580495 -0.000410529888 -0.000496836405 -0.000548342639 -0.000751380903 -0.00140168156 -0.00238422677 -0.00338453827 -0.00450917594 -0.00600589877 -0.00759873771 -0.00879071735 -0.00941155101 -0.0096503718 -0.00967393202 -0.00941969795 -0.00878732395 -0.00791373001 -0.00701777279 -0.00614924487 -0.00516299924 -0.00391369384 
-0.00306272756 -0.00357933009 -0.00326063003 -0.00210668488 -0.000900650829 -0.000821808657 -0.00175893764 -0.00212324611 -0.00158518672 -0.000921629581 -0.000506501867 -0.000392909225 -0.000692100399 -0.00118317171 -0.00140707826 -0.00114005219 -0.00103127558 -0.00200382684 -0.00343781257 -0.00402861387 -0.00454454416 -0.00616260183 -0.0079882385 -0.00880945038 -0.00875050326 -0.00868799838 -0.00898815256 -0.00921988672 -0.00879648486 -0.00801377792 -0.00741671602 -0.00687129169 -0.00596727707 -0.00457580749 
-0.00302932406 -0.00333694951 -0.00250999788 -0.000587429849 0.000948626114 -0.000457896084 -0.00439441714 -0.00576849402 -0.00462681717 -0.00322097105 -0.00232101729 -0.00233052131 -0.00342160024 -0.00480427285 -0.00532927549 -0.00434910058 -0.0034062431 -0.00467110171 -0.0068689763 -0.00586030355 -0.00420759974 -0.00522268062 -0.00631496022 -0.0052951363 -0.00294325316 -0.00193147875 -0.00289507589 -0.00448183887 -0.004825412 -0.00478205782 -0.00569927159 -0.00653264045 -0.0063021158 -0.00501482223 
-0.00287081685 -0.00298510178 -0.00189851439 0.000185021877 0.00159679636 -0.00156014072 -0.00863662931 -0.0102504033 -0.00814267364 -0.0061798391 -0.00494337965 -0.00535705076 -0.0075796982 -0.0100725175 -0.011115724 -0.00951006595 -0.00739735704 -0.00865818096 -0.0119559114 -0.00920475029 -0.00505923875 -0.00469832113 -0.00380418351 0.00040491458 0.00666600533 0.00938894086 0.00765567586 0.00427306264 0.00304820592 0.00184338555 -0.0019611495 -0.00526826906 -0.00625628754 -0.00528992778 
-0.00263092079 -0.00265286769 -0.00189195292 -0.00104908742 -0.00150073106 -0.00443754208 -0.00818490567 -0.00883259779 -0.00741491112 -0.00599122706 -0.0055918128 -0.00640624903 -0.00847976777 -0.0108859848 -0.0123260375 -0.0116292172 -0.00981996985 -0.00959907709 -0.0113141039 -0.0119795108 -0.0100113619 -0.0060171545 -0.00331968725 0.00226117639 0.0121085843 0.0168872547 0.0153090651 0.0119395227 0.0108399033 0.00858936927 0.00216236923 -0.00359714202 -0.00590843086 -0.0053734334 
-0.00236922227 -0.00232067647 -0.00191644203 -0.00251251393 -0.0051256567 -0.00606359655 -0.00340966338 -0.00318567766 -0.00433480409 -0.00531566552 -0.00648660253 -0.00662267439 -0.00599442332 -0.00682942891 -0.00885133362 -0.0102512256 -0.00958850408 -0.00622931976 -0.00390631746 -0.0105659768 -0.0135985576 -0.00695174326 -0.00437947263 0.000117512717 0.0111976892 0.016949689 0.0164806654 0.0151576393 0.0155589884 0.0133399445 0.00529686275 -0.00216832535 -0.00547603944 -0.00531284465 
-0.00214791425 -0.00194572349 -0.00127835616 -0.00121922147 -0.00242227853 -0.00377026783 -0.00391246766 -0.0032209255 -0.00483933874 -0.009360285 -0.0111971802 -0.00925226272 -0.00556862512 -0.00552900705 -0.00826685482 -0.0103537337 -0.00871425883 -0.0038208847 -0.000154062145 -0.00377700538 -0.00681825094 -0.00471064324 -0.00306969988 0.000837562714 0.00919052126 0.0135979722 0.0139332167 0.0143228846 0.0161218172 0.0142554312 0.00568455324 -0.00200227963 -0.00535144963 -0.00524656169 
-0.00199017957 -0.00164669998 -0.000723120914 -0.000292621142 -0.00139588642 -0.00459327338 -0.00762549424 -0.00624917673 -0.00568771065 -0.00885625816 -0.0109078252 -0.0103706033 -0.00891980037 -0.00937210496 -0.0112450731 -0.0120712242 -0.0101690975 -0.00653557356 -0.00337789569 -0.00265285128 -0.00183775749 0.000618587007 0.00179034342 0.00323758311 0.00729552916 0.0107829005 0.0126788767 0.0133540086 0.0125458927 0.00863838832 0.0018849564 -0.00350147254 -0.00564866157 -0.00519323893 
-0.00194408596 -0.00161779987 -0.000971660452 -0.00160041986 -0.00489014473 -0.0087106262 -0.00982058003 -0.00770623764 -0.00507158426 -0.0041625735 -0.00598165026 -0.00821711324 -0.0100917286 -0.0114205511 -0.0126024427 -0.0126047029 -0.012248889 -0.0113172725 -0.00948809928 -0.00761312223 -0.00287919056 0.0040487391 0.00473693113 0.00269440434 0.00372917157 0.00891414525 0.014314901 0.0150396454 0.00961480532 0.00284173111 -0.00178733619 -0.0047807713 -0.00580490558 -0.00504623593 
-0.00208941536 -0.00192484708 -0.0017378331 -0.00314019571 -0.00680401046 -0.00964233978 -0.00914552559 -0.00741643638 -0.00633812962 -0.00649989219 -0.00678306225 -0.00521139305 -0.0021780635 -0.00445006006 -0.00888233206 -0.0108691811 -0.0110678473 -0.0110015119 -0.0101954281 -0.0067897542 -0.00213990594 0.000638836625 -0.00011830807 -0.00203225244 -0.000487872298 0.00720514403 0.0149339885 0.0165242686 0.0124001464 0.00639942315 0.000175207008 -0.00395607793 -0.00533372324 -0.00472621282 
-0.0024290702 -0.00251046982 -0.00261764012 -0.00434639529 -0.00815376283 -0.0104825595 -0.0093358683 -0.00772160558 -0.00593126621 -0.00382141698 -0.00312293393 -0.0016947331 0.00104558704 -0.00125932709 -0.00591733748 -0.00871183013 -0.00881881678 -0.00836259099 -0.00757382101 -0.00410733826 -0.00132700173 -0.00197687554 -0.00377595384 -0.00453934346 -0.00115543899 0.00569306336 0.00956585771 0.00790374233 0.00735603806 0.00612150868 0.00126965343 -0.00294954667 -0.00462780913 -0.00425260054 
-0.00286883243 -0.00308337507 -0.00283058146 -0.00322884352 -0.0053108548 -0.00659499693 -0.00592491018 -0.00528660736 -0.00145278196 0.00543036858 0.0055252477 0.000925271903 -0.00377480884 -0.00559858479 -0.00654477592 -0.00741948886 -0.00732478785 -0.00585620205 -0.00347643153 -0.00215626441 -0.00104481504 0.000243715733 -0.00151441104 -0.00268934731 0.000834581301 0.00503759951 0.00385038138 -0.00294095361 -0.0035268275 -0.00157669711 -0.00221870469 -0.00369354202 -0.00430196033 -0.00376969943 
-0.00322055597 -0.00330825092 -0.00164956541 0.00230345894 0.00719008812 0.00906749036 0.0061896714 0.00220111146 0.00159560759 0.00368002374 0.00325138186 -0.000165516641 -0.00479016471 -0.00733001577 -0.00741661296 -0.00654514061 -0.00668317065 -0.00362476909 0.00226250166 0.00137732015 0.000175005482 0.00315061974 0.00201216321 -0.000824246725 0.000404483335 0.00627021754 0.00949450882 0.005070672 -0.00219816388 -0.00658180108 -0.00654955143 -0.00534343819 -0.0043241342 -0.00337771416 
-0.0033168857 -0.00311155118 -7.16112314e-05 0.00715354525 0.0157565443 0.0158650415 0.00656847139 0.00133773682 -0.00107094769 -0.00489234098 -0.00410815332 -0.00338343756 -0.00641471431 -0.00804676111 -0.0075074197 -0.00740064028 -0.00724703604 -0.00344786117 0.00178005138 0.000944819415 -8.73891721e-05 0.00268417296 0.00316152898 0.00219642329 0.00365975482 0.00939910015 0.0144647205 0.0125914175 0.00149887828 -0.00795889445 -0.00874901055 -0.00627682461 -0.00426723008 -0.00304744906 
-0.00310630368 -0.00267552279 0.000522476573 0.00694159297 0.0120017711 0.00530958982 -0.00939651454 -0.00966233442 -0.00643352891 -0.00967010642 -0.00595522841 -0.00431831853 -0.0114049579 -0.0129222725 -0.0116984781 -0.0121919345 -0.00756708516 -0.00132868181 0.000394258883 0.00047730686 0.00025517909 0.00128872186 0.00444636584 0.00838584209 0.0111557922 0.0109263362 0.0110621936 0.0100625343 0.00161358752 -0.00704591295 -0.00824924292 -0.00595154408 -0.00396393065 -0.00278285398 
-0.0026693666 -0.00214672256 0.000190856621 0.00333764616 0.00261075263 -0.00705416773 -0.0191811776 -0.0163144654 -0.00838686853 -0.00538614692 -0.000195175245 -0.00122230034 -0.013489678 -0.0199427099 -0.0210651841 -0.0184817505 -0.00605159672 0.00732025877 0.0114612001 0.00871006151 0.00483606676 0.00527325647 0.0106840783 0.0152814008 0.0142395515 0.00787667978 0.00620908985 0.00986961 0.00497284201 -0.00304390817 -0.00584876425 -0.00496785178 -0.00360616514 -0.0026325126 
-0.00214590096 -0.00156017212 -0.000104752381 0.000445418548 -0.00306877468 -0.0106331901 -0.0167600598 -0.0144176719 -0.00687350388 -0.000273208751 0.00212211126 -0.000261374209 -0.0073658005 -0.0165511161 -0.0213135211 -0.0174079614 -0.00774516049 0.0057136502 0.0162051612 0.0122074121 0.00601767784 0.010688337 0.0179906094 0.0181927358 0.0107596609 0.00484602483 0.00531140991 0.0081352819 0.00365125972 -0.00282904629 -0.00489329458 -0.00430811238 -0.00334587744 -0.00255514666 
-0.00169146425 -0.00103871097 -5.5276797e-05 -0.000657496707 -0.00429750104 -0.00838116157 -0.0100862835 -0.0104896198 -0.00646497782 -0.000576431819 -0.00313787955 -0.00362538549 0.00200709915 -0.00469121753 -0.0123981396 -0.0125496409 -0.0161443834 -0.00851945739 0.00955166696 0.00632589683 4.44421688e-05 0.0112621567 0.0183477757 0.0126600156 0.00308386091 0.00313382027 0.00506721505 0.00101130764 -0.0034899195 -0.00534347353 -0.00449433113 -0.00354038604 -0.00300594437 -0.00245634888 
-0.00138736811 -0.000691229374 0.00011386275 -0.000917555771 -0.00459159143 -0.00798646253 -0.00922801093 -0.0102137209 -0.00820945174 -0.00427310145 -0.0060534633 -0.00572180246 0.00101941624 1.70130821e-05 -0.00770967088 -0.0172106899 -0.0259883591 -0.0166986495 0.00586022846 0.00170281454 -0.00640627244 0.00506748329 0.00763396984 0.000593283362 -0.00201951496 -0.000807360961 -0.00148073547 -0.00544237969 -0.00508716827 -0.00226866618 -0.00163674018 -0.00212131689 -0.00246012105 -0.002264971 
-0.00119469593 -0.000445970603 0.0003756323 -0.000602527113 -0.00401436972 -0.00708135469 -0.00821998593 -0.00843999939 -0.00630221263 -0.00318530679 -0.00405202101 -0.00484450806 -0.00133535813 0.00147358903 -0.00492314442 -0.0207287218 -0.0305968314 -0.0213582093 -0.00202242253 -0.00492309882 -0.0115826396 -0.00280352816 0.000301265305 -0.00394730911 -0.00587474623 -0.00618458504 -0.00791897147 -0.0104489388 -0.00778881521 -0.00321387612 -0.00165429846 -0.00182097622 -0.00213359866 -0.00202923793 
-0.00104396116 -0.000218680294 0.000776404739 0.000262807117 -0.00220152753 -0.00405196709 -0.00379044543 -0.00292496627 -0.000125078262 0.00268673586 -0.000316836083 -0.00336016459 -0.000769981186 0.0020838291 -0.00303599455 -0.0165810683 -0.0263571976 -0.0228692874 -0.0107683601 -0.00837627608 -0.00969259649 -0.00294399475 0.0046503748 0.00277069826 -0.00551107506 -0.00729285974 -0.00857909705 -0.0132764104 -0.0142957204 -0.0109658126 -0.00606204376 -0.00318937878 -0.00219935931 -0.00181296607 
-0.000896110323 1.06473736e-05 0.00110613271 0.000742900566 -0.00143209636 -0.00299371486 -0.00227257745 -0.00060031041 0.00266171103 0.00474458002 -0.000781720319 -0.00474816607 -0.00170589184 -0.00378108089 -0.00807889072 -0.0101423406 -0.0161663933 -0.0148606623 -0.00280058234 0.00195700022 0.00328915094 0.00850739184 0.0103859964 0.00753898674 0.00330227177 1.08422153e-05 -0.00513587627 -0.0122640388 -0.0160915146 -0.0145307504 -0.0086167561 -0.00409012274 -0.00220540178 -0.00161684676 
-0.000764325592 0.000179526784 0.00115652442 0.000218112194 -0.00311385242 -0.00577342555 -0.00582229088 -0.00493309734 -0.00250621441 -0.000514310577 -0.00462008525 -0.0066862925 -0.00335374006 -0.00651350759 -0.00929610141 -0.00677964602 -0.00883574264 -0.00719846353 0.00248710379 0.00659413639 0.00750034436 0.00840041547 0.00394662039 0.00271029838 0.00718514261 0.0027162193 -0.00660437759 -0.0123003405 -0.0139974845 -0.0120371708 -0.00720268899 -0.00347580306 -0.00192132765 -0.00147146102 
-0.000664907403 0.000291080176 0.00108467948 -0.000572031602 -0.00534330792 -0.00929905116 -0.0102888574 -0.011280078 -0.0108906192 -0.00856222672 -0.00846105923 -0.00819375061 -0.00561306132 -0.00504281938 -0.00696053986 -0.00829815768 -0.00681543268 -0.00542928095 -0.00527368192 -0.00414508738 -0.00434265479 -0.00783562669 -0.0111923231 -0.00625484059 0.00354869678 -0.00215888219 -0.0125874161 -0.013598696 -0.0104866712 -0.00717834035 -0.00414511299 -0.00228786238 -0.00165582991 -0.00146736475 
-0.00064726808 0.000297326494 0.00104018468 -0.000678454996 -0.00545285493 -0.00951487683 -0.0108376548 -0.0128214073 -0.0137169085 -0.0120323938 -0.0112556942 -0.010571763 -0.00886662745 -0.0089354544 -0.0118325308 -0.0120758951 -0.00578863642 -0.00408763235 -0.0116895245 -0.0150427295 -0.0159334407 -0.0180716786 -0.0147474178 -0.00573915573 0.00103546768 -0.00405592692 -0.0116688999 -0.0113562186 -0.00728448189 -0.00401689761 -0.00232587262 -0.00175855642 -0.00174434772 -0.00166825244 
-0.000765526129 9.26502713e-05 0.000796514315 -0.000842786545 -0.00558027346 -0.0100674198 -0.0120972765 -0.0138268535 -0.0148549028 -0.014539325 -0.0141037324 -0.0106385053 -0.0049423204 -0.00630753025 -0.0125855504 -0.013546087 -0.00519611638 -0.00281921081 -0.0124889991 -0.0172794062 -0.0170940609 -0.0160148003 -0.00939553584 -0.00133381104 0.000960481441 -0.00288280938 -0.00725053145 -0.00736892416 -0.00492028033 -0.00289686199 -0.00209558623 -0.00205030776 -0.00218337878 -0.00201714338 
-0.00103935698 -0.000366322882 0.000255660162 -0.00120228497 -0.00580604181 -0.0109020378 -0.0137659981 -0.0145767639 -0.015321742 -0.0165383213 -0.015943086 -0.00817161673 0.00373613524 0.00231449175 -0.007444935 -0.0108606538 -0.0027372784 0.000914393462 -0.00712936606 -0.0113359701 -0.0101787009 -0.00785827785 -0.00378074648 -6.80099299e-06 0.000197009878 -0.00224180877 -0.00448033481 -0.00478966518 -0.0038269791 -0.00296076983 -0.00265911848 -0.00271516817 -0.00273781414 -0.00239023399 
-0.0014308987 -0.0010127637 -0.000415007558 -0.00107567694 -0.0038322855 -0.00723110698 -0.00927710652 -0.00970202808 -0.0106353073 -0.0129421153 -0.01336872 -0.00720367261 0.00192336427 -0.000729370328 -0.00823235154 -0.00636293033 0.00469851169 0.0101425989 0.00338365204 -0.0021335414 -0.00287447093 -0.00200045121 -0.00105729414 -0.000593597189 -0.00133082689 -0.00274362459 -0.00379138564 -0.00403356208 -0.00372585546 -0.00341454771 -0.00332073876 -0.00333447981 -0.00320105255 -0.00268474079 
-0.00185127277 -0.00171437406 -0.00115240812 -0.000958561853 -0.00161128673 -0.00266125738 -0.00321664539 -0.00330046625 -0.00422214569 -0.00666509355 -0.00834223038 -0.00633566206 -0.00341899313 -0.0070058362 -0.0103224522 -0.00383801413 0.00824630953 0.0139347842 0.00895851317 0.00313588693 0.000660318513 -9.21983338e-05 -0.000778226054 -0.00160990368 -0.00256536524 -0.00343173275 -0.00394385911 -0.0040761065 -0.00396212572 -0.00385781514 -0.00381813743 -0.00376065855 -0.0035094124 -0.00287741479 
-0.00220483217 -0.00234511514 -0.00195301065 -0.00141458525 -0.000991963294 -0.000702268749 -0.000326948644 -4.03367486e-06 -0.000380215275 -0.00184737077 -0.00347554997 -0.00401504681 -0.00460525002 -0.00732335571 -0.00840786263 -0.00353008323 0.00426514524 0.00826094219 0.00613832537 0.00252569044 0.000333180639 -0.000756391562 -0.00168728627 -0.00257754744 -0.0033323376 -0.00387255982 -0.00414925336 -0.00421409904 -0.00415674641 -0.00410859051 -0.00407161748 -0.00396667549 -0.00364727293 -0.00295423858 
-0.00239701239 -0.00276009612 -0.00261705682 -0.00217415979 -0.0015875646 -0.000977632452 -0.000361690229 0.000148661897 0.000265647034 -0.000240059125 -0.00118413602 -0.00216830419 -0.00343081026 -0.00512390924 -0.0057379407 -0.00379040784 -0.000504393604 0.00142871058 0.000977291997 -0.000412635264 -0.00146811047 -0.00210993968 -0.00269214048 -0.00324226041 -0.00369129495 -0.00399498566 -0.00413662179 -0.00416705242 -0.00413414463 -0.00410336435 -0.00406072601 -0.00393731392 -0.00359625224 -0.00289264021 
-0.0023168563 -0.00278411027 -0.00283491833 -0.0025990272 -0.00218513702 -0.00170154907 -0.00119633587 -0.000737831793 -0.000446420111 -0.000475091519 -0.000873300029 -0.00153990152 -0.00243530547 -0.0034369733 -0.00402300464 -0.00374404841 -0.00288872888 -0.00225279438 -0.00221803156 -0.00250607639 -0.00277119632 -0.00296624093 -0.00319248982 -0.00342639458 -0.00363049646 -0.00376884007 -0.00383171228 -0.00384114369 -0.00381601627 -0.00379132277 -0.00374704654 -0.00362266499 -0.00329664606 -0.00264043316 
-0.00190387086 -0.00233510623 -0.00246644358 -0.00238417835 -0.00216076018 -0.00187115368 -0.00155357236 -0.0012438793 -0.000999516039 -0.000906794372 -0.00104049487 -0.00137900004 -0.00187365728 -0.00244226386 -0.00290558288 -0.00311416874 -0.00307811336 -0.00297049704 -0.00291459353 -0.00289404291 -0.00287693486 -0.00286730018 -0.00290600767 -0.00297056588 -0.00303707503 -0.00308504305 -0.00310529202 -0.00310570454 -0.00308752488 -0.0030675755 -0.00302681338 -0.00291695048 -0.00264553438 -0.00211468094 
-0.00218705676 -0.00268368289 -0.00278478703 -0.00254014604 -0.00210476483 -0.0016496577 -0.00128014466 -0.00100773868 -0.000800382033 -0.000658323382 -0.000585919724 -0.000549773645 -0.000545846739 -0.000581918796 -0.000654957948 -0.000785337802 -0.00103603297 -0.00149850307 -0.00216100818 -0.00297254948 -0.00390816817 -0.00495964307 -0.0060257035 -0.00689337928 -0.00743015929 -0.00765103017 -0.00761431198 -0.00734196981 -0.00685081363 -0.00622230229 -0.00554569385 -0.00485532329 -0.00407607458 -0.00309720995 
-0.00273388249 -0.00329060265 -0.00325019678 -0.00268855621 -0.00194436267 -0.00144073043 -0.00126039604 -0.00109502867 -0.000799748647 -0.000513458983 -0.000334873237 -0.000275595752 -0.000339396442 -0.000487837481 -0.00060965881 -0.000692964849 -0.000935962387 -0.00161468754 -0.00260311247 -0.0035994878 -0.00470677125 -0.00614891145 -0.00764948895 -0.00874099137 -0.0092858045 -0.00948051591 -0.00949750152 -0.00927151745 -0.008698229 -0.00790092842 -0.0070795908 -0.00626618439 -0.00530110294 -0.00403518685 
-0.00294138427 -0.00339439185 -0.00302281466 -0.00190547865 -0.000833408775 -0.000853937978 -0.00180128254 -0.00222141393 -0.00175690615 -0.00109912088 -0.000681167227 -0.000611746884 -0.00096565802 -0.00149621491 -0.0017470466 -0.00154515122 -0.00151619483 -0.00244509777 -0.00377075807 -0.00436621538 -0.00486937572 -0.0062734847 -0.00781467706 -0.00842807319 -0.00822773489 -0.008058614 -0.00830611009 -0.0085597795 -0.00826666726 -0.00767499479 -0.00724701758 -0.00683559793 -0.00602507392 -0.0046653552 
-0.00288065648 -0.00312302572 -0.00229138364 -0.000549923395 0.000678665778 -0.000736041081 -0.00422896565 -0.00562232612 -0.00470471379 -0.00339298692 -0.00257503806 -0.00265512203 -0.00373654241 -0.00508569065 -0.00560722627 -0.00480077804 -0.00406688616 -0.00517993738 -0.00698570144 -0.00622224738 -0.00480356242 -0.00539173747 -0.00599917303 -0.00474896238 -0.00234893723 -0.00116803746 -0.00193442556 -0.00339913268 -0.00392157063 -0.00419182474 -0.00528219315 -0.00627605767 -0.00621361624 -0.00503199574 
-0.00270024963 -0.00276077463 -0.00172973322 5.97283839e-05 0.0009870206 -0.00195876268 -0.0077680085 -0.00950309165 -0.00789583571 -0.00613094065 -0.00512001286 -0.00557963914 -0.00759666931 -0.00990276088 -0.0108717566 -0.00958702364 -0.00793428782 -0.00894140231 -0.0113319555 -0.009329857 -0.00587643664 -0.00490104337 -0.00349737756 0.000767171916 0.00667398213 0.00957769808 0.00828749688 0.00535447681 0.00393268346 0.00233956222 -0.00139849484 -0.00476756723 -0.00597864531 -0.00520603139 
-0.00245280514 -0.00244507531 -0.00173388268 -0.00104431938 -0.00164881695 -0.00437603483 -0.00759717194 -0.00845789322 -0.00742687102 -0.00628933699 -0.00602930148 -0.00679862486 -0.00864348035 -0.0108853809 -0.0122054879 -0.0116882293 -0.010191854 -0.00985487285 -0.0110500498 -0.0116455925 -0.00983068901 -0.00602527059 -0.0027838576 0.00301229952 0.0120544879 0.0169000709 0.0158494865 0.0129799156 0.0116368878 0.00898401588 0.00283332634 -0.00288423911 -0.00545872313 -0.00519398465 
-0.00218686431 -0.00213222132 -0.0017650852 -0.00227473881 -0.00440560014 -0.00547156712 -0.00414096305 -0.00404121197 -0.00499640716 -0.00607845232 -0.00712787329 -0.00726273021 -0.00688097122 -0.00780035528 -0.00963908006 -0.0107574076 -0.00991818103 -0.0069701798 -0.00537911655 -0.0100578625 -0.0119319844 -0.00672347493 -0.00336190021 0.00185388865 0.0117872352 0.0174875011 0.0174779838 0.0163085499 0.0162558734 0.0135861944 0.00596170968 -0.00136046023 -0.00492792902 -0.00507296482 
-0.0019600251 -0.00176899507 -0.00121354337 -0.00130345339 -0.00260318166 -0.00400404064 -0.00430060003 -0.00395275429 -0.00543592458 -0.00910045933 -0.0108847467 -0.00948434991 -0.00679023559 -0.00687007134 -0.00921082565 -0.0108418995 -0.00930303475 -0.00496872282 -0.00189098415 -0.00445189582 -0.0064513626 -0.00419936695 -0.00187327773 0.00247446205 0.0101926082 0.0148226125 0.0155888627 0.0159058808 0.0169038042 0.0144122065 0.00635756644 -0.00116777475 -0.00478141549 -0.00498756992 
-0.00180116667 -0.00148998296 -0.000751329608 -0.00061891704 -0.00198413722 -0.00496270404 -0.00733226917 -0.00646165055 -0.00618123167 -0.00874274666 -0.0106850373 -0.0104200638 -0.00942519695 -0.00996724551 -0.0116489311 -0.0123619065 -0.0106713943 -0.00730350822 -0.00429320287 -0.00329093721 -0.00210765985 0.00061871285 0.00236081476 0.00433395828 0.00846354936 0.0122912088 0.0143859728 0.0150052424 0.0139087285 0.00971407328 0.00303093152 -0.00256010203 -0.00509396382 -0.00495014335 
-0.00176565187 -0.00149351458 -0.00103356695 -0.00181868615 -0.00485602826 -0.00830208157 -0.00941360269 -0.00777755188 -0.00571091602 -0.00529095985 -0.00678352732 -0.00845756728 -0.00974794014 -0.0111801512 -0.0125689141 -0.0128779889 -0.0124383272 -0.0112176945 -0.00922591249 -0.00692654148 -0.00240813037 0.0033174813 0.00457569099 0.00364610517 0.00533848645 0.0104370609 0.0153481397 0.0160353136 0.0114925976 0.00512441677 -0.000132878569 -0.00378107826 -0.00529077715 -0.00483170187 
-0.00192090573 -0.00181700742 -0.00179121263 -0.00328137036 -0.00673245655 -0.0094200091 -0.00921938352 -0.00767824017 -0.00647535934 -0.00627192675 -0.00646691879 -0.00533221148 -0.00342087176 -0.00546499931 -0.00931667228 -0.0112283234 -0.0114691564 -0.0111173111 -0.00986858387 -0.00648139948 -0.00200033234 0.000882272501 0.000703058471 -0.000410846021 0.00166697938 0.00867529295 0.0153911681 0.0166249889 0.012907109 0.00715289259 0.0010748986 -0.00322286026 -0.00491257774 -0.00454200215 
-0.00224675098 -0.00234936919 -0.00252939856 -0.00417598759 -0.00755880203 -0.00969743588 -0.00894563416 -0.0074673048 -0.00557788625 -0.00347640299 -0.00280451479 -0.00184624874 -0.000380541942 -0.00254902762 -0.00659148444 -0.00908092188 -0.00927679219 -0.00864444017 -0.00735275841 -0.00404103433 -0.00126186302 -0.00111460497 -0.00232427249 -0.00264847 0.000717370565 0.00699410896 0.0104961027 0.00918999604 0.00805705136 0.00609712057 0.00151134539 -0.00255769509 -0.0043370393 -0.00411352515 
-0.00263451014 -0.00278131975 -0.00245724234 -0.00262596724 -0.00409250067 -0.00513337999 -0.00493212439 -0.00447808207 -0.00131896354 0.0038404662 0.00410828544 0.000427809682 -0.00350041827 -0.00566810295 -0.00694843264 -0.00778871949 -0.00759878258 -0.00596744011 -0.00342315081 -0.00175609903 -0.0004379964 0.0007235531 -0.000439130019 -0.00112548857 0.00205378784 0.00623921385 0.00581529209 0.00060326242 -0.0010648203 -0.000686090645 -0.00184523536 -0.00344577096 -0.00414621519 -0.00370034469 
-0.00291365632 -0.00283112083 -0.00104451551 0.00271793631 0.00691090841 0.00817521715 0.00531504708 0.00184073296 0.00130075802 0.00286084917 0.00246945313 -0.000657283888 -0.00491730111 -0.00744467041 -0.00776617386 -0.00716871567 -0.00679332933 -0.00367581255 0.00132312385 0.0014490939 0.00102792892 0.00335778015 0.00276869545 0.000902220732 0.00250242295 0.00764604055 0.0101831155 0.00602499248 -0.000758196944 -0.005213461 -0.00585975866 -0.00512284784 -0.00429168593 -0.0033847717 
-0.00294928897 -0.00251617093 0.000605692112 0.00722960694 0.01432256 0.0137775883 0.00568629923 0.00077907585 -0.00143806036 -0.00418310483 -0.00378898275 -0.0037573778 -0.00687228961 -0.00872573157 -0.00846632163 -0.00814800674 -0.00717495085 -0.00315428632 0.0015107839 0.00157003918 0.00119103159 0.00348667105 0.00434994616 0.00407979557 0.00582976321 0.0106819332 0.0144679379 0.0120048062 0.0021598167 -0.00642547206 -0.00788335965 -0.00608277696 -0.00432333675 -0.00311119498 
-0.0027205535 -0.00208231847 0.0011365162 0.00692525894 0.0108500395 0.00470352463 -0.00740633611 -0.00889857054 -0.00667258714 -0.00831213312 -0.00563953858 -0.00500007716 -0.0110702764 -0.0134174518 -0.0128603366 -0.0123353509 -0.00747681527 -0.00103332236 0.0017197873 0.00204430834 0.00193687047 0.00322593368 0.00633884514 0.00981920138 0.0120254938 0.0121057004 0.0121384338 0.010579071 0.00266668894 -0.00550242612 -0.00743463641 -0.00581831443 -0.00405677166 -0.00286432594 
-0.00230453808 -0.00165065413 0.000652256997 0.0034235027 0.00241463634 -0.00637226813 -0.0167347918 -0.0152064083 -0.00867712547 -0.00535986761 -0.00125708517 -0.00265971916 -0.0128023795 -0.0191898311 -0.0205552275 -0.0175914933 -0.00655177796 0.0057219492 0.0105608271 0.00897605036 0.00614434592 0.00713337426 0.0121030148 0.0159657226 0.014803622 0.00975626148 0.00816747184 0.00992054243 0.00503209556 -0.00241552581 -0.00541002104 -0.00490305463 -0.0036854707 -0.00269485436 
-0.00181659228 -0.00118665209 0.000169279705 0.000502681503 -0.00294934472 -0.0100132072 -0.0156916049 -0.0140204625 -0.00738670784 -0.00140182189 0.000807342042 -0.0014239776 -0.00779778195 -0.0161252324 -0.0204670019 -0.0172139168 -0.00837860068 0.00418313338 0.0139957809 0.0118483584 0.00742916247 0.0116651391 0.0181206239 0.01821611 0.0119010211 0.0067248008 0.00660480651 0.00782182294 0.00354537031 -0.00233702619 -0.00453123274 -0.00422000589 -0.00337506676 -0.00257971046 
-0.00138444952 -0.000748721029 7.52283003e-05 -0.000691427922 -0.0042648389 -0.00845017977 -0.0106324457 -0.0107153905 -0.00680914858 -0.00182632778 -0.00302818587 -0.00335702137 -0.000404472923 -0.00610894096 -0.0129488319 -0.0143387328 -0.0158301289 -0.00750160439 0.00780205002 0.00665925404 0.00246309073 0.0112920384 0.0174722636 0.0129560065 0.00518322336 0.00407657561 0.00481785908 0.00152416152 -0.00247800217 -0.00439481566 -0.00412581952 -0.00346499515 -0.00299231785 -0.00244163574 
-0.00107954823 -0.000423954276 0.00019525923 -0.00096859759 -0.00449917221 -0.00787713204 -0.00937216749 -0.0100427452 -0.00792923428 -0.00452549002 -0.00556436089 -0.00506050269 -0.000136904083 -0.00145218472 -0.00880421487 -0.0178263633 -0.0247083019 -0.0158332542 0.00285065764 0.00140045288 -0.00394648445 0.00505911765 0.00805216933 0.00249801588 -0.000628779268 -0.000370488624 -0.00138843822 -0.00476472411 -0.00492182194 -0.00278555255 -0.00204109857 -0.00226898761 -0.00247054752 -0.00223496616 
-0.000872578551 -0.000166514432 0.000469179425 -0.000627308349 -0.00385402997 -0.00678161762 -0.00798657242 -0.00806789617 -0.00595989988 -0.0032930689 -0.00392616441 -0.00442952075 -0.00151772136 7.30285538e-05 -0.00647862904 -0.0204356463 -0.0289918996 -0.0207483696 -0.00452298427 -0.00499491477 -0.00905638143 -0.0019228094 0.00135485271 -0.00197974313 -0.00459042919 -0.00552688803 -0.00740187316 -0.00981830787 -0.00806406265 -0.00428651027 -0.00241611637 -0.00213598982 -0.00220674437 -0.00201705582 
-0.000706529092 7.98727818e-05 0.000882231118 0.000203263036 -0.00220528608 -0.00409086821 -0.00413087526 -0.00321560307 -0.000613153058 0.00160149306 -0.000807214727 -0.00323910535 -0.00127267226 0.00030913925 -0.00505842163 -0.0169083891 -0.0253764102 -0.0217902789 -0.0107201118 -0.00752728284 -0.00755279355 -0.00147334939 0.00454170869 0.00274178179 -0.00382807831 -0.00637174785 -0.00848962174 -0.0127315356 -0.0137837312 -0.0107899412 -0.00632830542 -0.0034750561 -0.00233696555 -0.00184090267 
-0.000552289059 0.000310377279 0.00119428033 0.000624314705 -0.00157783235 -0.00322351532 -0.00283925837 -0.0013011625 0.00159434109 0.00314269589 -0.00119071142 -0.00443639818 -0.00252073376 -0.00423547747 -0.00834807685 -0.0114934115 -0.0165001294 -0.0146778559 -0.00427973526 0.000885169546 0.00288949586 0.00734427104 0.00923219291 0.00689585051 0.00304142876 -0.000612715858 -0.0058975857 -0.0123690592 -0.0157175736 -0.0140477792 -0.00869071601 -0.00437340045 -0.0023995272 -0.00168068501 
-0.000425033283 0.000460006463 0.00120812144 9.44437893e-05 -0.00312588083 -0.00574226241 -0.00608483633 -0.0053179427 -0.00317997603 -0.00169303 -0.00485220345 -0.00648535051 -0.00435745346 -0.00675068725 -0.00918781209 -0.00826390181 -0.00975505483 -0.00774160212 0.000285101656 0.00454679874 0.00585373999 0.00652670308 0.003541193 0.00290823418 0.00576376452 0.00153204998 -0.00694314791 -0.012416477 -0.014013045 -0.0119823665 -0.00746314158 -0.00381634754 -0.00213011591 -0.0015396797 
-0.000341274254 0.000535958069 0.00108198583 -0.000699838764 -0.00515006827 -0.00893349355 -0.0102528014 -0.0111547091 -0.0106922746 -0.00885933454 -0.00880415322 -0.00848438295 -0.00646427262 -0.00629214818 -0.00806664823 -0.00892262769 -0.00759150918 -0.00614223009 -0.00559265102 -0.00466954156 -0.00481929295 -0.00734270755 -0.00942790689 -0.00491742416 0.00231120098 -0.00238420455 -0.0113390982 -0.0131700065 -0.0108363371 -0.00768879706 -0.00462926437 -0.00262888032 -0.00181940199 -0.00150905332 
-0.000345524265 0.000504888866 0.000970956626 -0.000946245786 -0.00557069903 -0.00963916226 -0.0114295953 -0.0132904841 -0.013995311 -0.0126501427 -0.01180364 -0.0107863388 -0.00900076443 -0.00916272549 -0.0117164229 -0.0117873334 -0.00674871957 -0.00538090623 -0.0112710232 -0.0144840288 -0.0154388945 -0.0167211912 -0.0135701772 -0.0055940469 9.97251069e-05 -0.00412967847 -0.0107976706 -0.0110844726 -0.00770441717 -0.00459660066 -0.0027597272 -0.00199473585 -0.00182543709 -0.00167012727 
-0.000485713954 0.00027906007 0.000706072993 -0.00115320437 -0.00577602999 -0.01022787 -0.0126194892 -0.0144160568 -0.0153474415 -0.0151024908 -0.0143480504 -0.0107752971 -0.00574365899 -0.00676760334 -0.0119542517 -0.0126159714 -0.0058743949 -0.00406332447 -0.0118226026 -0.0164592436 -0.0166169498 -0.0152377049 -0.00938762284 -0.00222830884 0.000169253685 -0.00309403122 -0.00708989854 -0.00742556568 -0.00527392641 -0.00327809046 -0.00233948939 -0.00214959982 -0.00218784368 -0.00198654625 
-0.000779382636 -0.000178803543 0.000211011162 -0.00140968262 -0.00577632059 -0.0105611414 -0.0134446258 -0.0146250361 -0.0154638516 -0.0164088339 -0.0154922016 -0.0085213885 0.00102973917 0.000111113628 -0.00764672941 -0.00981332701 -0.00288762885 0.000161470216 -0.006418035 -0.0107180576 -0.0102238026 -0.00806153919 -0.00420954551 -0.000620266387 -0.000192195526 -0.00235883726 -0.00451910997 -0.0049153535 -0.00402525098 -0.00312575353 -0.00273730543 -0.00271736251 -0.00269893645 -0.00234542296 
-0.00119006878 -0.000809634333 -0.000382304275 -0.00121478347 -0.00394625904 -0.00723934393 -0.00934498448 -0.0100979278 -0.0111176757 -0.0130217359 -0.0130522293 -0.00741601182 0.000122540975 -0.00175964697 -0.0076829742 -0.00572494516 0.00386174038 0.00860666737 0.00312036385 -0.0020560527 -0.00311623315 -0.00238529021 -0.00135417628 -0.00075400167 -0.0013381763 -0.00267879427 -0.00376308708 -0.0040644032 -0.00378193058 -0.00344943815 -0.00331548649 -0.00329784786 -0.00315302349 -0.00264317629 
-0.00163227122 -0.00149640246 -0.0010373515 -0.00100105176 -0.00179403008 -0.00295339335 -0.00367334158 -0.00398206047 -0.00496310034 -0.00708389567 -0.00835545135 -0.00639567033 -0.00391917766 -0.00668605891 -0.00910888292 -0.00338811038 0.00722515077 0.0123072472 0.00834825161 0.00308935031 0.000587650127 -0.000223135395 -0.00081200582 -0.00152402065 -0.0024173946 -0.00329119591 -0.00385623436 -0.00403792051 -0.0039489711 -0.00383895808 -0.00378613175 -0.00372095333 -0.00346974732 -0.00284599879 
-0.00201282622 -0.00212711677 -0.00177194603 -0.00132347575 -0.00102799356 -0.00087056742 -0.000642197337 -0.000473812062 -0.000937342162 -0.00232227485 -0.00376296156 -0.00420082591 -0.00474844616 -0.00703207976 -0.00771928352 -0.00313202884 0.00409226159 0.00786765935 0.00613176715 0.00276509871 0.00054806825 -0.000613621832 -0.00153949775 -0.0024071687 -0.00316518864 -0.00373716514 -0.00405825933 -0.00415943052 -0.00412520846 -0.00408102946 -0.00404204769 -0.00393760874 -0.00362115629 -0.00293420631 
-0.00223585123 -0.0025602926 -0.00240916914 -0.0019847307 -0.00144619127 -0.000898279855 -0.000356464767 6.55378728e-05 9.60642752e-05 -0.000456077025 -0.00138610168 -0.00234144368 -0.00355265387 -0.00508609733 -0.00550515918 -0.00347307322 -0.000183925113 0.00178431135 0.00141918622 3.04707982e-05 -0.00111599619 -0.00185521236 -0.00248994019 -0.003072531 -0.003553738 -0.00389320657 -0.0040701782 -0.00412604594 -0.00410969421 -0.00408484027 -0.00404401447 -0.00392222794 -0.00358303727 -0.00288252377 
-0.00218982241 -0.00261928918 -0.00264474058 -0.00239228933 -0.00197589609 -0.00149866704 -0.00101164432 -0.000588817428 -0.000353464614 -0.000442818782 -0.000883513548 -0.00157583895 -0.00248283568 -0.00344898485 -0.00393763538 -0.00351854712 -0.00252730821 -0.0018035284 -0.00175112843 -0.00209356223 -0.00244690756 -0.0027255009 -0.00300970378 -0.00328789142 -0.00352791178 -0.00369713497 -0.00378510967 -0.00381205428 -0.00379913473 -0.0037797122 -0.00373782899 -0.00361502337 -0.00329010026 -0.00263532591 
-0.00181204583 -0.0022135358 -0.00232013625 -0.00221456489 -0.00197336215 -0.00167022442 -0.00134720771 -0.00104564737 -0.000826736027 -0.000772430311 -0.000944564503 -0.00131865177 -0.00184197889 -0.00241330751 -0.00283767209 -0.00296621536 -0.00284040896 -0.00267230048 -0.00260436185 -0.00261670138 -0.0026514579 -0.00269452011 -0.00277481649 -0.00287329563 -0.0029673566 -0.00303757554 -0.00307472096 -0.00308646958 -0.00307656001 -0.00306059998 -0.00302187003 -0.00291325211 -0.00264241099 -0.00211215895 
-0.00210042497 -0.00255933632 -0.00262622533 -0.00236371115 -0.0019388803 -0.0015225411 -0.00119932128 -0.000959826617 -0.000763961016 -0.000619599265 -0.000544212019 -0.000520743506 -0.00054504377 -0.000615848197 -0.000721239137 -0.000880315945 -0.00116165132 -0.00164935237 -0.00232398151 -0.00313218441 -0.00404999319 -0.00506687617 -0.00607854579 -0.00688425916 -0.00737159548 -0.00756562312 -0.00752545664 -0.00727083934 -0.00681618675 -0.00623268326 -0.00559998999 -0.00494145319 -0.00417200747 -0.00317826676 
-0.00261101174 -0.0031138218 -0.00303432856 -0.00247818222 -0.00179685744 -0.00138378033 -0.00128085 -0.00117424561 -0.000913057992 -0.000632210179 -0.000455175804 -0.000421009008 -0.000531236455 -0.000725437605 -0.000887047543 -0.0010094102 -0.00128862287 -0.00196762225 -0.0029188321 -0.00386911611 -0.00490685783 -0.0062179533 -0.00754407902 -0.00847048049 -0.00889657897 -0.00902278298 -0.00901979994 -0.00882776851 -0.00834458791 -0.00767027175 -0.00697193816 -0.00625761049 -0.00535244979 -0.0041004861 
-0.00278548139 -0.00317868631 -0.00278788124 -0.00176653565 -0.000874988625 -0.000989072461 -0.0019039064 -0.0023597029 -0.00199666177 -0.00139334995 -0.00100722298 -0.000993384526 -0.00139206463 -0.00194479257 -0.00222668032 -0.00211191426 -0.00216216245 -0.00300964064 -0.00417490272 -0.00473932916 -0.00518919603 -0.00630467505 -0.00747350469 -0.0078198161 -0.0074587326 -0.00716933513 -0.00733203462 -0.00758862942 -0.00744784073 -0.00708947027 -0.00687005569 -0.0066299735 -0.00595431599 -0.00466786732 
-0.00270111899 -0.0028936018 -0.00211383165 -0.000632169676 0.000254830487 -0.00109502703 -0.00405566955 -0.00539235601 -0.00473942165 -0.00361141817 -0.00292352992 -0.00307667777 -0.00411094101 -0.00536901672 -0.00589096954 -0.00530023065 -0.00478180686 -0.00569888614 -0.00708476284 -0.00653564235 -0.0053408805 -0.00548691845 -0.00556577521 -0.00408537634 -0.00168354324 -0.000372568563 -0.000878808301 -0.00215692702 -0.00284866441 -0.00343109495 -0.00468524599 -0.00583143729 -0.00595931507 -0.00492840531 
-0.00250658086 -0.00253894444 -0.00162475523 -0.000197037967 0.00027355111 -0.00232850314 -0.00690805126 -0.00860943728 -0.00753606241 -0.00609663164 -0.00533368037 -0.00582925435 -0.00759752624 -0.00962221277 -0.0105213345 -0.00959731346 -0.00838295476 -0.00909620706 -0.0106799797 -0.00927070959 -0.00646106736 -0.00500299443 -0.00311033762 0.00112924112 0.00657533385 0.00951657072 0.0087484387 0.00634546956 0.00476949598 0.00286332391 -0.000746380862 -0.00409533838 -0.00551058184 -0.0049704228 
-0.00226099108 -0.00224963882 -0.00163471417 -0.00112620785 -0.00182925738 -0.00427907278 -0.00701374307 -0.00799961573 -0.00738280251 -0.00659203943 -0.00647754758 -0.00719639246 -0.00880016163 -0.0107847593 -0.0119647343 -0.0116348627 -0.0104337405 -0.010003702 -0.0107138926 -0.0110656683 -0.00936482584 -0.00579733848 -0.00212438376 0.00371958715 0.0118182788 0.0165028788 0.0160413051 0.0137433482 0.0121782993 0.00923535891 0.00348300756 -0.00203310446 -0.00480555618 -0.00483902183 
-0.00200208954 -0.00196743397 -0.0016702927 -0.00210927184 -0.00382448753 -0.00501904854 -0.00472601123 -0.00485565836 -0.00567894497 -0.00675569061 -0.00769328741 -0.0078884417 -0.00778196081 -0.00873222968 -0.0103263415 -0.0111583584 -0.010229741 -0.00775589219 -0.00661383934 -0.00949711048 -0.0102825649 -0.00609161524 -0.00216542412 0.00350322676 0.0122642928 0.0176776986 0.0181418635 0.017184137 0.0166302252 0.0136087936 0.00654808813 -0.00043258139 -0.00416812562 -0.0046425466 
-0.00178002664 -0.00163631535 -0.00123145153 -0.00146922067 -0.00280208321 -0.00422507775 -0.00473469613 -0.00472408643 -0.00603632806 -0.00889379311 -0.0105070912 -0.00968533589 -0.00794748481 -0.00817588575 -0.0100831967 -0.0112679454 -0.00984868215 -0.00618397955 -0.00363546292 -0.00507970961 -0.00595118434 -0.00352610671 -0.000568111949 0.00412287981 0.0111460834 0.0157737716 0.0169470554 0.0171993124 0.0173794081 0.0144063561 0.0069897387 -0.000185006199 -0.00398429184 -0.00452971958 
-0.00162805048 -0.00139290696 -0.000883063264 -0.00103765633 -0.00255779986 -0.00523419934 -0.00708610184 -0.00666501814 -0.00665640842 -0.00867602109 -0.0103944129 -0.010389573 -0.00984212681 -0.0104634392 -0.0119333728 -0.0125282946 -0.0110450753 -0.00803042507 -0.00521906453 -0.00388506771 -0.00229952293 0.000630557018 0.00293871604 0.00547690725 0.00966616193 0.0136420064 0.0158727089 0.0164339459 0.0150749692 0.0107422037 0.00426098394 -0.00140060945 -0.00428683256 -0.00450475591 
-0.00160363147 -0.00142469609 -0.00118036803 -0.0020860321 -0.00481276326 -0.00783893092 -0.00893094944 -0.00778833187 -0.00631360117 -0.00622980073 -0.00742504972 -0.00863734959 -0.00956136315 -0.010971302 -0.012449249 -0.0129582744 -0.0124504695 -0.0110205106 -0.00887838626 -0.00625871027 -0.00202777226 0.00275795233 0.0045254066 0.00474323597 0.00705182479 0.0118949475 0.0162341777 0.0168715374 0.0131103918 0.00723131093 0.00163610757 -0.0025302104 -0.00452208096 -0.00442424018 
-0.0017571827 -0.00173956522 -0.0018740262 -0.00336648824 -0.00646208408 -0.00892221407 -0.00901116304 -0.00774419577 -0.00654878142 -0.00613332915 -0.0062399208 -0.00557931706 -0.00464569301 -0.0064883606 -0.00970868695 -0.0114464966 -0.01164076 -0.0109892569 -0.00935305987 -0.00601142058 -0.00176335228 0.00117197378 0.0016418147 0.00144401533 0.00395567103 0.0101158415 0.01572269 0.0166360121 0.013305124 0.00792527867 0.00209404353 -0.00228606805 -0.00427704843 -0.00419187408 
-0.00204618645 -0.00218014977 -0.00241629948 -0.00389352468 -0.00673624933 -0.00864167149 -0.00828696013 -0.00703693541 -0.00523832459 -0.0033469877 -0.00275151432 -0.00226769397 -0.00185627176 -0.00391326728 -0.00729068262 -0.00940130541 -0.00957665858 -0.00873246807 -0.00701508475 -0.00383804919 -0.00105106117 -0.000185455959 -0.000665511891 -0.000447342687 0.00283278965 0.00836808805 0.0114587405 0.0104850186 0.00882890912 0.00622429565 0.00187286391 -0.00201249657 -0.00388547649 -0.00384482292 
-0.00235356142 -0.00243788428 -0.00206151826 -0.002029259 -0.00297930425 -0.00384671801 -0.00404395579 -0.00378805983 -0.00138834882 0.0022341964 0.00250175176 -0.000331219646 -0.00359218469 -0.0058875785 -0.0073720343 -0.00814800571 -0.00780864818 -0.00603890055 -0.00339416371 -0.00139087637 0.000172780503 0.00136618625 0.000861193729 0.000757006789 0.00366842933 0.00759103719 0.00778524004 0.00391095118 0.00149319701 0.000459125765 -0.00126117406 -0.00303062615 -0.00385705484 -0.0035331664 
-0.00253628807 -0.00230162669 -0.000491545106 0.00289218687 0.00625428439 0.00693226202 0.00423240328 0.00128895022 0.000769868789 0.00180886672 0.00140256213 -0.00135532317 -0.00513477132 -0.00757681837 -0.00813916691 -0.00772413332 -0.00688169953 -0.00378761124 0.00048528574 0.00148567785 0.00182509864 0.00372453181 0.00369691071 0.00284487262 0.00470509338 0.00900658519 0.0108744227 0.00712951698 0.000959557003 -0.00351613485 -0.00485111131 -0.00468251091 -0.00412904923 -0.00331814656 
-0.00250223839 -0.00187920783 0.00115505087 0.0068878221 0.0123129259 0.0112747421 0.00454250433 0.000122094284 -0.00183980294 -0.00367014706 -0.00361775426 -0.00420524017 -0.00727432994 -0.00929354163 -0.00931884944 -0.00876524137 -0.00707769352 -0.00294193512 0.00130012444 0.00217193966 0.00246539461 0.00445087721 0.00564527769 0.00604442116 0.00794118056 0.0118119045 0.0143235528 0.0115052763 0.00299951718 -0.00460619252 -0.00666729689 -0.00564627899 -0.00425675876 -0.00312126342 
-0.00226305886 -0.00146359779 0.00160887947 0.0065353498 0.00929276934 0.00389262911 -0.00573806296 -0.00798286428 -0.0066548049 -0.00718533352 -0.00542954938 -0.00563511254 -0.0107588105 -0.0135713296 -0.013552092 -0.0123048423 -0.00736623373 -0.000921594419 0.00260344787 0.00341492202 0.00364375342 0.00516952132 0.00814839323 0.0111644792 0.0129141761 0.0131392164 0.0129460649 0.0108670576 0.00365547577 -0.00382435267 -0.00633846063 -0.00547366881 -0.0040516 -0.00291061562 
-0.00188953241 -0.0011484131 0.00100289667 0.00328795959 0.00205246005 -0.00556738587 -0.014089066 -0.0136920605 -0.00869462572 -0.00544327729 -0.00243360694 -0.0040450037 -0.0121296305 -0.0180434951 -0.0195500946 -0.0165226693 -0.00700467052 0.00395771527 0.00928415781 0.00895973383 0.00735232524 0.00882147637 0.0132086411 0.0163328772 0.0152383123 0.0114095668 0.00980205654 0.00989010885 0.00506413328 -0.00165938751 -0.00476459997 -0.00468653512 -0.0036979169 -0.00273740993 
-0.00146409932 -0.000832382953 0.00035453 0.000458778948 -0.00281186199 -0.00915944728 -0.014255769 -0.0132372078 -0.00776827155 -0.00263512172 -0.000700075907 -0.0027259257 -0.00828587159 -0.0154749819 -0.0192997213 -0.0167432242 -0.00888456901 0.00245224751 0.0114520727 0.0111151515 0.00857834867 0.0123581062 0.0177827131 0.0178798225 0.0128328811 0.00843693746 0.0076976296 0.00752711191 0.0034554114 -0.00176141803 -0.00403987529 -0.00404252085 -0.00336787846 -0.00259729035 
-0.00107893192 -0.00050465358 0.000116802252 -0.000787556967 -0.00418768976 -0.00831100139 -0.0107567335 -0.0106753008 -0.00714133332 -0.00302302722 -0.00321361675 -0.00352092671 -0.00263677844 -0.00752093211 -0.0134295019 -0.0154295684 -0.0152458977 -0.00683297265 0.00587047851 0.00661301939 0.00448626423 0.0112451821 0.0163662764 0.0130733242 0.00698256411 0.0050728994 0.00476359979 0.00197314346 -0.00153465041 -0.00349774453 -0.00372869322 -0.00337240287 -0.00298257247 -0.00243645218 
-0.000790636067 -0.000223733206 0.000176282741 -0.00107661244 -0.00436460812 -0.00764486733 -0.00931097229 -0.00969926724 -0.00764265564 -0.00479746223 -0.00516257852 -0.00464671936 -0.00153792204 -0.00320622388 -0.00993982375 -0.0179914015 -0.0228485544 -0.0147766175 0.000186950082 0.00107026716 -0.00162557162 0.00524111717 0.00830979609 0.00423112308 0.00095051336 0.00027398951 -0.00111333243 -0.00398684278 -0.00459361474 -0.00317876498 -0.00246144234 -0.00247821789 -0.00253172176 -0.00223591198 
-0.000580307733 3.06240734e-05 0.00044253444 -0.000737258024 -0.00370224835 -0.00644406608 -0.00769804215 -0.0076590754 -0.00570569554 -0.00352517783 -0.00389128746 -0.00417264688 -0.00208234173 -0.00168880454 -0.00806347196 -0.0198131247 -0.0266754943 -0.0196364607 -0.00646516812 -0.00488867488 -0.00648224018 -0.000785790882 0.0023577207 -8.39434023e-05 -0.00301180538 -0.00457291775 -0.00663238587 -0.00894475112 -0.00803985646 -0.00514893799 -0.00319141848 -0.00254238288 -0.00236077074 -0.00205588309 
-0.000407199777 0.000282139378 0.000841950009 1.24131687e-05 -0.00228642487 -0.00417827616 -0.00449252239 -0.00362868691 -0.00135510885 0.000318036111 -0.00147072213 -0.00331477589 -0.00206291823 -0.00165712382 -0.0069938929 -0.0169877377 -0.0238210628 -0.0203219046 -0.0106260519 -0.00672196871 -0.0055159242 -0.000256658178 0.00433374822 0.00278297766 -0.00235345322 -0.0053744122 -0.00811529491 -0.0119204065 -0.0129657676 -0.0104492726 -0.00654520716 -0.00381495306 -0.0025565776 -0.00193317989 
-0.000254520235 0.000500771953 0.00111878256 0.000355241947 -0.00181260568 -0.00352503638 -0.00349538805 -0.00219840041 0.000207127816 0.0013040201 -0.00184799219 -0.00438066416 -0.0034363855 -0.00494095014 -0.00883904914 -0.0125566848 -0.016478846 -0.0143463884 -0.00565088026 -0.000385165381 0.00217521461 0.00595154618 0.00773024967 0.00595359834 0.00256890324 -0.00126197293 -0.00645337966 -0.0121352222 -0.0149158769 -0.0132827172 -0.00862822259 -0.00467327815 -0.00267163976 -0.00181747151 
-0.000140087531 0.000620581862 0.00109125505 -0.000164181883 -0.00318761379 -0.00572492083 -0.00636096539 -0.0057790667 -0.0040351052 -0.00299175958 -0.00523858629 -0.00646869519 -0.00535164274 -0.00716228006 -0.0093037338 -0.00956639124 -0.0105830593 -0.00838811774 -0.00192264698 0.00221125862 0.00385460519 0.00453869682 0.00289280898 0.00273073278 0.00418820477 0.000239057606 -0.0071747962 -0.0122274519 -0.013669216 -0.0116964463 -0.00762987607 -0.0041948065 -0.00242884792 -0.00168706768 
-7.91903217e-05 0.000652746499 0.000910723615 -0.000945127082 -0.00499246202 -0.00856027416 -0.0101491918 -0.010977378 -0.0105505338 -0.00920646141 -0.00912362856 -0.00876472632 -0.00731117371 -0.00743285012 -0.00898925433 -0.00956288906 -0.00840371001 -0.00694111386 -0.00611532463 -0.00528806516 -0.00529660806 -0.00684440925 -0.00773561367 -0.00385157898 0.00107852155 -0.00274766218 -0.0101680412 -0.0125127934 -0.0109393798 -0.00808621476 -0.00512807809 -0.00306092964 -0.00208613764 -0.00162883128 
-0.000108576993 0.000581058496 0.000734631615 -0.00131004826 -0.00564471802 -0.00962129743 -0.0117666516 -0.0134855193 -0.014058758 -0.0130483612 -0.0121476104 -0.0109071877 -0.00918890133 -0.00936783276 -0.0114832042 -0.0114430689 -0.0076500427 -0.00655722729 -0.0107916742 -0.0135958061 -0.0145027813 -0.0150310977 -0.0120724309 -0.00537423089 -0.000881989702 -0.00423696534 -0.00982382328 -0.0106111141 -0.00801100085 -0.00519250726 -0.0032910097 -0.00234825688 -0.00200566571 -0.00173861143 
-0.000267467282 0.000340084502 0.000455579836 -0.0015539144 -0.00591804438 -0.0102184654 -0.0128634018 -0.0146803799 -0.0155390291 -0.0153448479 -0.0143236579 -0.0108741105 -0.00664751636 -0.00729885439 -0.0112492921 -0.0116181638 -0.00649682749 -0.00519259819 -0.0110520945 -0.0152072665 -0.015630286 -0.0141332834 -0.00913293854 -0.00306055555 -0.000755213377 -0.00336482447 -0.00685008144 -0.00738049996 -0.00561111714 -0.00373390095 -0.00269431004 -0.00235189586 -0.0022685753 -0.00200386303 
-0.000570067077 -9.88338432e-05 2.2953443e-05 -0.00171205554 -0.00574512412 -0.0101481458 -0.0130222881 -0.0144636399 -0.015376381 -0.0160571107 -0.0148730507 -0.00892984979 -0.00160476036 -0.00207937665 -0.00773318005 -0.00883252937 -0.0032093468 -0.000777536877 -0.00587399093 -0.00991476565 -0.00998709124 -0.00809561879 -0.00461925303 -0.00135527322 -0.000756815106 -0.00257436151 -0.00456000122 -0.00502793307 -0.00425567336 -0.00336339993 -0.00289739513 -0.00278764844 -0.00270695913 -0.00232896708 
-0.000983009662 -0.000686741869 -0.000468683183 -0.00145168594 -0.00407792515 -0.00719167021 -0.0093277154 -0.0103552879 -0.0114274569 -0.0129019804 -0.0125594773 -0.00769683077 -0.00178101876 -0.00291212015 -0.00714684875 -0.00516149249 0.00271984697 0.00669244562 0.00251684458 -0.0020654437 -0.00335854 -0.00281202901 -0.00176600945 -0.00107063355 -0.00148525515 -0.00269509179 -0.00376396201 -0.00411348095 -0.00387063313 -0.00352919597 -0.00335419671 -0.0032954027 -0.00312720191 -0.00261449603 
-0.00142839709 -0.00132811803 -0.0010121415 -0.00114866429 -0.0020604729 -0.00330680442 -0.00418730204 -0.00471629047 -0.00572320209 -0.00746949433 -0.0083156221 -0.00651029439 -0.00448943414 -0.00639132418 -0.00789244713 -0.00301229783 0.00584135081 0.010204587 0.00728303008 0.00278044051 0.000364621217 -0.000482226979 -0.000972370843 -0.00154718335 -0.00234257308 -0.00318711503 -0.00378232498 -0.00400834331 -0.00394897283 -0.00383748492 -0.00377000319 -0.00369230582 -0.0034363348 -0.00281774276 
-0.00181944108 -0.0019292272 -0.00164552919 -0.00132114466 -0.00117689869 -0.00117452795 -0.00112175082 -0.00112957781 -0.00166722116 -0.00291629165 -0.00411598526 -0.00444854975 -0.00491269458 -0.00666041196 -0.00691807295 -0.00276835932 0.00361422663 0.00704184142 0.00574587723 0.0027664574 0.00061776646 -0.000575522046 -0.00147108687 -0.00228748601 -0.00302110524 -0.00360493916 -0.0039615287 -0.00409914805 -0.0040909177 -0.00405331487 -0.00401262477 -0.00390758115 -0.00359324874 -0.00291242992 
-0.00206210597 -0.00235772549 -0.00222105119 -0.00184653669 -0.00139041144 -0.00094104392 -0.000511493601 -0.000209185617 -0.000273865831 -0.000849013315 -0.00172589142 -0.00261261754 -0.00371038443 -0.00499733388 -0.00518380727 -0.00314425846 1.01810371e-05 0.00193740711 0.00168424922 0.000363361876 -0.000827249262 -0.00164118728 -0.00231251833 -0.00291138658 -0.0034110726 -0.0037779699 -0.00398787277 -0.00407133692 -0.00407475774 -0.00405843675 -0.00402077453 -0.00390140182 -0.00356504323 -0.00286888265 
-0.00204557762 -0.00243926078 -0.00245029346 -0.00220042825 -0.00180595728 -0.00136333027 -0.000924625559 -0.000565018449 -0.000402908819 -0.000553084019 -0.00102056507 -0.00171109299 -0.00258438708 -0.00345872941 -0.00381190604 -0.00326011978 -0.00216975499 -0.00138146795 -0.00130623218 -0.00168577924 -0.00211799659 -0.00247745091 -0.00281767332 -0.00313619482 -0.0034085681 -0.00360725887 -0.00372138314 -0.00376850676 -0.00377062577 -0.00375890353 -0.00372108647 -0.00360118077 -0.00327867342 -0.00262672194 
-0.0017047042 -0.00207522307 -0.00216109517 -0.00204153234 -0.00179587249 -0.0014957439 -0.00118575413 -0.000910725408 -0.000732180281 -0.000723508481 -0.000931327546 -0.00132787167 -0.00185597176 -0.00239879434 -0.0027553324 -0.00278714498 -0.00256743327 -0.0023389329 -0.00225897795 -0.00230538449 -0.00239650426 -0.00249762293 -0.00262354633 -0.00275789732 -0.00288061462 -0.00297438306 -0.0030302915 -0.00305566523 -0.00305618715 -0.00304606524 -0.00301073622 -0.00290451375 -0.00263536509 -0.00210681574 
-0.00199351354 -0.00241402857 -0.00245625575 -0.00219637091 -0.00180743658 -0.00145139022 -0.00119126058 -0.000999759567 -0.000832026281 -0.000701128762 -0.000635719882 -0.000634302748 -0.000692737785 -0.000800816867 -0.000939560879 -0.00112574562 -0.00142685876 -0.00191564739 -0.00256766978 -0.00332999709 -0.00417917007 -0.00510089048 -0.00599499449 -0.00668528718 -0.00708454335 -0.00722811816 -0.0071756182 -0.00694611512 -0.00655086215 -0.00604645775 -0.0054957065 -0.00490555457 -0.00417902421 -0.00319867622 
-0.00246391848 -0.00291713515 -0.00282094873 -0.00230846019 -0.00172645319 -0.00141809312 -0.00139128553 -0.00134956872 -0.00114533831 -0.000898753392 -0.000747336637 -0.000751304537 -0.000909008895 -0.00114543852 -0.00134671272 -0.00151012008 -0.00181396075 -0.00245747397 -0.00332280565 -0.00417797737 -0.00508726018 -0.00618875252 -0.00725925143 -0.00795814815 -0.00822427576 -0.00825557653 -0.00821544062 -0.00805769359 -0.00768878173 -0.00717782376 -0.00664678054 -0.00607477895 -0.00527238986 -0.00407463309 
-0.00260777905 -0.0029555875 -0.00258984069 -0.00172186322 -0.00104065401 -0.00123000096 -0.00207171931 -0.00254175706 -0.002303489 -0.00180691178 -0.0014931468 -0.00154418147 -0.00197231952 -0.00252659928 -0.00283802106 -0.00281957485 -0.00293583541 -0.00366392353 -0.00462327235 -0.00511271919 -0.00546128519 -0.00622929707 -0.00696261252 -0.00699999515 -0.00646633881 -0.00604557188 -0.00609350848 -0.0063303251 -0.00634630803 -0.00624231693 -0.00625613416 -0.00621455325 -0.00571108401 -0.00454504257 
-0.00250826041 -0.00267798283 -0.00201070106 -0.000846638589 -0.000294748284 -0.00151206402 -0.00390690222 -0.00512689481 -0.0047530801 -0.00388472896 -0.00337234183 -0.00359618569 -0.0045486183 -0.00567101734 -0.00618930569 -0.0058234974 -0.00549942426 -0.00618969956 -0.00715894891 -0.0067587565 -0.00574022153 -0.00546339209 -0.00501697532 -0.0033277642 -0.000966479136 0.000438152296 0.000227958076 -0.000817966309 -0.00164257995 -0.00250315954 -0.00389959678 -0.00517813511 -0.00550519527 -0.00466770163 
-0.00231089139 -0.00235018189 -0.00161057736 -0.000576558081 -0.000481564514 -0.00266189445 -0.00614499903 -0.00770486104 -0.00713699688 -0.00610646469 -0.00560823162 -0.00612752097 -0.00762494389 -0.00931883427 -0.0101410773 -0.00955958843 -0.00871869186 -0.00913239427 -0.0100426925 -0.00902055202 -0.00672912694 -0.00493389284 -0.00262774825 0.00150406946 0.00642101176 0.0092896172 0.00905075404 0.00719820933 0.00554449986 0.00342806857 -4.85860199e-06 -0.00325409066 -0.00483427349 -0.00455277067 
-0.00207803512 -0.0020955707 -0.00162079141 -0.00130709101 -0.00205543644 -0.00418968554 -0.00648782857 -0.00753238781 -0.00731217524 -0.00688443787 -0.00692414463 -0.00759899291 -0.00896705746 -0.0106440793 -0.011658101 -0.0114863044 -0.0105465779 -0.0100461893 -0.0103091201 -0.0102961731 -0.00863806193 -0.00529427233 -0.00134771194 0.00435355106 0.0114487463 0.0158104358 0.0159113643 0.0141868132 0.0124706962 0.00937263775 0.00410230475 -0.0010683182 -0.00394694674 -0.00428478055 
-0.00183822063 -0.00185363073 -0.00165882187 -0.00205665082 -0.00345074246 -0.00473101772 -0.00515894651 -0.00555790254 -0.00631513644 -0.00731945521 -0.00816498828 -0.00846977786 -0.00862876219 -0.00955809203 -0.0108642072 -0.0114261414 -0.0104984159 -0.00848924667 -0.00753367511 -0.0088975214 -0.00870983839 -0.00511411906 -0.000851570481 0.00496070511 0.0125801463 0.0175498418 0.0184311277 0.0177001177 0.0166907919 0.0134491527 0.00704834068 0.000583793248 -0.00320141947 -0.00400071277 
-0.00163247073 -0.00157285893 -0.00134674549 -0.00171848071 -0.00302662878 -0.00443446118 -0.00516616426 -0.00546458865 -0.00660817767 -0.00877181076 -0.0101614153 -0.00987297501 -0.00896587058 -0.00933866607 -0.0108179824 -0.0115970762 -0.0103183842 -0.0073371221 -0.00519012845 -0.00556451099 -0.00533773062 -0.00269212547 0.000782774581 0.00567668336 0.0120004122 0.0164434951 0.0179329962 0.0181197271 0.0175828417 0.0143049238 0.00758866157 0.000920927824 -0.00296021603 -0.00384966644 
-0.00149517901 -0.0013770565 -0.00111866281 -0.00151712181 -0.00307188589 -0.00540362723 -0.00689626951 -0.00685931345 -0.00709163823 -0.008664333 -0.0101113065 -0.0103289761 -0.0101842478 -0.0108638957 -0.0121035215 -0.0125642383 -0.0112727757 -0.00864862548 -0.00604240538 -0.00435293382 -0.00236797182 0.000728663166 0.00355972953 0.0066341238 0.0108488651 0.0147976547 0.017063724 0.0175484113 0.015991769 0.0116767152 0.00552634278 -5.47264276e-05 -0.00322102038 -0.00382874603 
-0.00147957519 -0.00142679718 -0.0014050282 -0.00238032447 -0.00475763263 -0.00733981752 -0.00839589418 -0.00773511928 -0.00682226156 -0.00695094968 -0.00789877751 -0.00879660212 -0.00954373042 -0.010852445 -0.0122788696 -0.0128516658 -0.0122873067 -0.0107254685 -0.00846081419 -0.00563902612 -0.00170613443 0.00243336155 0.0046749602 0.00595950918 0.00877282311 0.0132343867 0.0169497118 0.0175014529 0.0143862785 0.00905719428 0.00342555118 -0.00106428644 -0.00348594653 -0.00379169643 
-0.00161621336 -0.00170233138 -0.00197824116 -0.0033885003 -0.00603249767 -0.00820151867 -0.00853970587 -0.00762160556 -0.00658462486 -0.00612352271 -0.00619399434 -0.00598293883 -0.00581217908 -0.0074671036 -0.0100532473 -0.011515537 -0.0115772423 -0.0106325285 -0.00868209498 -0.00540393965 -0.00141261927 0.00156076698 0.00271013456 0.00344558835 0.00626210315 0.0115096303 0.0160097618 0.0166295025 0.0136587008 0.00873132061 0.00322982546 -0.00114249012 -0.00340225789 -0.00364119083 
-0.00184482656 -0.00201711295 -0.00228867357 -0.00353652351 -0.00580111614 -0.00744885112 -0.00744930585 -0.00651824098 -0.00500284479 -0.00348638549 -0.00304495356 -0.00298319828 -0.00333753639 -0.00526796142 -0.00798121038 -0.00965499734 -0.00969871923 -0.0086209016 -0.00657149807 -0.00348501181 -0.000674017946 0.000809782629 0.00113271838 0.00195456867 0.00510363626 0.00981641525 0.0124569419 0.0117329836 0.00969646018 0.00659867645 0.0024336293 -0.00126733971 -0.00323317859 -0.00340936416 
-0.00204918603 -0.0020866158 -0.00169264794 -0.00152304098 -0.00210574154 -0.00286454456 -0.0033605041 -0.00332528173 -0.00169453361 0.000637300357 0.000777482337 -0.00136530466 -0.00406487219 -0.00629780094 -0.00782212773 -0.00847518649 -0.00794715987 -0.0060647383 -0.00336315507 -0.00105572386 0.000787601593 0.00217031148 0.00236583477 0.00288668821 0.00559029796 0.00907278811 0.00966187248 0.00682753035 0.00399135205 0.00184663202 -0.000412208356 -0.00238785444 -0.00338182276 -0.00322671266 
-0.00212167769 -0.00177978196 -7.20556254e-05 0.0027720449 0.00525316739 0.00542789636 0.00299399286 0.000550330999 3.21448321e-06 0.000562317731 9.43320047e-05 -0.0022667144 -0.00550334394 -0.00778200167 -0.00852257399 -0.00818073626 -0.00695725751 -0.00394005276 -0.000185657774 0.0015226537 0.0025548466 0.00428383911 0.00482170442 0.00491139073 0.0069044226 0.0103368816 0.0115999361 0.0083382444 0.00286626176 -0.00155139695 -0.00351280846 -0.00396397594 -0.00377366998 -0.00313111569 
-0.00201784901 -0.00127913469 0.00148127251 0.0061168513 0.00991399112 0.00857150735 0.00319946318 -0.000605907988 -0.00229445857 -0.00346745839 -0.00370163039 -0.00474818303 -0.00764299267 -0.00971986467 -0.0099723219 -0.00920059409 -0.0069853115 -0.00284781309 0.00111541174 0.00269755643 0.00364910405 0.00551831234 0.00699858633 0.00796169382 0.00986673736 0.0127671745 0.0141355293 0.0111891036 0.00401968481 -0.00257986644 -0.00511617799 -0.00491242847 -0.00400081247 -0.00302943027 
-0.0017788554 -0.000898509536 0.00184922656 0.00575721927 0.00744140223 0.00290041473 -0.00450329363 -0.00704930256 -0.00646007377 -0.00639850213 -0.00541415206 -0.0062312394 -0.0104909341 -0.0133995471 -0.0137335877 -0.012079898 -0.00726146776 -0.00104119373 0.00297913446 0.00443168392 0.00518754729 0.00694276212 0.00973309103 0.0123205171 0.0137225838 0.0139538063 0.0134433911 0.0109626746 0.00456463449 -0.00207400426 -0.00497334452 -0.00486606191 -0.00388606531 -0.00287840721 
-0.00146618419 -0.000704550482 0.00117486818 0.00290252423 0.00153134309 -0.00476303621 -0.0115186091 -0.0119618054 -0.00847572122 -0.00566069398 -0.0036527307 -0.00531200985 -0.0115550601 -0.0166801841 -0.018177846 -0.0153479505 -0.00736591713 0.00216970794 0.00771373897 0.00863311705 0.00830842199 0.0101642719 0.0139175915 0.0163845853 0.0154998373 0.0126893019 0.0109904863 0.0097973782 0.00513641876 -0.000778878678 -0.00390072485 -0.00427240207 -0.00359413681 -0.00272690747 
-0.00112579378 -0.000543670149 0.000412492174 0.000294486133 -0.00268976427 -0.00815570478 -0.0125703492 -0.0121520522 -0.00799032762 -0.00387719891 -0.00230510215 -0.00410816844 -0.00880279065 -0.0147183621 -0.0179379543 -0.0159960094 -0.00921128107 0.000662197047 0.00877303019 0.0100451921 0.00930387225 0.0126797818 0.0170555271 0.0172362581 0.0134536888 0.00982322406 0.00853142674 0.00728802882 0.00343808115 -0.00111140836 -0.00341725722 -0.00374818385 -0.00329397127 -0.00258770453 
-0.000810412538 -0.000341683156 5.08848581e-05 -0.000948843292 -0.004074304 -0.00794902978 -0.0104408513 -0.0103604401 -0.00742063714 -0.00413575161 -0.0037304842 -0.00411679701 -0.00462644303 -0.0088110652 -0.013741592 -0.0157769894 -0.0144400845 -0.00652581359 0.00388817104 0.00616922768 0.00590889282 0.0110600086 0.0151384731 0.0129718208 0.00837155683 0.00603500863 0.0048990927 0.00237756654 -0.000704302952 -0.00268180448 -0.00330753384 -0.0032467033 -0.00296236304 -0.00243337502 
-0.000558060067 -0.000124733058 4.12555575e-05 -0.00125024552 -0.00422255554 -0.0073082883 -0.00903711122 -0.00924576141 -0.00741931491 -0.00512885244 -0.00500980105 -0.00463058656 -0.00311830363 -0.00510390028 -0.010997761 -0.0176691383 -0.0206367545 -0.0136236036 -0.00191494356 0.000732616857 0.000315393395 0.00554374567 0.00841088698 0.00564612454 0.00254751599 0.0011151991 -0.000620190595 -0.00312780662 -0.00409936644 -0.00337682548 -0.00282224884 -0.00271123399 -0.0026338011 -0.00226831531 
-0.000359376805 0.000106340039 0.000274240717 -0.000949475481 -0.00360755892 -0.00612199522 -0.00739410104 -0.00730773567 -0.00563074751 -0.00393256326 -0.00406379882 -0.00422964779 -0.00305416766 -0.0036839389 -0.00953904081 -0.0188966878 -0.0239169837 -0.0181141896 -0.00769802719 -0.00462476571 -0.00413254865 0.000432486681 0.00322287043 0.00158257386 -0.00131844746 -0.00338103612 -0.00561837293 -0.00784208575 -0.00766381427 -0.00567444652 -0.0038643833 -0.0029853251 -0.0025826004 -0.0021483207 
-0.000191528486 0.000343349142 0.000629482312 -0.000323392619 -0.00247150601 -0.00432933955 -0.00487629441 -0.00417590272 -0.00233986546 -0.00113169084 -0.00234826036 -0.00369551487 -0.00315549645 -0.00370676129 -0.00872076403 -0.016773629 -0.0218529143 -0.0185939535 -0.0104296553 -0.00604595612 -0.00381323332 0.000616246097 0.00403163563 0.00283385247 -0.00115257908 -0.00436180689 -0.00744005084 -0.0108219009 -0.0118538468 -0.00990931793 -0.00665637584 -0.00416347211 -0.00284115832 -0.0020904678 
-5.10542637e-05 0.000534473245 0.000852530241 -7.54154901e-05 -0.00215731738 -0.00390292064 -0.00421035842 -0.00325292769 -0.00141698528 -0.00067600359 -0.00279071115 -0.00468514573 -0.00448572255 -0.00591304259 -0.00952595459 -0.0132708528 -0.0161290593 -0.0138995355 -0.00681367962 -0.00172995956 0.00120771642 0.00443081869 0.0060490463 0.00480857452 0.00192799484 -0.00184569056 -0.0066942796 -0.01151492 -0.0137324588 -0.0122765093 -0.00841365752 -0.00495109268 -0.00300155844 -0.00202573931 
4.16575462e-05 0.000615088282 0.000781934891 -0.00057116072 -0.00334113835 -0.00576015553 -0.0066555736 -0.00632514277 -0.00504315218 -0.00436360066 -0.00583294923 -0.00671539838 -0.00635084225 -0.00778136899 -0.00965589567 -0.0106270299 -0.01126977 -0.00907771224 -0.00397106617 -0.000166616089 0.00172193967 0.00259364469 0.0020402854 0.0021853387 0.00258522205 -0.0010110469 -0.00724076317 -0.0116921004 -0.0129556351 -0.0111707974 -0.00766734499 -0.00457048082 -0.00279867427 -0.00191386008 
7.36919201e-05 0.000599248783 0.000553572421 -0.00131861871 -0.00491846646 -0.00822225927 -0.00998825881 -0.010792992 -0.01049812 -0.00959040982 -0.00945165925 -0.00907862461 -0.00813476032 -0.0084375705 -0.00973522943 -0.0101729044 -0.00920524867 -0.00777898067 -0.00677568377 -0.00594446102 -0.00572250722 -0.0063676414 -0.006298237 -0.00315388056 -0.000101614544 -0.003203239 -0.0091267658 -0.0116451969 -0.0107427217 -0.00830102511 -0.00558104521 -0.00354747806 -0.00244674424 -0.00183259315 
1.82006898e-05 0.000487947086 0.00032157808 -0.00176806638 -0.00570859362 -0.00948017023 -0.0118254679 -0.0134165285 -0.0139264827 -0.0132148772 -0.0123077047 -0.0109933747 -0.00946699508 -0.00960424478 -0.0112243985 -0.0111257057 -0.00844057091 -0.00754426749 -0.0103120665 -0.0124988843 -0.0132209951 -0.0131466262 -0.0104407183 -0.00513177635 -0.00183478223 -0.00439113276 -0.00885755369 -0.00996818676 -0.00814709835 -0.00573152932 -0.00387124394 -0.00280181633 -0.0022894165 -0.00188609091 
-0.000153282705 0.000240705228 3.85836747e-05 -0.0020363132 -0.00602628119 -0.0100518104 -0.0128051631 -0.0146051915 -0.0154118031 -0.0152506699 -0.0140831942 -0.0109789018 -0.00760615855 -0.00790191936 -0.0106033137 -0.0107042368 -0.00704388224 -0.00613927129 -0.0102580983 -0.0136684668 -0.0142119551 -0.0127585658 -0.00864774023 -0.00376511369 -0.00173421896 -0.00369397862 -0.00657468677 -0.007238973 -0.00589523601 -0.00422542521 -0.00314317052 -0.00266140702 -0.00244097857 -0.00208547417 
-0.000450713159 -0.000160830875 -0.000319478821 -0.00210802376 -0.00573850004 -0.00970024443 -0.0125041616 -0.0141016916 -0.0150485673 -0.0154916977 -0.014172338 -0.00937808761 -0.00400623447 -0.00409064131 -0.00776436248 -0.00803948763 -0.00370849902 -0.00184596752 -0.00553877653 -0.00901408696 -0.00946668382 -0.00792273082 -0.00495515312 -0.00214831962 -0.00146679394 -0.00289630472 -0.00462124056 -0.00512898446 -0.00450752443 -0.00366864118 -0.00314699619 -0.00294310644 -0.00278179713 -0.0023576916 
-0.00084538872 -0.000679538912 -0.000694129632 -0.00179406672 -0.00424991168 -0.0071220234 -0.00924356338 -0.0104713025 -0.0115483883 -0.0126110408 -0.0120006 -0.00805770743 -0.00363732257 -0.0041033621 -0.00673219379 -0.00479001408 0.00134783138 0.00453831065 0.00158801692 -0.00219996822 -0.00358012772 -0.00323113797 -0.00225696253 -0.00153521314 -0.00179000303 -0.00282139017 -0.00381703771 -0.00419354724 -0.0040012128 -0.00366645877 -0.00345449852 -0.00334711538 -0.00314231526 -0.0026132469 
-0.00127084826 -0.00124500395 -0.00110573676 -0.00141825497 -0.00242013295 -0.00372170473 -0.004741148 -0.00546239764 -0.00645581795 -0.00781405232 -0.00827933691 -0.0067130354 -0.00511458479 -0.00620523555 -0.00684775004 -0.00281343996 0.00418833314 0.0077676953 0.00580068844 0.00218242117 -1.8310029e-05 -0.000862590967 -0.00126465515 -0.00170445535 -0.00237766669 -0.0031552187 -0.00374958029 -0.00400741512 -0.00397897032 -0.00387049333 -0.00378762257 -0.00369195444 -0.00342411864 -0.00280392035 
-0.00165043134 -0.00178440942 -0.0016081607 -0.0014373171 -0.0014600765 -0.00162527048 -0.00176270433 -0.00195155823 -0.00253969282 -0.00361142888 -0.00454553751 -0.0047735188 -0.0051147806 -0.00628634111 -0.00613305829 -0.00253031077 0.00282222652 0.00579388777 0.00494134836 0.00246613755 0.000494714708 -0.000673419658 -0.00151210909 -0.00225271623 -0.00293473831 -0.00350620754 -0.00388303226 -0.00405195004 -0.0040697777 -0.0040403419 -0.00399753867 -0.00388944359 -0.0035743572 -0.00289703232 
-0.0018955222 -0.00217989315 -0.00208642429 -0.00179659035 -0.00145752965 -0.00114147038 -0.000857964748 -0.000698656981 -0.00085705463 -0.00142636587 -0.00221225928 -0.00299065365 -0.00391568074 -0.00489090039 -0.0048342644 -0.00287564361 5.43051439e-06 0.0018090082 0.00168336004 0.000504285938 -0.000662963018 -0.00151132415 -0.00219471857 -0.00278930205 -0.00328976458 -0.00367111105 -0.00390705666 -0.00401693234 -0.00404126569 -0.00403495478 -0.00400093779 -0.00388363489 -0.0035496254 -0.00285728566 
-0.00189812096 -0.00226450934 -0.00227910325 -0.00205777578 -0.00171550494 -0.00134043892 -0.00098277814 -0.000713060176 -0.000636041502 -0.000839566571 -0.00131133807 -0.00196599168 -0.00275556702 -0.00348419787 -0.00367631817 -0.00301851661 -0.00188484213 -0.00106709562 -0.000963124783 -0.00135026003 -0.00183517894 -0.00225924463 -0.00264493252 -0.00299420721 -0.00329101131 -0.00351399764 -0.0036522954 -0.00372016202 -0.00373874458 -0.00373627302 -0.003703493 -0.00358700537 -0.00326729899 -0.002618393 
-0.00159106358 -0.00193396201 -0.00200865426 -0.0018905862 -0.00165997386 -0.00138515977 -0.00111118058 -0.000883173293 -0.00075860497 -0.000798536633 -0.00103375058 -0.00143340251 -0.00193623027 -0.00241659652 -0.00268004051 -0.00260862167 -0.00230260394 -0.00202078874 -0.00192800407 -0.00200232691 -0.00214511191 -0.00230177284 -0.00247167286 -0.00263968822 -0.00278895016 -0.00290503696 -0.00297969663 -0.00301967885 -0.00303186383 -0.00302880811 -0.0029977512 -0.00289454122 -0.00262760457 -0.00210110955 
-0.00187434992 -0.00226163176 -0.00229554446 -0.00206352127 -0.00173623361 -0.00145868489 -0.00127419347 -0.00114397716 -0.00102253052 -0.000924775161 -0.000885999971 -0.000916747517 -0.00101275804 -0.00115667704 -0.00132511721 -0.00153121536 -0.00183458384 -0.00229324444 -0.00288128357 -0.0035494213 -0.00427411998 -0.00503722797 -0.00575056753 -0.00627314496 -0.00654631305 -0.00661481781 -0.00653840519 -0.00633733547 -0.00601948036 -0.00562364184 -0.00518980086 -0.00470441006 -0.00405793936 -0.00312806984 
-0.00230557886 -0.00272218477 -0.00263983491 -0.00221060008 -0.00175689842 -0.00155860384 -0.00160127428 -0.00162699914 -0.00150139254 -0.00132134335 -0.00122305259 -0.00127734313 -0.00147929428 -0.00174909933 -0.00198349684 -0.00218109155 -0.00248866221 -0.00305659369 -0.00378626474 -0.00449356497 -0.00521401632 -0.00603623968 -0.00678427334 -0.00720568045 -0.00727878641 -0.00719164521 -0.00709632415 -0.00696684746 -0.00672352416 -0.00640100418 -0.00606875292 -0.00567452977 -0.00501677152 -0.00392108613 
-0.00242680257 -0.00275387789 -0.00246160437 -0.00179227116 -0.00133003512 -0.00157022457 -0.00231072803 -0.0027772715 -0.00267828633 -0.00233437465 -0.00213161599 -0.00225328651 -0.00269296866 -0.00322731361 -0.00355883445 -0.00362746901 -0.00378225158 -0.00435694169 -0.00507527127 -0.00543811093 -0.00563207228 -0.0060182352 -0.00629030111 -0.0060032155 -0.00529646559 -0.004740657 -0.00465327026 -0.00484714428 -0.00500308796 -0.00514537539 -0.00539419344 -0.0055619125 -0.00525838284 -0.00426154791 
-0.0023250337 -0.00250801188 -0.00200762506 -0.00118717941 -0.000928194453 -0.00196848336 -0.00382446319 -0.00489413536 -0.00478587773 -0.00422405647 -0.00391971575 -0.00420817932 -0.0050538237 -0.00601390323 -0.00651507601 -0.00634621192 -0.00616764263 -0.00661765647 -0.00719650404 -0.00685131262 -0.00592819448 -0.00527514254 -0.00435762351 -0.00250233335 -0.000217719262 0.00124455143 0.00132963774 0.000536911174 -0.000361374809 -0.00143292896 -0.00293318946 -0.00431160748 -0.00483096503 -0.00422262396 
-0.00213857218 -0.00222513924 -0.00170473985 -0.00105624268 -0.00123037801 -0.00297474862 -0.0055524698 -0.00691928726 -0.00678182176 -0.00618580674 -0.00595559536 -0.0064886955 -0.00771743972 -0.00907337726 -0.00980300844 -0.00949553506 -0.00893145644 -0.00906748161 -0.0094363701 -0.00859012555 -0.00664500241 -0.0046402101 -0.00204416315 0.0018984963 0.00625746545 0.00897469047 0.00920332524 0.00786870824 0.00623172069 0.00402849718 0.000817338806 -0.00226055721 -0.00395044065 -0.00393797699 
-0.00192960343 -0.00201185902 -0.00171237746 -0.00159319368 -0.00234466495 -0.0041566697 -0.00606974784 -0.0071255695 -0.0072473541 -0.00715905055 -0.00735678999 -0.00800235923 -0.00915394377 -0.0105126835 -0.0113375173 -0.0112687836 -0.010537653 -0.00997798546 -0.00983251812 -0.00939930743 -0.00770093667 -0.00452794939 -0.000485775775 0.00489041172 0.0109923891 0.0149369688 0.015497902 0.0142919429 0.0125289697 0.00942468771 0.00469058346 -2.2213666e-05 -0.00290207192 -0.00352760105 
-0.00172000671 -0.0018169011 -0.00175263349 -0.00214612564 -0.00331179059 -0.0046095502 -0.00546682157 -0.00611011592 -0.00685515692 -0.00776776291 -0.00854821047 -0.00898336607 -0.00936000881 -0.0102222315 -0.0112247378 -0.011548641 -0.0106835595 -0.00906121757 -0.00809297835 -0.00825011434 -0.00723783592 -0.00390482861 0.000485365537 0.00614798544 0.0126965366 0.0171413923 0.0183268828 0.0178042331 0.0164633103 0.0131597575 0.00747164563 0.00165165919 -0.00205570527 -0.0031498418 
-0.00154120134 -0.00159832518 -0.00156420854 -0.00204641623 -0.00328595448 -0.00463864045 -0.00555390634 -0.00611185951 -0.00712114846 -0.00874472917 -0.00991689059 -0.0100575242 -0.00979365166 -0.0102722492 -0.0113615562 -0.0117960292 -0.0106646653 -0.00828351293 -0.00638169419 -0.00582318958 -0.00463074466 -0.00173247963 0.00210041358 0.00703077055 0.0126820883 0.0168110139 0.0184823657 0.0186024076 0.0175344176 0.0141469404 0.00815713142 0.00210894739 -0.00173724515 -0.00294933876 
-0.00142437576 -0.00145466488 -0.00144432795 -0.0020201709 -0.00350358816 -0.00549144528 -0.00676123439 -0.00703944064 -0.00747087158 -0.00870688192 -0.00989852686 -0.0102897436 -0.0104726911 -0.0111759897 -0.0121695381 -0.0124729773 -0.0113406453 -0.00908525472 -0.00665158149 -0.00462392715 -0.00227579774 0.00097262022 0.00424000401 0.00774676973 0.0119230315 0.0156988688 0.017886371 0.0182710109 0.0166034711 0.0124543071 0.00675838078 0.00141477323 -0.00192444223 -0.00291999533 
-0.0014123435 -0.00150699559 -0.0016903772 -0.00267787994 -0.00468910053 -0.00683556205 -0.00785079756 -0.00763004877 -0.00721205947 -0.00748055472 -0.00825258134 -0.00898497615 -0.00968155928 -0.0108452649 -0.0120914616 -0.012591009 -0.011964548 -0.0103309638 -0.00798362579 -0.00506129471 -0.00138286774 0.00237819113 0.00505739169 0.00722776998 0.010381858 0.0143856463 0.0174693427 0.0178936783 0.0152832447 0.0105355769 0.00513452905 0.000547687301 -0.00220333176 -0.00292578554 
-0.00151590126 -0.00171335805 -0.00209912301 -0.00336115898 -0.00551803604 -0.0073623507 -0.0078923941 -0.007368695 -0.00662528765 -0.00627184809 -0.00638538576 -0.0065524299 -0.00690211322 -0.00836143687 -0.0103439955 -0.0114453549 -0.0113017747 -0.0100891863 -0.00790580221 -0.00470023543 -0.000944743937 0.00208227343 0.00388544762 0.00546422332 0.00844655684 0.0128085869 0.0162940039 0.0166445847 0.0140006047 0.00956213245 0.00445874926 0.000187181797 -0.0022873559 -0.00287304095 
-0.0016653989 -0.00188212856 -0.00217336933 -0.00317472884 -0.0049010901 -0.00629309664 -0.00658033859 -0.00603278511 -0.00495150025 -0.00391502609 -0.00370253776 -0.00397339497 -0.00479272278 -0.00654468369 -0.00862683861 -0.00982663607 -0.00964539035 -0.00833081537 -0.00604148198 -0.00299897768 -0.000144091691 0.00185671155 0.00297236466 0.00439453963 0.00738782276 0.0112839992 0.0134466484 0.0128678354 0.0106337618 0.00724940142 0.00324498668 -0.000290044563 -0.00235226448 -0.00277978342 
-0.00175635496 -0.00177580785 -0.00141489992 -0.00119812457 -0.00157478034 -0.00227601838 -0.00296868535 -0.00316799696 -0.00224975335 -0.000947549385 -0.00100964888 -0.00265214061 -0.00487651281 -0.0068962161 -0.00829464274 -0.00875047922 -0.00801067376 -0.00603599346 -0.00329990614 -0.000736071994 0.00140409443 0.00309823757 0.00399568482 0.00511943736 0.00765089593 0.0106017696 0.0113460105 0.00925483339 0.00629329449 0.00342310832 0.000723713675 -0.00147325005 -0.00267500034 -0.00274317797 
-0.00172032196 -0.00134135179 0.000134951599 0.00233245433 0.00396955904 0.00376137852 0.00164879004 -0.000362796302 -0.000977348763 -0.000835908264 -0.00139611596 -0.00337907456 -0.00606095811 -0.00809341151 -0.00889400664 -0.00852342332 -0.00702287159 -0.00410631652 -0.000675122882 0.00157208979 0.00320263605 0.00499997529 0.00608732222 0.00695568352 0.00896330732 0.011586739 0.0123436451 0.00956903079 0.00483133165 0.000575742648 -0.00188045209 -0.00293715325 -0.00317230813 -0.00277733115 
-0.00155782443 -0.000806742538 0.00150926133 0.00496347765 0.00733588751 0.00586799172 0.00173300624 -0.00140050072 -0.00284368304 -0.00364437676 -0.00410935612 -0.0054106479 -0.00801450152 -0.0100031286 -0.0103730748 -0.00943466952 -0.00692060258 -0.00289119363 0.000899695221 0.00307369094 0.00463874755 0.0065686965 0.00829886511 0.00967564483 0.0114811017 0.0135179387 0.0139727478 0.0110947194 0.00517808146 -0.000453880497 -0.00329727005 -0.00386257209 -0.0034996919 -0.00278544177 
-0.00133147575 -0.000476145716 0.00178964287 0.00462991608 0.00542928866 0.0017582612 -0.00375894643 -0.00625089488 -0.006226714 -0.00601881987 -0.00565473778 -0.00682026429 -0.0102903824 -0.0129792004 -0.0134635379 -0.0116775764 -0.00718222974 -0.00139264877 0.00285957402 0.00498180881 0.00637022294 0.00835511639 0.0109470416 0.0131765352 0.0143297665 0.0144752105 0.0136304674 0.0109305742 0.00540108266 -0.000320027922 -0.00339386206 -0.00397638744 -0.00350581105 -0.00271990194 
-0.00109113455 -0.000392043829 0.00111206746 0.00226527999 0.00086264832 -0.00410255675 -0.0092831665 -0.0102545808 -0.00812415765 -0.0060155533 -0.00486231697 -0.0064404191 -0.0111303053 -0.0152855392 -0.0166165772 -0.0141412688 -0.00761343718 0.000480410783 0.00596694607 0.00797647998 0.00884912844 0.0109981548 0.0141597802 0.0161155184 0.015517851 0.0134843429 0.0116793164 0.00965522491 0.00529114232 0.00020104066 -0.00284086207 -0.00363696102 -0.00332779543 -0.00262410402 
-0.000848778548 -0.000372365043 0.000307560113 -7.93485604e-06 -0.00262819714 -0.0071293899 -0.0108173261 -0.0109119849 -0.00806437086 -0.00504919997 -0.00391511785 -0.00550559678 -0.00932359145 -0.013961754 -0.0165112073 -0.0150226366 -0.00933762229 -0.00103732378 0.00615638681 0.00869262776 0.00947876842 0.0125525588 0.0160112086 0.0163234276 0.0136775145 0.0107564433 0.00907144149 0.00711536136 0.0035240653 -0.000403663772 -0.00267718164 -0.00331823485 -0.00312069144 -0.00252372095 
-0.000619403313 -0.00029624138 -0.00014011161 -0.00118551365 -0.00395451013 -0.00741293975 -0.00977057837 -0.0098278298 -0.00763135835 -0.0051655986 -0.00456237762 -0.00507858638 -0.00636075678 -0.00989508571 -0.0138181127 -0.0154694361 -0.0134853009 -0.0064935347 0.00199841014 0.00536674214 0.00660970407 0.0106519473 0.0138435271 0.012604365 0.00927247102 0.00685140846 0.00516626681 0.00276295597 1.41673962e-05 -0.00194211582 -0.00285515412 -0.00306429692 -0.002907332 -0.00241568834 
-0.000421026882 -0.000158422118 -0.000221866273 -0.00150283202 -0.00411484174 -0.00691254955 -0.00860076699 -0.00876610133 -0.00732140346 -0.00557849172 -0.00523003315 -0.005090922 -0.00480538262 -0.00697528791 -0.0118563479 -0.0169129845 -0.0183125791 -0.0124458631 -0.00337703354 0.00038464842 0.00169089631 0.00580464537 0.00832835245 0.00662164363 0.00395655839 0.00206665998 7.03660219e-05 -0.00220505786 -0.00344997228 -0.00333237421 -0.00304308232 -0.00291022088 -0.00274823692 -0.0023202749 
-0.000251342058 2.6967833e-05 -4.94914862e-05 -0.00127958463 -0.00361575699 -0.00587253341 -0.00713208696 -0.00710023386 -0.00580049992 -0.00456141332 -0.00454952823 -0.00471798241 -0.00439566363 -0.0057452874 -0.0107843493 -0.0177595552 -0.0210185928 -0.0163285297 -0.00822491929 -0.00427542028 -0.00225561794 0.00149235492 0.00384325693 0.00287156745 0.000264572438 -0.00207278745 -0.00441201544 -0.00654914692 -0.00693546216 -0.00578751472 -0.00432093119 -0.00338692369 -0.00283626242 -0.00228187123 
-0.000104106116 0.000226489574 0.000230816238 -0.00081073172 -0.00278290893 -0.00456496151 -0.00529882788 -0.00485971631 -0.0035275055 -0.00271032916 -0.00347386011 -0.00446041807 -0.00453234333 -0.00573397889 -0.0101583103 -0.0162801467 -0.0196866835 -0.0167582767 -0.0100988385 -0.00555488065 -0.00261813762 0.00108336661 0.00361668767 0.00280450601 -0.000262695641 -0.00338851925 -0.00649695573 -0.00945669817 -0.0104819719 -0.00914553523 -0.0066044477 -0.00445951149 -0.00315330328 -0.0022973119 
1.19646322e-05 0.00037387159 0.000383342683 -0.000668778732 -0.00262663589 -0.00436218219 -0.00496193137 -0.00441058475 -0.0031675169 -0.00270421278 -0.00401774856 -0.00539933526 -0.00569986779 -0.00710954602 -0.0103308537 -0.0136401782 -0.0155225595 -0.013368824 -0.00770769068 -0.0030271278 7.90791767e-05 0.00287892531 0.00434050204 0.00356208395 0.00118909753 -0.00228870087 -0.00656863988 -0.0105143804 -0.0122430337 -0.01107786 -0.00804072946 -0.00516228292 -0.00335239415 -0.00228784619 
7.4882324e-05 0.000408674401 0.000271293845 -0.00113221676 -0.00362236804 -0.00588665677 -0.00698410018 -0.00695366645 -0.00615472593 -0.00576573204 -0.00665560273 -0.00726359483 -0.00738902312 -0.00859494994 -0.0101972978 -0.0114293402 -0.011778655 -0.00972437721 -0.00572552804 -0.00235320201 -0.000321541813 0.000810293001 0.00103896328 0.00134345735 0.00107053002 -0.00208356484 -0.00710201975 -0.0108221813 -0.0119031375 -0.0104139411 -0.00754899569 -0.00489513731 -0.00320333309 -0.00220383906 
7.47892474e-05 0.000346153755 8.33009453e-06 -0.00182505462 -0.004967383 -0.00796275288 -0.00980218687 -0.0106405474 -0.0105463358 -0.0100019675 -0.00982502582 -0.00947422706 -0.00893881239 -0.00932351815 -0.0103501095 -0.0107183221 -0.00993871359 -0.00858669565 -0.00747585632 -0.00656563726 -0.00605862283 -0.00595322384 -0.00524335849 -0.0028500266 -0.00118909831 -0.00368256088 -0.00823168995 -0.0106180536 -0.0102378274 -0.00828299116 -0.0059251861 -0.00403565564 -0.00287211598 -0.00211044119 
-4.43075135e-06 0.000201913285 -0.000261855413 -0.00231474866 -0.00579737754 -0.009255496 -0.0116360561 -0.0131267097 -0.0136373355 -0.0131794762 -0.0123368467 -0.0111050304 -0.00985166572 -0.00991283572 -0.0110378195 -0.0109083125 -0.00909851317 -0.00831470832 -0.00987958363 -0.0113370213 -0.0117548733 -0.0112524119 -0.00888197766 -0.00492444901 -0.00269915645 -0.00458835942 -0.00799113541 -0.00921608891 -0.00808135967 -0.00614110642 -0.00443474544 -0.00331588435 -0.00266194436 -0.002111707 
-0.000179595945 -4.00453769e-05 -0.000535504158 -0.00258840749 -0.00612661504 -0.00976708576 -0.0124740083 -0.0142216836 -0.0149925914 -0.0148650673 -0.0137076973 -0.0111169018 -0.00856140914 -0.00855858861 -0.0101398063 -0.0100153806 -0.00753008866 -0.00689119003 -0.00952551667 -0.0120359166 -0.012527677 -0.011227554 -0.00799976288 -0.00430953911 -0.0026805423 -0.00406593576 -0.00631140505 -0.00702319971 -0.00609471016 -0.00470066267 -0.00364774296 -0.00306240731 -0.00270587304 -0.00223841085 
-0.00045602809 -0.000387488458 -0.000812906863 -0.00259093228 -0.00578059062 -0.00926118362 -0.0119152077 -0.0135682589 -0.014505265 -0.0147649 -0.0134782065 -0.00983431641 -0.00605772986 -0.00582002644 -0.00783526188 -0.00754733964 -0.00437538981 -0.00298176266 -0.00543204907 -0.0081318658 -0.00873224788 -0.00755634268 -0.0051824751 -0.00292698768 -0.00226334921 -0.00331316017 -0.00471892538 -0.00522278821 -0.00476428612 -0.00402189815 -0.00347754536 -0.00318785191 -0.00293468656 -0.0024429363 
-0.00081081108 -0.000815494734 -0.00106645789 -0.00224205323 -0.00448271687 -0.00706950327 -0.00911961335 -0.0104583042 -0.0114920896 -0.0122067799 -0.0114802249 -0.00848360714 -0.00531978499 -0.00525712819 -0.00653964063 -0.00471554254 -0.000178792753 0.00228852078 0.000392231698 -0.00249038449 -0.00378341974 -0.00360908919 -0.00278471547 -0.00211656703 -0.0022457206 -0.00307192279 -0.00394105313 -0.00431506284 -0.00417688247 -0.00386513576 -0.003625714 -0.00346683989 -0.00321316671 -0.00265129879 
-0.00119156195 -0.00127897577 -0.00133796517 -0.0018160743 -0.0028748033 -0.00419399883 -0.00531281581 -0.00617648633 -0.00711950611 -0.00812019622 -0.00829917205 -0.00701971969 -0.00577986195 -0.00619391926 -0.006129291 -0.00288979735 0.00236219429 0.00515881653 0.00399288453 0.00130033344 -0.000562431483 -0.00135211934 -0.00168256028 -0.00200701613 -0.00254948635 -0.00322743418 -0.00378531544 -0.00405506055 -0.00405403757 -0.00395218622 -0.00385423469 -0.00373535728 -0.0034468423 -0.00281464199 
-0.00153464374 -0.00172644635 -0.00168999852 -0.00169229279 -0.00188582061 -0.00221680579 -0.00253987627 -0.00289477 -0.00350488041 -0.00438061155 -0.00505857188 -0.00518889992 -0.00538162155 -0.00600785146 -0.00551439038 -0.00251416086 0.00173697917 0.00418704182 0.00373386305 0.00183172509 0.000143078794 -0.000933128451 -0.00168830769 -0.0023350196 -0.00294196574 -0.00347480696 -0.00385060277 -0.00403928662 -0.00407907399 -0.00405743128 -0.00401108725 -0.00389609887 -0.00357510392 -0.00289550924 
-0.00176025173 -0.00205840212 -0.00204015789 -0.00186829953 -0.00167573398 -0.00151973548 -0.00140495582 -0.00139890616 -0.00163982028 -0.00217552429 -0.00284164915 -0.00347954534 -0.00418803683 -0.00482320475 -0.00454571015 -0.00275266941 -0.000257703747 0.00134821091 0.0013511949 0.00038065599 -0.000684968138 -0.00151263019 -0.0021754483 -0.00274175642 -0.00322211088 -0.00360041678 -0.00385022125 -0.0039805409 -0.00402351684 -0.00402660626 -0.00399524258 -0.00387810178 -0.00354401582 -0.00285267141 
-0.00176587368 -0.00212084748 -0.00216320666 -0.00200070863 -0.00174317397 -0.00146881316 -0.00122248317 -0.00106384286 -0.00107619023 -0.00131913535 -0.0017693084 -0.0023525193 -0.0030122358 -0.00355470966 -0.00357974927 -0.00285924089 -0.00174852208 -0.000943409158 -0.00080626327 -0.00116352861 -0.00165973107 -0.00211749342 -0.00252792996 -0.00289179174 -0.00320001603 -0.00343747834 -0.00359378764 -0.00367958768 -0.00371356419 -0.00372017367 -0.0036920945 -0.00357828719 -0.00326038814 -0.00261322311 
-0.00148367637 -0.00180795822 -0.00188676625 -0.0017910702 -0.00159963396 -0.0013759254 -0.00116263238 -0.00100124304 -0.000940571902 -0.00102675403 -0.00127590504 -0.00165504939 -0.00210061816 -0.00248768329 -0.00264200474 -0.00247426926 -0.00210220594 -0.00178150854 -0.00167455594 -0.00176299767 -0.00194185221 -0.00214136501 -0.0023458338 -0.00253964603 -0.00270897104 -0.00284256865 -0.00293307505 -0.00298641483 -0.00300978585 -0.00301380249 -0.00298695753 -0.00288652126 -0.00262143258 -0.00209645419 
-0.0017532489 -0.00211848481 -0.00216520531 -0.0019871748 -0.00174364588 -0.00155713224 -0.00145544089 -0.00139649617 -0.00133822523 -0.00129395935 -0.00129922526 -0.00137092748 -0.00150419437 -0.00167757356 -0.00186615179 -0.00207815841 -0.00235995529 -0.00275322581 -0.00323394198 -0.00375936126 -0.00430619073 -0.0048543796 -0.0053346447 -0.00564761761 -0.00576416031 -0.00573640586 -0.00562363791 -0.00544881026 -0.00521678427 -0.00494742074 -0.00465496376 -0.00430403242 -0.00377393264 -0.00293785973 
-0.00215197737 -0.00255266112 -0.00251798006 -0.00220600021 -0.00189812147 -0.00180786141 -0.0019120601 -0.00200563716 -0.00197570611 -0.00189137534 -0.00187158781 -0.00198502316 -0.00222389391 -0.00251322934 -0.00276648214 -0.00298015148 -0.00326153786 -0.00371354848 -0.00426173532 -0.00476984531 -0.00524689614 -0.00573990118 -0.00612523663 -0.00624128699 -0.00610288459 -0.00588187708 -0.005716251 -0.00560307215 -0.00547963969 -0.00534786023 -0.00522497018 -0.00502886596 -0.00455054452 -0.00360837833 
-0.00226333371 -0.00260129097 -0.00242595958 -0.00198038563 -0.00172591814 -0.00199616824 -0.00262836673 -0.00308298619 -0.00312679208 -0.00296519264 -0.00290110809 -0.00309445567 -0.00352871257 -0.00402348629 -0.00435641573 -0.00448267867 -0.00463534316 -0.00502908352 -0.00548260298 -0.00566375212 -0.00565069407 -0.0056484805 -0.00547558105 -0.00487882308 -0.00401165306 -0.00332791069 -0.00309986071 -0.00323068708 -0.0034896103 -0.00383890294 -0.00429697855 -0.00466425668 -0.00457443714 -0.00379258516 
-0.00217494102 -0.0024101874 -0.00211464916 -0.00162884658 -0.00160138787 -0.00245505033 -0.00385137989 -0.00476854694 -0.0048906743 -0.0046434628 -0.00455822024 -0.00490294394 -0.00563137623 -0.0064206515 -0.0068826266 -0.00684987722 -0.00674750363 -0.00695768508 -0.00718121324 -0.00678627692 -0.00586103485 -0.00489232569 -0.00359842987 -0.0016363668 0.000543190671 0.00202580309 0.00236948424 0.00182592802 0.000925315324 -0.000264282272 -0.00181176586 -0.00324620777 -0.0039360309 -0.00358232172 
-0.0020136948 -0.00218693928 -0.0019095638 -0.00160535067 -0.00194805043 -0.00329915823 -0.00518233107 -0.00635485471 -0.00654981194 -0.00635742756 -0.00637895812 -0.00692058511 -0.00790489504 -0.00894721988 -0.00956376994 -0.00943025287 -0.00903097558 -0.00892133098 -0.00885708834 -0.0080082472 -0.00623293612 -0.00411083941 -0.00137144353 0.00230936223 0.00611754487 0.00863068995 0.00921652081 0.0083302297 0.00680357017 0.0046448287 0.00170295676 -0.00114382049 -0.00288068386 -0.00313228428 
-0.00183869084 -0.00202018334 -0.00191760822 -0.00198092826 -0.00271001487 -0.00422237188 -0.00580440838 -0.00683851308 -0.00722665449 -0.00742663106 -0.0077755599 -0.00840656884 -0.00936886905 -0.0104275025 -0.0110492978 -0.0110165386 -0.0104226488 -0.00979616182 -0.00928327116 -0.00843231117 -0.00662488591 -0.00356647888 0.000404746986 0.00531305878 0.0104858859 0.0139748884 0.0148491851 0.0140735583 0.012378816 0.00941738422 0.00525358513 0.00107076019 -0.00171010823 -0.00258875312 
-0.00166783227 -0.00187537437 -0.00196193394 -0.00238565992 -0.00339571987 -0.00464388754 -0.00570114412 -0.0065218918 -0.00728784419 -0.00812818579 -0.00887269268 -0.00942599504 -0.00994586648 -0.0107031159 -0.0114130959 -0.0115351548 -0.0107459348 -0.0093874413 -0.00828487326 -0.00753845631 -0.0058712187 -0.00260559805 0.00173545266 0.00702012223 0.0125932826 0.016491015 0.0178416013 0.0174928914 0.0159879294 0.0127921069 0.00783735087 0.00273365615 -0.000780230648 -0.00212021548 
-0.00152343296 -0.00172165731 -0.00187697286 -0.00244310687 -0.00358867554 -0.00485162822 -0.00588359902 -0.00663708889 -0.00756234119 -0.00881196209 -0.00981174961 -0.0102519672 -0.0104215195 -0.0109425466 -0.0116949109 -0.0118491966 -0.010842603 -0.00890821334 -0.00710672169 -0.00580850252 -0.0038511129 -0.000714078732 0.00329823697 0.00809654243 0.0131116193 0.0168474195 0.0185593598 0.0186187581 0.0172422958 0.0139398675 0.00868650099 0.00332518636 -0.000371756242 -0.00186206479 
-0.00142933531 -0.00162542604 -0.00183681217 -0.00251759078 -0.00386071411 -0.00553998774 -0.00668273 -0.00720725689 -0.00779761386 -0.00881054308 -0.00980664173 -0.0103213515 -0.0107355339 -0.0114152647 -0.0121516723 -0.0122738806 -0.0112471382 -0.00928539834 -0.00696813326 -0.00465562579 -0.00200766759 0.00137800509 0.00495601716 0.0087301271 0.0127790983 0.0162740446 0.0182844974 0.0185556765 0.0168709491 0.0130160029 0.00788188105 0.00292239915 -0.000460921012 -0.001810571 
-0.00141387528 -0.00166347884 -0.00201680616 -0.00296681558 -0.00462374205 -0.00637917353 -0.00736018907 -0.00751444375 -0.00751009003 -0.00789561977 -0.00857525451 -0.00925351414 -0.00995220032 -0.0109440186 -0.0119184988 -0.0122326588 -0.0115185866 -0.00984515525 -0.00745379292 -0.00449872289 -0.00100257042 0.00258070934 0.00563073967 0.00843977904 0.0117490215 0.0152677185 0.0177600774 0.0180304768 0.0158055563 0.0116438013 0.00667539503 0.0022135919 -0.000732268945 -0.00185117755 
-0.00147161249 -0.0017804645 -0.00224319095 -0.00332630416 -0.00502451801 -0.00655241943 -0.00721936043 -0.00709551476 -0.00673256963 -0.00660167483 -0.00683187428 -0.00728130495 -0.00792126111 -0.00915771715 -0.0105838609 -0.0112711991 -0.0108713722 -0.00942703107 -0.00708740267 -0.00395365244 -0.000380098995 0.00272566989 0.00509493156 0.00734042266 0.0103583091 0.013930521 0.0165558819 0.0166697417 0.0143201151 0.0103824625 0.00573347851 0.00165410081 -0.000963058602 -0.00189787897 
-0.00153403723 -0.00180508226 -0.00211492798 -0.00290129888 -0.00418983642 -0.00535796179 -0.00585953833 -0.00571607642 -0.00514534748 -0.00462466745 -0.00468421236 -0.00518467933 -0.00620408668 -0.00770816334 -0.00920510671 -0.00991838218 -0.00945208383 -0.00791485859 -0.00546246886 -0.00243038729 0.000485954897 0.00290872822 0.00472582718 0.00667224674 0.00949951394 0.0126561734 0.0143422772 0.0138214893 0.0115683283 0.00812481677 0.00430068466 0.000918445627 -0.00124010976 -0.00194883144 
-0.0015183331 -0.0015626847 -0.0012966221 -0.00113093411 -0.00144264172 -0.00212179883 -0.00292999383 -0.00335857803 -0.00305200703 -0.00253623954 -0.00282595263 -0.00413661105 -0.00594688391 -0.00764592428 -0.00878091989 -0.00897038451 -0.00801042987 -0.00595625022 -0.0031939301 -0.000428986334 0.00199866889 0.00406537967 0.00560832501 0.00724879786 0.00962439366 0.0120376123 0.0127469638 0.0111514772 0.00829405388 0.00509012447 0.00211371151 -0.000281051468 -0.00171488779 -0.00206005212 
-0.00139320078 -0.00106401138 7.19546115e-05 0.00158604074 0.00248571003 0.00202069875 0.000230732536 -0.00143852823 -0.00214376227 -0.00235136492 -0.00301313269 -0.00466462595 -0.00681540047 -0.00852186638 -0.00924178145 -0.00876445877 -0.00708589766 -0.00427421842 -0.00102354663 0.00160899622 0.00373270742 0.00576130704 0.00734940262 0.00879089169 0.010725996 0.0126674496 0.0130383311 0.0107149389 0.00670243872 0.00272536735 -4.20244857e-05 -0.00161839603 -0.00229946093 -0.00222392386 
-0.00119377395 -0.000546157422 0.00120418757 0.00352344524 0.00476714491 0.00330911369 0.000206736701 -0.00228601076 -0.00354479704 -0.0042166273 -0.00485791184 -0.00621856752 -0.00843880133 -0.010187942 -0.0105413478 -0.00949932619 -0.00690441133 -0.00307775766 0.000589817841 0.00322070427 0.00532308606 0.00743623024 0.00938366949 0.0110224107 0.0126714462 0.0140200581 0.0138424614 0.0111851608 0.00638715795 0.00164558087 -0.00132329257 -0.0025285112 -0.00272719246 -0.00235072347 
-0.000992547957 -0.00027656728 0.00140307506 0.00323763158 0.00338151786 0.000498756365 -0.00351319567 -0.00573742615 -0.00612159133 -0.00606945686 -0.00617901453 -0.00745485077 -0.0101984842 -0.0124463952 -0.0128992174 -0.0111670941 -0.00714982927 -0.001938016 0.00231883539 0.00501430602 0.00702540301 0.00923503677 0.0116602725 0.0136239313 0.0146127182 0.0146429687 0.013536834 0.0108310064 0.00617264191 0.00136685307 -0.00169091847 -0.0028303564 -0.00288208786 -0.00239522958 
-0.000826853375 -0.000277958953 0.000783139961 0.00139998764 5.32656718e-05 -0.0037170841 -0.00758729181 -0.0088178172 -0.00779817747 -0.00651045185 -0.00604536454 -0.00745899066 -0.0108894578 -0.0140336524 -0.0150710735 -0.0129902826 -0.0077610453 -0.00103453117 0.00416288852 0.00698695793 0.00884147865 0.0112027464 0.0138889085 0.0155051501 0.0152110742 0.0137376793 0.0118843756 0.00946843345 0.00553229637 0.00123407711 -0.00164148829 -0.00279008081 -0.00286938084 -0.00239291484 
-0.000682691148 -0.000367435335 1.22159995e-05 -0.00046533716 -0.00268568324 -0.00623966077 -0.00922383957 -0.00971888926 -0.00806483329 -0.00612399167 -0.00546728287 -0.00686897009 -0.00984820434 -0.0132990418 -0.0151508644 -0.0139344315 -0.00929259575 -0.00253186371 0.00375062096 0.00711834459 0.00904230745 0.0119245133 0.014690737 0.0151554459 0.0134486804 0.0111633934 0.00930115998 0.00699115338 0.00371047101 0.000339177884 -0.00184703259 -0.00274865409 -0.00282057609 -0.00237577059 
-0.000545025105 -0.000401233382 -0.00047364748 -0.00152029308 -0.00388746024 -0.00682413344 -0.00893501521 -0.00921216817 -0.00781246741 -0.0061505311 -0.00565663521 -0.00630712631 -0.00787066997 -0.0107489928 -0.0136645407 -0.0147135368 -0.0124826307 -0.0066129852 0.000308669825 0.00427878632 0.00656773115 0.00993085229 0.0124688248 0.0119268951 0.00963999802 0.00740428725 0.00546444334 0.00313767608 0.000649273847 -0.00125052506 -0.00235474551 -0.00279750559 -0.00278570144 -0.00235787189 
-0.00041356498 -0.000349230013 -0.000623389079 -0.00185637282 -0.00409505813 -0.00654076182 -0.00811841874 -0.00836833396 -0.007409387 -0.00621387921 -0.00588261916 -0.00602115344 -0.00653149911 -0.00867468759 -0.0124458168 -0.0158735403 -0.016104201 -0.0113179855 -0.00427695419 -1.41705665e-05 0.0023938709 0.00581889161 0.00799450586 0.00707328149 0.00498174612 0.00297432626 0.000869416198 -0.00125165823 -0.00267508367 -0.0030361717 -0.0030608643 -0.00300949165 -0.0028297079 -0.00236539635 
-0.000289486392 -0.000229704393 -0.000534664502 -0.00174317753 -0.00376930761 -0.00575769256 -0.00698763377 -0.00710869995 -0.00625140447 -0.00544817696 -0.0054187138 -0.00568224552 -0.00601660886 -0.00771470389 -0.0117368271 -0.0165254083 -0.0182753182 -0.0144828055 -0.00820992441 -0.00396036338 -0.00102824441 0.00215708035 0.00410517812 0.00366429966 0.00152004294 -0.000816214564 -0.00311770595 -0.00514066281 -0.00591721352 -0.00548745122 -0.00448294029 -0.00366370729 -0.00306635079 -0.00242634678 
-0.000178767441 -8.97326983e-05 -0.000354374315 -0.00145077249 -0.00323979719 -0.00491499098 -0.00579450559 -0.00567885364 -0.00486697915 -0.0043885637 -0.00486493993 -0.00563515732 -0.00614485592 -0.00765424762 -0.0112882359 -0.0156005576 -0.0175638059 -0.0149830214 -0.00966361168 -0.00528097658 -0.00200966252 0.00111404608 0.00304938103 0.00260482537 0.000297699662 -0.00251073753 -0.0053754166 -0.00790380808 -0.00892156857 -0.00816806076 -0.00635043482 -0.00464007498 -0.00343930165 -0.00252042911 
-9.87237163e-05 5.55589859e-08 -0.000283886711 -0.00141806719 -0.00323068072 -0.00491516596 -0.00574807427 -0.00562142421 -0.0049422856 -0.00471241982 -0.00549682086 -0.00651392802 -0.00709122783 -0.00845143309 -0.0111651376 -0.0137410712 -0.0147780306 -0.0128013509 -0.00833057154 -0.00418870077 -0.00111454776 0.00136706078 0.00270409365 0.00229672539 0.000425874662 -0.00255669456 -0.00610688309 -0.00921331769 -0.0105571351 -0.0097486313 -0.0075178893 -0.00526581988 -0.00367522736 -0.00256918254 
-7.11755726e-05 -1.33780681e-05 -0.000432569038 -0.00184552961 -0.00405681842 -0.00614046088 -0.00737444741 -0.00765783135 -0.0073183682 -0.00717112179 -0.00769740909 -0.00811354151 -0.00850738966 -0.0095624758 -0.0108574508 -0.0120077627 -0.0121112141 -0.0102587166 -0.00711388468 -0.0041894401 -0.00211429366 -0.000754966222 -4.9717052e-05 0.0003160925 -0.000273062457 -0.00289738431 -0.00675798392 -0.00969369583 -0.0105961401 -0.00946567557 -0.00726791268 -0.00512391772 -0.00359393961 -0.00252347411 
-0.000102645702 -0.000115185581 -0.000711925279 -0.0024640891 -0.00516844827 -0.00782703422 -0.00964809619 -0.0105598779 -0.0106995903 -0.0104514376 -0.0102881214 -0.0100010248 -0.00975816813 -0.010147886 -0.0109064301 -0.0111997727 -0.0105677558 -0.00930311645 -0.00812864715 -0.007099501 -0.00630781665 -0.00565910386 -0.00462744351 -0.00290227895 -0.00215769469 -0.00411974667 -0.007472313 -0.00950854964 -0.00947397231 -0.00802207534 -0.00611309418 -0.00446705593 -0.00331605384 -0.00243435515 
-0.000199329456 -0.000279851945 -0.000995665664 -0.00294539101 -0.00594850872 -0.00901324688 -0.0112891589 -0.0127025948 -0.0132629301 -0.0130248223 -0.0123246587 -0.0113036082 -0.0103521567 -0.0103285386 -0.0110145049 -0.0108523972 -0.00964633279 -0.00889895137 -0.00954098829 -0.010266451 -0.0103159238 -0.00955369873 -0.00758425867 -0.00481061404 -0.00344759474 -0.00481323349 -0.00728040028 -0.0084312995 -0.00782284636 -0.00637178792 -0.00491434574 -0.00383467351 -0.00308822059 -0.00239714087 
-0.000367147564 -0.000503102668 -0.0012443101 -0.00320131025 -0.00625370781 -0.00943404733 -0.0119612081 -0.0136217015 -0.014371313 -0.0143027163 -0.0133055496 -0.0113125288 -0.00947509226 -0.00925727979 -0.00995410244 -0.00965697704 -0.00800699905 -0.00749939749 -0.00894728818 -0.0105303332 -0.0108218157 -0.00971762412 -0.00731069871 -0.00471126717 -0.00352942948 -0.00445837177 -0.00610243926 -0.00677064533 -0.0061948572 -0.00510804847 -0.00415485568 -0.00351861885 -0.00304506245 -0.0024550213 
-0.000607125566 -0.000783471581 -0.00144067123 -0.00315259851 -0.00589561969 -0.00888194926 -0.0113093233 -0.0129279412 -0.0138230222 -0.0139788535 -0.0128789753 -0.0102816234 -0.0077231275 -0.00725615466 -0.00805062828 -0.00743757496 -0.00519774496 -0.00414216706 -0.00556290287 -0.00740409731 -0.00793269248 -0.00708219334 -0.00531335179 -0.00363982975 -0.00307898562 -0.00379858785 -0.0048649261 -0.00531795761 -0.00500923932 -0.00439267658 -0.00386312181 -0.00350838719 -0.00316241734 -0.00258523158 
-0.000902547315 -0.00110700638 -0.00157933766 -0.00278925986 -0.00479307125 -0.0070736945 -0.00899410006 -0.0103533092 -0.0113100532 -0.0117764581 -0.011085937 -0.00895594618 -0.00676512941 -0.00633893443 -0.0066455907 -0.00500665091 -0.00179888322 6.26453551e-05 -0.000990885439 -0.0029621916 -0.00400969739 -0.00395216175 -0.00332196804 -0.00277343047 -0.0028238881 -0.00344281759 -0.00414682155 -0.00448498465 -0.00439442874 -0.00411813527 -0.00386436421 -0.003656781 -0.00334536294 -0.00273336164 
-0.00121591842 -0.00145076479 -0.00171453624 -0.00233671054 -0.00341965997 -0.00471902073 -0.00588583662 -0.00682968759 -0.00769736175 -0.00841047785 -0.0084204696 -0.00743547505 -0.00648161573 -0.00640265804 -0.00584378856 -0.00331033744 0.000442838369 0.00252892871 0.00198080271 0.000166985194 -0.00126760077 -0.00194434013 -0.00221515019 -0.0024518642 -0.00286898224 -0.00342473937 -0.00391131331 -0.00416750412 -0.00418429287 -0.00408998159 -0.00397779517 -0.00383150842 -0.00351294329 -0.00285536929 
-0.0014980653 -0.00178263957 -0.00190977236 -0.00209177505 -0.00244712153 -0.00292755423 -0.00341241183 -0.00390150576 -0.00450812834 -0.00519786526 -0.00566002233 -0.00570736385 -0.00574997753 -0.00592524904 -0.00520105808 -0.00280094179 0.000401194645 0.00232138472 0.00219136803 0.000869853778 -0.000455743486 -0.00137342472 -0.00201890118 -0.00255961488 -0.00307351558 -0.00354219236 -0.00389146569 -0.00408197655 -0.00413437081 -0.004116972 -0.00406407337 -0.0039370852 -0.0036030005 -0.00291212739 
-0.00168051369 -0.00202301174 -0.00211082745 -0.00208349336 -0.00205660005 -0.00207431897 -0.00213501391 -0.0022774429 -0.00258372682 -0.00306673036 -0.00360043209 -0.00408135411 -0.00455680594 -0.00486850142 -0.00442306874 -0.00285993603 -0.000814660373 0.000544596605 0.000662527212 -5.45129557e-05 -0.000944533066 -0.00168917688 -0.00229305176 -0.00280483383 -0.0032421868 -0.00359628971 -0.00384239882 -0.00398144246 -0.00403616454 -0.00404479483 -0.00401285539 -0.00389207184 -0.0035533405 -0.00285744293 
-0.00166892577 -0.00203531308 -0.00213320113 -0.00205995812 -0.00191693932 -0.00177103024 -0.00165837411 -0.00162256545 -0.00172069373 -0.00198625381 -0.0023912463 -0.00287363933 -0.00337181113 -0.00371162097 -0.00358630269 -0.00285520759 -0.00183069583 -0.00107923963 -0.000907479741 -0.00119687964 -0.00165403351 -0.00210261572 -0.00250740393 -0.00286310268 -0.00316453083 -0.00340160795 -0.00356478215 -0.00366117869 -0.00370584354 -0.00371860477 -0.00369281561 -0.00357925795 -0.00326050013 -0.0026119097 
-0.00139663656 -0.00171712841 -0.0018197843 -0.00177028131 -0.00164353833 -0.00149638137 -0.00136609555 -0.00128658315 -0.00129424201 -0.0014194718 -0.00166631916 -0.00200136808 -0.00236231033 -0.00263543611 -0.00267858886 -0.00243486528 -0.00202678879 -0.0016869566 -0.00156448826 -0.00164747927 -0.00183696057 -0.00205623172 -0.0022772681 -0.00248255466 -0.00266039322 -0.00280238243 -0.00290207931 -0.00296436145 -0.00299589375 -0.00300499879 -0.00298080944 -0.00288172086 -0.00261714301 -0.00209212203 
-0.00163631095 -0.00199350352 -0.0020738445 -0.00197091794 -0.00182537971 -0.00173494018 -0.00171736938 -0.00173452395 -0.00175106295 -0.00177586538 -0.00183828168 -0.00195517136 -0.00212048652 -0.00231175685 -0.00250507718 -0.00270294096 -0.00293613372 -0.00323052012 -0.00356617921 -0.00390921193 -0.00423814722 -0.00453484568 -0.00475307809 -0.00483588617 -0.00478106282 -0.00464544329 -0.00448675905 -0.00433090693 -0.00418058044 -0.00403837559 -0.00389418619 -0.00369322963 -0.00330812137 -0.00260996591 
-0.00201265005 -0.00242026885 -0.00246195891 -0.0022883709 -0.00213007864 -0.00214121776 -0.00230077282 -0.00246143438 -0.00253554797 -0.00256495116 -0.00263938743 -0.00281407226 -0.00307863157 -0.00337002039 -0.00362051116 -0.00382246048 -0.00404278636 -0.00434445917 -0.00467659803 -0.00494501614 -0.00514162086 -0.00528589391 -0.00530524846 -0.00511907602 -0.00477204473 -0.00441579916 -0.00417276852 -0.00406047591 -0.00403393822 -0.00406929644 -0.00413975542 -0.00414029565 -0.00386196698 -0.00312146988 
-0.00212849659 -0.00250732316 -0.00247695619 -0.0022558828 -0.0021844418 -0.00247402303 -0.00301351773 -0.00345862349 -0.00363707182 -0.00366292819 -0.00374598028 -0.00400542409 -0.00442044404 -0.00485924676 -0.0051678152 -0.00530693707 -0.00541051781 -0.00560483828 -0.00578308294 -0.00573652131 -0.00547740153 -0.00511071588 -0.00454946331 -0.00368848959 -0.00268932325 -0.00189895621 -0.00154242725 -0.00159717272 -0.00190857255 -0.00239897211 -0.00301349255 -0.00354782794 -0.00366732061 -0.00313658646 
-0.00206828992 -0.0023878608 -0.00231006567 -0.00212054989 -0.00226295537 -0.00295454394 -0.00400131753 -0.00479040759 -0.00509550655 -0.00513185188 -0.0052501377 -0.00564029825 -0.00625472514 -0.00687923364 -0.00727508364 -0.00729987672 -0.00719861602 -0.00717789068 -0.00708177434 -0.00654839871 -0.00553531399 -0.00431735881 -0.00276520294 -0.000766656517 0.00128373935 0.00274670667 0.00328587143 0.0029669881 0.00213408078 0.000931468742 -0.000591597895 -0.00202789536 -0.00285263599 -0.00276498189 
-0.00194465796 -0.0022334657 -0.0021977889 -0.00217703323 -0.00261431846 -0.00365165039 -0.00504025398 -0.00604910905 -0.00647756403 -0.00661533673 -0.0068509112 -0.00739681811 -0.0081750597 -0.00894562696 -0.00942997448 -0.00936377929 -0.00902138892 -0.0086948584 -0.00827945784 -0.00730946339 -0.00556629936 -0.00339081953 -0.000649600041 0.00271053085 0.00599903618 0.00827415767 0.00908715349 0.00856152236 0.00722299548 0.00523162808 0.00260960077 4.24734344e-05 -0.00167861322 -0.0021746709 
-0.00181116832 -0.00211702171 -0.00221436669 -0.00243909189 -0.00313660786 -0.0043942868 -0.00570374162 -0.00669472164 -0.00726787303 -0.00769025562 -0.00816861994 -0.00879174471 -0.00959198381 -0.0103850123 -0.0108021925 -0.0107407863 -0.0102033449 -0.00948877603 -0.00865664439 -0.00743691228 -0.00549204532 -0.00252269624 0.00124134605 0.00559516455 0.00993182495 0.0129628451 0.0139979056 0.0135554187 0.0120329783 0.00934920233 0.00577646588 0.00215853217 -0.000440100288 -0.00152476464 
-0.00168362249 -0.00202178593 -0.00226617459 -0.00274287682 -0.00364687869 -0.00479992984 -0.0059032156 -0.006822375 -0.00761999934 -0.00842265877 -0.00915437143 -0.00978789117 -0.0103682555 -0.0109928346 -0.0114390968 -0.0113884848 -0.0106442301 -0.00941804001 -0.00813196155 -0.006752686 -0.00461613754 -0.00136218332 0.00278395194 0.00754437195 0.0122452315 0.015608312 0.0169919765 0.0167827804 0.0152858298 0.012357683 0.00813841013 0.00377292638 0.000543346463 -0.000981050089 
-0.00157638741 -0.00192645117 -0.00225417837 -0.00287960242 -0.00392416586 -0.0050762846 -0.00615377211 -0.00703420034 -0.0079211266 -0.00894573795 -0.00983015859 -0.0104455964 -0.0108534448 -0.0113466261 -0.0118139512 -0.0117416993 -0.0108085624 -0.00914661617 -0.00734393201 -0.00551940721 -0.00303210379 0.000266856579 0.00427738719 0.00879027305 0.0131974533 0.0165007568 0.0181360683 0.018152759 0.0166826034 0.0136393921 0.00912820314 0.00448579173 0.0010387815 -0.000665419654 
-0.00150367703 -0.00186594587 -0.00225739152 -0.00298293586 -0.00416168233 -0.00558695979 -0.00665662647 -0.0073605931 -0.00807636942 -0.00896809778 -0.00984196608 -0.010431879 -0.01097193 -0.011575309 -0.0120523588 -0.0119761214 -0.0109883708 -0.00921710226 -0.00696152089 -0.00444472349 -0.00158685877 0.00188979636 0.00561897515 0.00946066779 0.0132792939 0.0164233465 0.0181958491 0.0183607715 0.0167505171 0.0132931828 0.00880203607 0.0043489772 0.00105736965 -0.000581412157 
-0.00147879529 -0.00187684833 -0.00235830006 -0.00324148897 -0.00458783593 -0.0060254807 -0.00698395944 -0.00743520371 -0.0077627912 -0.00826923139 -0.00892991328 -0.00960921319 -0.010301607 -0.0110998084 -0.0117577914 -0.0118178155 -0.0109835626 -0.0092780463 -0.00687373462 -0.00392809953 -0.000553578293 0.00295763979 0.00626069001 0.00943223198 0.0127171902 0.0157614352 0.0177406451 0.0178614205 0.015944209 0.0123587506 0.0079546662 0.00380692425 0.000816918049 -0.00064265566 
-0.00148626901 -0.00190204628 -0.00241823234 -0.00333343013 -0.00465351 -0.00591441393 -0.00667602274 -0.00691523482 -0.00695134764 -0.00709894787 -0.00748569355 -0.00811625835 -0.0088564992 -0.00983709993 -0.0107613611 -0.011023857 -0.0103486328 -0.00871584746 -0.0062871841 -0.00322341762 0.000222026547 0.00340738214 0.00619496172 0.00887606004 0.0118170404 0.0147300152 0.0166772467 0.0166042411 0.0145293602 0.0110977843 0.00695273333 0.00315603924 0.000484849587 -0.00077383721 
-0.00146891207 -0.00180923249 -0.00215385578 -0.00279390645 -0.00377671104 -0.00477521478 -0.00543045154 -0.0056612971 -0.00559162204 -0.00555327203 -0.00587937592 -0.00650946098 -0.00752888859 -0.00872423163 -0.00968781936 -0.00993203754 -0.00916458536 -0.00743681194 -0.00488566717 -0.00185640117 0.00111961833 0.00386175723 0.00621912448 0.00854951212 0.0112023703 0.0137398103 0.0149944064 0.0144873578 0.0123614694 0.00907029858 0.00549441558 0.00228268233 4.88055197e-05 -0.000952904336 
-0.00137082186 -0.00149059122 -0.00137876762 -0.00134754427 -0.0016952723 -0.00237599883 -0.00324721626 -0.00387864341 -0.00405880933 -0.0041175756 -0.00461582109 -0.00570888042 -0.00714643439 -0.00846193368 -0.00924602669 -0.00912859629 -0.00795859786 -0.00584002843 -0.00306366472 -0.000162687375 0.00250516463 0.0049258258 0.00699218407 0.00901154699 0.0112347463 0.0131716285 0.0137456448 0.0124772013 0.00988191454 0.00668174176 0.00363184276 0.00111483702 -0.000539208066 -0.00119559877 
-0.00119066601 -0.00099688622 -0.000267754414 0.000598649615 0.000906840828 0.000290278859 -0.00122027772 -0.00264097204 -0.00344217463 -0.00392770807 -0.00467763203 -0.00604850022 -0.00771064047 -0.00903150906 -0.0095487019 -0.00892062525 -0.00714661066 -0.0044437213 -0.00130327514 0.00157423019 0.0040713154 0.00638567665 0.00838142952 0.0101899863 0.0120055463 0.0134286312 0.0135444336 0.0116258035 0.0082997649 0.00471052059 0.00184342744 -0.000101572529 -0.00119039616 -0.00147761095 
-0.000982459106 -0.000542078739 0.000596073411 0.00193216895 0.00236061629 0.000988123458 -0.00132045582 -0.00327677083 -0.00442021892 -0.00511868499 -0.00588106079 -0.00715342271 -0.00893544911 -0.0103269385 -0.0105443374 -0.00945035254 -0.00694125694 -0.00338942696 0.000143975359 0.00307506553 0.00559741452 0.00793364752 0.0100549949 0.011831417 0.0133179137 0.0141864827 0.0136567377 0.0113273654 0.00749776756 0.00356088203 0.000641356459 -0.001013106 -0.00171632288 -0.00172312077 
-0.000816794525 -0.000338202152 0.000724722958 0.00170301994 0.00140854789 -0.000828918324 -0.00371430984 -0.00559812223 -0.00626294915 -0.00650157391 -0.00694647206 -0.00815760821 -0.0102372331 -0.0119354387 -0.0122258857 -0.0106361707 -0.00717102091 -0.00260806539 0.00147006313 0.00454494492 0.00705476952 0.00945631395 0.011764498 0.0135532265 0.0144480694 0.014395549 0.0131721226 0.010662323 0.00684056111 0.0028917538 3.56730565e-06 -0.00151529401 -0.00203696918 -0.00189427193 
-0.000718851691 -0.000395115799 0.000204345901 0.00036470516 -0.000875954503 -0.00367596101 -0.00652869576 -0.00783030602 -0.00764085352 -0.00712935438 -0.00718448138 -0.00839268728 -0.0108280649 -0.0130331714 -0.0137079897 -0.0119717483 -0.00783904319 -0.00233772493 0.00240289479 0.00569456414 0.0082255771 0.0107226296 0.0130777687 0.0145100396 0.0144947888 0.0134323903 0.0116462184 0.00920982757 0.00580465203 0.00223960765 -0.000398411485 -0.00178910423 -0.00222606627 -0.00201684705 
-0.000660403916 -0.000551929297 -0.000472565568 -0.00107427704 -0.00290863087 -0.00562598601 -0.0079925864 -0.00876710146 -0.00809255283 -0.00710340284 -0.00690671042 -0.00814453507 -0.0103678065 -0.0127792144 -0.0139538299 -0.0128599583 -0.00913189502 -0.00375904135 0.00163961756 0.00539133836 0.00801644744 0.010781645 0.0130953328 0.0137138061 0.0127365523 0.0110158701 0.00920277097 0.00685711598 0.00394818528 0.00107463139 -0.000974367916 -0.00206092002 -0.0023840917 -0.002121789 
-0.000608037984 -0.000667551226 -0.000949584812 -0.00196857037 -0.00393609324 -0.00633169707 -0.00815824118 -0.00867563842 -0.00802778187 -0.00711979825 -0.00691025139 -0.00766269052 -0.00917468317 -0.0113771967 -0.0133364429 -0.0137484996 -0.0115298579 -0.00677534955 -0.00113180485 0.00299259016 0.00585475218 0.00882819813 0.010947846 0.0109002487 0.00945101364 0.00758244551 0.00566168337 0.00346664139 0.00121571733 -0.000586787766 -0.00179661413 -0.00242631901 -0.00256621982 -0.00223000961 
-0.000547830947 -0.00069736104 -0.00115556372 -0.00232119226 -0.00420680735 -0.0062846329 -0.00772582845 -0.00814498582 -0.00770875172 -0.00705175474 -0.00691194352 -0.00729876096 -0.00819855732 -0.0100885099 -0.0127489692 -0.0147337649 -0.0141795155 -0.0103142012 -0.00479218389 -0.000522478184 0.00241034258 0.00541506098 0.00732156962 0.00695620631 0.00547599076 0.00364926464 0.00162691875 -0.000337620526 -0.00183522281 -0.00252667901 -0.00285223622 -0.00295322573 -0.00282395647 -0.00236364509 
-0.000480875853 -0.000655868407 -0.00116244388 -0.00233444786 -0.00408353623 -0.00581695959 -0.00701592179 -0.00735454217 -0.00695768768 -0.00656897527 -0.00663891628 -0.00703597991 -0.00775668959 -0.0094445429 -0.0123790438 -0.0153215393 -0.0159050366 -0.0127826419 -0.00790430922 -0.00380210793 -0.0005139493 0.00227065662 0.00392019475 0.00389320957 0.00228792019 0.000208601736 -0.00188553928 -0.00373341232 -0.00472915688 -0.00485158131 -0.00433088751 -0.00374741762 -0.00320505073 -0.00253313597 
-0.000419054205 -0.000590726975 -0.00109466065 -0.00221840597 -0.00383368081 -0.00538796615 -0.00637831809 -0.00659901739 -0.00627672611 -0.00610743893 -0.00646563023 -0.00713429803 -0.00787470158 -0.00937463043 -0.0121173131 -0.0148526542 -0.0156795125 -0.0134105656 -0.00919911525 -0.00522630577 -0.00195631499 0.000723882903 0.00229293604 0.00217565672 0.000525835116 -0.00179163667 -0.00421169356 -0.00629662346 -0.00728547564 -0.00703224758 -0.00588762689 -0.00465104821 -0.00363349974 -0.00270680086 
-0.00038303593 -0.000566079695 -0.00110867567 -0.00228782013 -0.00395081825 -0.00555422277 -0.00655670465 -0.00682205527 -0.00663695914 -0.00662576073 -0.00713175353 -0.00792212922 -0.00859598636 -0.00981142331 -0.0119304933 -0.013665338 -0.0140110878 -0.0122402359 -0.00871555817 -0.00516382587 -0.00228229072 -5.75513455e-05 0.00118802525 0.00107222267 -0.000304527787 -0.00266553734 -0.00541367942 -0.00775528727 -0.00880908328 -0.00836346579 -0.00686480462 -0.00522606852 -0.00390955301 -0.00281553917 
-0.000392058621 -0.00062461932 -0.00128579767 -0.00267822397 -0.00463149477 -0.00652354771 -0.00783136372 -0.00840063834 -0.0084632365 -0.00853198521 -0.00888712451 -0.0091920916 -0.009691508 -0.0105956774 -0.0115406193 -0.0124022321 -0.0122829475 -0.0106320843 -0.00811778722 -0.0056034527 -0.00357729587 -0.00209191766 -0.00115727365 -0.000770349804 -0.00139700765 -0.00343329981 -0.00624993842 -0.00842810669 -0.00915958131 -0.00839233876 -0.00683393278 -0.00521535042 -0.00390815941 -0.00281785093 
-0.000449533959 -0.000752908019 -0.00156107583 -0.00320670791 -0.00551465864 -0.00783235407 -0.0095683827 -0.0105633855 -0.0109343668 -0.0109339512 -0.0108469929 -0.0106588561 -0.0106036073 -0.0109435178 -0.0114430659 -0.0116188773 -0.0110652842 -0.00987588561 -0.00866675043 -0.00752119556 -0.00650179635 -0.00553113015 -0.00442236025 -0.00321859115 -0.00298486691 -0.00446217887 -0.00681846475 -0.00839669218 -0.00854056854 -0.00754696699 -0.00611576082 -0.00477961393 -0.00371184505 -0.00275170119 
-0.000553913391 -0.000921231847 -0.00183079022 -0.00363519887 -0.00617606303 -0.00881234989 -0.0108907616 -0.0122370703 -0.0128745444 -0.0128385004 -0.0123454673 -0.011607223 -0.0109408566 -0.0108451557 -0.0111829015 -0.01096828 -0.0101135 -0.0093441892 -0.00932295184 -0.00941111844 -0.0091030807 -0.00821890322 -0.0066642614 -0.00482134312 -0.00407044754 -0.0050326258 -0.00672785929 -0.00767464105 -0.00740857239 -0.00640037034 -0.00524648871 -0.00428457492 -0.00350513828 -0.0026968235 
-0.000702657082 -0.00111198538 -0.00203851728 -0.00385002911 -0.00642548184 -0.00911931508 -0.0113780597 -0.012921618 -0.0136636169 -0.0136939534 -0.0129625802 -0.0115632828 -0.0103113755 -0.00997180184 -0.0100629036 -0.00964642464 -0.00851401909 -0.00802977787 -0.00858863795 -0.00933733943 -0.00934504503 -0.00842146106 -0.00671338534 -0.00501545567 -0.00424038652 -0.00483444299 -0.00595776493 -0.00650892355 -0.00618833891 -0.00539668237 -0.00459424214 -0.00396453495 -0.00340827139 -0.00270040466 
-0.000893568379 -0.00131757709 -0.00215744243 -0.00376402269 -0.00608425756 -0.00859263053 -0.0107395928 -0.012254824 -0.0130960969 -0.013236131 -0.0124246342 -0.0107007069 -0.00902026743 -0.00843436761 -0.00845882506 -0.00770696454 -0.006136276 -0.00528729473 -0.00591179944 -0.0069394206 -0.00724388908 -0.00662796414 -0.00539573601 -0.00425818434 -0.00384273552 -0.00430192256 -0.0050463439 -0.00540833471 -0.00521412059 -0.00473107573 -0.00424901619 -0.00385818612 -0.00343074373 -0.00276029322 
-0.00111581651 -0.00153227005 -0.00219479213 -0.00340309315 -0.00516973069 -0.00714521447 -0.00888885754 -0.0101931552 -0.0110613462 -0.0113921539 -0.0108507294 -0.00943985224 -0.00795528507 -0.00733516063 -0.00705565478 -0.00564699093 -0.00344075778 -0.00203537679 -0.00245940402 -0.00361128985 -0.00431235364 -0.004293238 -0.00385205494 -0.00345256153 -0.00346501192 -0.00389457549 -0.00441557421 -0.0046872765 -0.00462757966 -0.00439135063 -0.00413651225 -0.00388876982 -0.0035175811 -0.00284292533 
-0.00134557235 -0.00174984287 -0.00220754673 -0.00294418995 -0.00402270005 -0.00526980403 -0.00643111147 -0.00739367425 -0.00817878873 -0.00869633658 -0.00864736988 -0.00793273283 -0.00720157052 -0.00682567831 -0.00600112537 -0.00406575214 -0.00148322048 1.89038508e-05 -8.90851185e-05 -0.00114367206 -0.00211356476 -0.00262456789 -0.00283513786 -0.00300593072 -0.00331024739 -0.00373275329 -0.00411995491 -0.00433559928 -0.00435502638 -0.00426533728 -0.00413966237 -0.00396401669 -0.00360862662 -0.00291386697 
-0.00154776063 -0.00195349256 -0.0022532139 -0.00260600873 -0.00310202385 -0.00370290454 -0.0043105176 -0.00489222779 -0.00547890669 -0.00601785616 -0.00632408534 -0.00631096464 -0.0062295024 -0.00608811992 -0.00525793039 -0.00340633008 -0.00110371028 0.000335543296 0.000440542231 -0.000352034348 -0.00127810835 -0.00198389456 -0.00249535301 -0.00292140821 -0.00332962919 -0.00371217627 -0.00400855913 -0.00417865566 -0.00422943849 -0.00420934703 -0.00414532708 -0.00400104733 -0.00364708181 -0.00293614954 
-0.00166656136 -0.0020826398 -0.00229858756 -0.00242911797 -0.00257184017 -0.00275969532 -0.00298429962 -0.00325619357 -0.00360921515 -0.00403388804 -0.00444181625 -0.00477029264 -0.00502952554 -0.00507676162 -0.00453545722 -0.00323587095 -0.00164404352 -0.00054643016 -0.000337644115 -0.000788474249 -0.00145011605 -0.00205456596 -0.00256038872 -0.00299119795 -0.00336239377 -0.003669298 -0.00389030164 -0.00402124579 -0.00407609194 -0.00408296756 -0.00404489315 -0.00391540293 -0.00356707135 -0.002861209 
-0.00161773964 -0.00202033286 -0.00219857781 -0.00223816349 -0.00222971444 -0.00222779981 -0.00225752133 -0.00234382283 -0.00251725558 -0.00279011607 -0.00313454869 -0.00350100955 -0.00382949745 -0.00397951186 -0.00374152112 -0.00304976314 -0.00215883785 -0.0014918659 -0.00128857815 -0.00148072187 -0.00185073079 -0.00224293447 -0.00260586227 -0.00292600914 -0.00319844372 -0.00341612065 -0.00357041185 -0.00366545644 -0.00371211013 -0.0037250186 -0.00369685 -0.00357976079 -0.00325713886 -0.00260439388 
-0.00133756051 -0.00167161854 -0.00181777967 -0.00183589723 -0.00179502631 -0.00174357786 -0.0017108796 -0.00172031842 -0.0017940752 -0.00194783646 -0.0021771818 -0.00245042484 -0.00271114761 -0.00286615365 -0.00281198832 -0.00252271617 -0.00211216685 -0.00177467076 -0.00163632939 -0.00169338006 -0.00186310788 -0.00207204557 -0.00228486539 -0.00248179105 -0.0026520604 -0.00278925702 -0.00288770607 -0.00295111118 -0.00298489644 -0.00299487319 -0.0029701167 -0.00287011788 -0.00260475373 -0.00207897018 
-0.00151387715 -0.00187163156 -0.00199760579 -0.00197899332 -0.00193300668 -0.00193422216 -0.00199428511 -0.00208405047 -0.0021758527 -0.00227301602 -0.0023944416 -0.0025518396 -0.00273749879 -0.00293049575 -0.00310920095 -0.00327113937 -0.00343197677 -0.00360493392 -0.00377498088 -0.00391780662 -0.00401703888 -0.00405988703 -0.00402410052 -0.00388931302 -0.00367435658 -0.00343709162 -0.00323211043 -0.00308653727 -0.00300197197 -0.00296821621 -0.0029564574 -0.00289975942 -0.0026718273 -0.00214743298 
-0.00187460283 -0.0023024367 -0.00243284137 -0.00239868879 -0.00237883583 -0.00247962477 -0.00268893715 -0.00291103808 -0.0030832867 -0.00322426884 -0.00339041199 -0.00361705561 -0.00389138725 -0.00416478472 -0.00438753377 -0.00454679565 -0.0046762743 -0.00480900683 -0.00491340312 -0.00492939568 -0.0048428448 -0.00466278113 -0.00435955516 -0.00391452613 -0.00339213018 -0.00292183917 -0.00260864297 -0.00248437743 -0.00251941241 -0.00267451695 -0.00289431751 -0.00306239994 -0.00298155278 -0.00247618844 
-0.00200479215 -0.00243854697 -0.00255513011 -0.00253375389 -0.00261188771 -0.00291846798 -0.00339312782 -0.00383473728 -0.00412525346 -0.00431461466 -0.00452716108 -0.0048366088 -0.00522009391 -0.00559008142 -0.0058469649 -0.00595181674 -0.00596739383 -0.00596071261 -0.0058752968 -0.00558660172 -0.00507901777 -0.0044099208 -0.00355643742 -0.00251041416 -0.00143067625 -0.000574699062 -0.000121565792 -9.81292207e-05 -0.000408081927 -0.000957408032 -0.00165258786 -0.00229641103 -0.00259635645 -0.00233195097 
-0.00198241815 -0.00239617195 -0.00251772524 -0.00256578683 -0.00282499137 -0.00339808806 -0.00420548537 -0.00490070614 -0.00533387163 -0.00558896775 -0.00586807347 -0.00628538502 -0.00679546802 -0.00726950742 -0.00757440096 -0.00758464865 -0.00742370255 -0.00719295543 -0.00682303922 -0.00611028429 -0.00497391722 -0.00358818098 -0.00191080823 4.00510016e-05 0.00192899397 0.00332435981 0.00397975583 0.00384688832 0.00313921226 0.00202531289 0.000609897329 -0.000762363141 -0.0016690175 -0.00183509935 
-0.00190368666 -0.00231283066 -0.00248855612 -0.00268097998 -0.00316675369 -0.0039781414 -0.00503710988 -0.00591894673 -0.00648929022 -0.00685914464 -0.00724901289 -0.00778863821 -0.00839965479 -0.00894497728 -0.00928662544 -0.00920079638 -0.00883518479 -0.00832223953 -0.00763122687 -0.00650399192 -0.00473377256 -0.00257310945 4.01429655e-05 0.00302808949 0.00582701408 0.00783523247 0.0087489517 0.00849415527 0.0073970713 0.00567646705 0.00342626499 0.00118496628 -0.000454591799 -0.00115433426 
-0.00181539218 -0.00224756691 -0.00252318244 -0.00287741453 -0.00354170789 -0.00459731368 -0.00568984427 -0.00662118099 -0.00729962613 -0.00786909087 -0.00843654019 -0.00904244951 -0.00970060017 -0.0102680379 -0.0104927065 -0.0103564823 -0.00980787456 -0.00899352613 -0.00791272695 -0.00642025782 -0.00437803502 -0.00153191201 0.00191059667 0.00566295229 0.00925161247 0.0118323742 0.0128943393 0.0126965885 0.0114255928 0.00912870388 0.00616389456 0.0031266244 0.000780545075 -0.000445490492 
-0.00173125096 -0.00219800674 -0.00258531831 -0.00311732125 -0.00394252528 -0.00497930073 -0.00603815354 -0.00698206783 -0.00779850693 -0.00858345018 -0.00930753902 -0.00996811223 -0.0105345792 -0.0110102981 -0.0112310007 -0.0110310813 -0.010287725 -0.00909863807 -0.00764982259 -0.00588515482 -0.00348986834 -0.000312952528 0.00350304465 0.00765082815 0.011563092 0.0144097013 0.0157199133 0.0156228632 0.0142807855 0.0117541923 0.00827084251 0.00464124267 0.0017693727 0.000140536316 
-0.0016593021 -0.00214901911 -0.00261538472 -0.00327518741 -0.00422214931 -0.00525439141 -0.00631528389 -0.00725339471 -0.00812276291 -0.00902590096 -0.00983499555 -0.0105208337 -0.0110097357 -0.0114163913 -0.0116452682 -0.0113891608 -0.0104762637 -0.00895062467 -0.00711620004 -0.00498866621 -0.00222790586 0.00108260637 0.00490299794 0.00898891826 0.0127903631 0.0156371338 0.017114777 0.0171159326 0.0157308905 0.0130911833 0.00933271679 0.00542851118 0.00232505885 0.000498497991 
-0.00160479143 -0.00211063709 -0.00263089329 -0.00335938872 -0.00438158148 -0.00560735015 -0.00662051739 -0.00743520928 -0.00823945362 -0.00907758315 -0.00988294451 -0.0104972624 -0.0110632197 -0.0115444027 -0.0117746262 -0.0115031189 -0.0105013779 -0.00883725177 -0.00662733604 -0.00402004267 -0.00108701134 0.00236862631 0.00605017523 0.00974036303 0.013214051 0.0159602638 0.0174697063 0.0175578571 0.0161107936 0.0131348 0.009347677 0.00550070976 0.00243985228 0.000616302158 
-0.00156875835 -0.00209176371 -0.00265856554 -0.00346648994 -0.00456693126 -0.00576618155 -0.00670561506 -0.00736567176 -0.00793808417 -0.00855990315 -0.00923841871 -0.00991934667 -0.0105621255 -0.0111509446 -0.0114942699 -0.0112875114 -0.0103231079 -0.00859812123 -0.00622365758 -0.00334263367 -9.18847384e-05 0.00333307073 0.00670563885 0.00995415147 0.0130472887 0.0156400481 0.0171978165 0.0172069003 0.0155700195 0.0125586435 0.00880289549 0.00512299747 0.00224965755 0.000550889804 
-0.00153339111 -0.00204340645 -0.00259857995 -0.00338484221 -0.00443100925 -0.00549287126 -0.00631428104 -0.0068386591 -0.00721914758 -0.00762937176 -0.00816055695 -0.00887424519 -0.00957670795 -0.0102813111 -0.0107701928 -0.0106471135 -0.0097252996 -0.00796849993 -0.00552740645 -0.00256335374 0.000754342341 0.00395107629 0.00694543058 0.00980024513 0.0125578065 0.0149335387 0.0163780271 0.0161864832 0.0143924073 0.0114839354 0.00789878056 0.00448551171 0.00187614652 0.000364917438 
-0.00145866642 -0.00187973734 -0.00228027803 -0.00285098264 -0.00365365995 -0.00454050895 -0.00529716438 -0.00582460916 -0.00616687189 -0.00651361762 -0.00704924463 -0.00771688632 -0.008608945 -0.009465807 -0.00996180449 -0.00979598803 -0.00876736399 -0.00691454537 -0.00434433302 -0.00136060392 0.0016178488 0.00453436294 0.00720520063 0.00972361357 0.0121739228 0.014217746 0.015122505 0.0146339504 0.0127477528 0.00978548582 0.00656754201 0.00359627442 0.00135494464 9.52714285e-05 
-0.0013152821 -0.00155007686 -0.00162832077 -0.00177681571 -0.00221107926 -0.00290463284 -0.0038033649 -0.00458718854 -0.00511427434 -0.00555988115 -0.00620711883 -0.00713675287 -0.00823135104 -0.00914908207 -0.00955834436 -0.00914478213 -0.00781038165 -0.00567138946 -0.00293004391 6.37187516e-06 0.00280713073 0.00546371303 0.00786028287 0.0100780081 0.0121337423 0.0136856668 0.0141119297 0.013086245 0.0108529732 0.0079171857 0.00501101915 0.00250828203 0.000707742494 -0.000243716393 
-0.00112023554 -0.00112051662 -0.000803572557 -0.000486687999 -0.000611967437 -0.0013034243 -0.00259511293 -0.00384207158 -0.00471912928 -0.005400364 -0.00620001962 -0.00732653336 -0.0085518686 -0.00946565413 -0.00971523396 -0.00893601187 -0.00714454517 -0.00458147393 -0.00156736028 0.00139917147 0.00410847188 0.00663766967 0.00888819398 0.0108704233 0.0125428801 0.0136103789 0.0135986436 0.0120511976 0.00936674216 0.00626063995 0.00351271382 0.00140369084 1.7711318e-05 -0.000616974396 
-0.000931369415 -0.000759611792 -0.000196723637 0.000370505055 0.000263496412 -0.000995520778 -0.00273509557 -0.00428736238 -0.00536218015 -0.00613863704 -0.0069601275 -0.00805466935 -0.00939026127 -0.0103701618 -0.0103824806 -0.00927667801 -0.00696380469 -0.00374871882 -0.000421153339 0.00261768344 0.00538098106 0.00787486538 0.0100904868 0.0119013487 0.0132444094 0.0138315158 0.0131888047 0.0112581455 0.00826369001 0.00506306953 0.00235786577 0.000484626234 -0.000591216273 -0.000965737537 
-0.000807211649 -0.000620263093 -0.000124943048 0.000196710178 -0.000360636523 -0.00211012463 -0.0042036083 -0.0057663033 -0.00660261198 -0.00712321147 -0.00776876415 -0.00881286867 -0.0103034125 -0.0114478478 -0.0115153426 -0.0100906143 -0.0071795822 -0.00328360308 0.000462609113 0.00365849907 0.00644477224 0.0089485984 0.0111600949 0.0128318681 0.0136838979 0.0136181829 0.0124487197 0.0102930756 0.00725905766 0.0040922491 0.00149679564 -0.000197418094 -0.0010690731 -0.00126048382 
-0.000763857256 -0.000704298614 -0.000529607825 -0.000720742735 -0.00183953237 -0.00391725204 -0.00602710808 -0.00728983571 -0.00765333988 -0.00775165174 -0.00815931698 -0.00914918045 -0.0108146568 -0.0122251187 -0.0125361242 -0.01106335 -0.0078194481 -0.0033786838 0.000786787076 0.00418242691 0.00703840666 0.00956790575 0.0117016175 0.0130484713 0.0132650838 0.0125357456 0.0109533752 0.00877291726 0.00596343029 0.00307512624 0.000739943321 -0.000752602287 -0.00146090286 -0.0015171257 
-0.000769352548 -0.000887677813 -0.00107932548 -0.00176682955 -0.00326656331 -0.00531332138 -0.00718137556 -0.00811705772 -0.00815685447 -0.00791449931 -0.00809466079 -0.00918077048 -0.0107590789 -0.0123107226 -0.0128859648 -0.0118310773 -0.00885680156 -0.00466432704 -0.000121703346 0.00360714399 0.00650724567 0.00915466039 0.0111908704 0.0119424201 0.0115083891 0.0102904789 0.00871965496 0.00659223673 0.00411992225 0.00171389458 -0.000143020518 -0.0013147243 -0.00183360179 -0.00175906427 
-0.000784943332 -0.00105111637 -0.00151087389 -0.00248584708 -0.00409651224 -0.00600439995 -0.00756116382 -0.00828138772 -0.0082528971 -0.00798449747 -0.00809620261 -0.00889036201 -0.0101633136 -0.0117021787 -0.0128233389 -0.0126952829 -0.0106347568 -0.00686849752 -0.00229371784 0.00161572056 0.00462418315 0.00733008404 0.00919775475 0.00948862856 0.00868884334 0.00728422911 0.00560278196 0.00365097812 0.00167176065 2.3948629e-05 -0.00120238094 -0.00195412462 -0.00222945068 -0.00200419177 
-0.000789401665 -0.00114709102 -0.00175322973 -0.00284436339 -0.00441952281 -0.00615682979 -0.00746358507 -0.008070638 -0.00811441874 -0.00794555402 -0.00806230171 -0.00861569263 -0.00958432272 -0.0110519729 -0.0127078415 -0.0135654082 -0.0125525433 -0.00943802724 -0.0050753102 -0.00115063484 0.00183817544 0.0045313488 0.0062511072 0.00626908656 0.005363704 0.00391595307 0.00216002644 0.000422955793 -0.00102928705 -0.00189079398 -0.00244408523 -0.00271131524 -0.00267684716 -0.00226458042 
-0.000781244991 -0.00118216562 -0.00184993871 -0.00297502212 -0.00448746276 -0.00599306519 -0.00716068477 -0.00772363766 -0.00774661785 -0.00773368403 -0.0079656047 -0.00847255561 -0.00931204767 -0.0107220922 -0.0126323678 -0.0141534464 -0.0139363701 -0.0113141002 -0.00749678138 -0.00383906796 -0.000623520713 0.00182532885 0.00327379623 0.00356571656 0.00249886293 0.000854263518 -0.000879551573 -0.00247237374 -0.00352396594 -0.00400794995 -0.00389979377 -0.00359424442 -0.00317881676 -0.0025351256 
-0.000772263653 -0.00119363384 -0.00188812523 -0.00301230748 -0.00446726225 -0.00589570552 -0.00695696891 -0.00747110957 -0.00756341598 -0.00767186146 -0.0080369925 -0.00866234682 -0.00943936718 -0.0106956591 -0.0125599713 -0.014038699 -0.0140554878 -0.0120557175 -0.00873100991 -0.00531513667 -0.00230365794 9.34652154e-06 0.00136226646 0.00151964632 0.000449095345 -0.00128615304 -0.00315295848 -0.00478584318 -0.00570295812 -0.00581840156 -0.00523308568 -0.004445544 -0.00365621467 -0.00278068942 
-0.00078085819 -0.00123104877 -0.00197631286 -0.00316335841 -0.004677571 -0.00617638221 -0.0072787455 -0.00785441269 -0.00806220725 -0.00825826495 -0.00866639007 -0.00932911562 -0.00996785181 -0.0109347398 -0.0124382332 -0.0133865119 -0.0132130235 -0.011640115 -0.00884787458 -0.00588292972 -0.00331025591 -0.0013291443 -0.000162484513 -4.9223632e-05 -0.000954132488 -0.00265452089 -0.00461910731 -0.00629601908 -0.00712138855 -0.00698374122 -0.00609107157 -0.00499793881 -0.00397463424 -0.00294592002 
-0.000821630568 -0.0013247638 -0.00216892749 -0.00351346867 -0.00523293846 -0.00692926483 -0.00824890465 -0.00903532182 -0.00941392112 -0.00967575028 -0.00999718542 -0.0102518084 -0.0107488612 -0.0114689422 -0.0120434353 -0.0125410316 -0.0122244727 -0.0107455241 -0.00869642813 -0.00654718462 -0.00465702199 -0.00317243096 -0.00217924625 -0.00177190719 -0.00225853989 -0.00370029333 -0.00562629902 -0.00713644651 -0.00770457129 -0.00724965161 -0.00624500503 -0.00511257368 -0.00405696946 -0.00300117811 
-0.000895287811 -0.00146288978 -0.00242009935 -0.00394161327 -0.00590032196 -0.00789024302 -0.00949485398 -0.0105471938 -0.0111111463 -0.0113194916 -0.0113526672 -0.0112798914 -0.0113304284 -0.011584754 -0.0118439299 -0.0118662924 -0.0113238139 -0.0101947128 -0.00898305612 -0.0077716552 -0.00662700956 -0.00553179338 -0.00449022864 -0.00364183549 -0.00361572926 -0.00464744414 -0.00620614592 -0.00731695124 -0.00751031358 -0.00688476239 -0.00589739051 -0.00488998698 -0.00395795453 -0.0029729241 
-0.000995611496 -0.00161680551 -0.00265085236 -0.00428536307 -0.0064039976 -0.00861711659 -0.0104492724 -0.0117197408 -0.0124334791 -0.0125832024 -0.0123263992 -0.0118799309 -0.0114511156 -0.0113074813 -0.011398224 -0.0111135786 -0.0104249164 -0.00960847645 -0.00915426023 -0.00876986661 -0.00818614967 -0.00728109227 -0.00609686019 -0.00490542182 -0.00452403164 -0.00516645032 -0.00625610472 -0.0069407804 -0.00685309334 -0.00619831786 -0.00535160864 -0.00455776039 -0.00380391256 -0.0029224871 
-0.00111493405 -0.00176364947 -0.00280482304 -0.00444067143 -0.0065764867 -0.00879940765 -0.0107471455 -0.0121493759 -0.0128891241 -0.0130479601 -0.0126221413 -0.0117403813 -0.0109361396 -0.0105618787 -0.0103039099 -0.00982068163 -0.00896774598 -0.00844766859 -0.00839475893 -0.00849239833 -0.00821913736 -0.00743295088 -0.00625861603 -0.00522292965 -0.00475227357 -0.00510681154 -0.00581157072 -0.00620430014 -0.00603518087 -0.00548990193 -0.0048592031 -0.0042847384 -0.00369082936 -0.00289332065 
-0.00124961318 -0.00189313327 -0.00285299548 -0.00432659894 -0.00626329342 -0.0083309671 -0.0101717588 -0.0115379346 -0.0123260689 -0.012518345 -0.0120261092 -0.0109755797 -0.00990341139 -0.00930586255 -0.00893972094 -0.00817672145 -0.0070416385 -0.00630058488 -0.00636057798 -0.00672327832 -0.00674905171 -0.00626450862 -0.00544266682 -0.0047291637 -0.00445061923 -0.00471549853 -0.00518204356 -0.00542930314 -0.00530341347 -0.00494012834 -0.00452615466 -0.0041308588 -0.00364734779 -0.00289726382 
-0.00139350674 -0.00200489831 -0.00280756566 -0.00397937177 -0.005518225 -0.00720180071 -0.00873691262 -0.00993242626 -0.0107165296 -0.0110062538 -0.0106669808 -0.00980585195 -0.00881543989 -0.00815116266 -0.0076149412 -0.00645402936 -0.00494281792 -0.00385108397 -0.00384236885 -0.00433933346 -0.00467407307 -0.00462131334 -0.00432037953 -0.00405405544 -0.00404817181 -0.00431588446 -0.00465734054 -0.00484162347 -0.00479103807 -0.00459084646 -0.00434611478 -0.00407249601 -0.00365189728 -0.00291942182 
-0.00153385561 -0.00210293735 -0.0027199878 -0.00353051068 -0.00457559726 -0.00574064542 -0.00684592229 -0.00777452692 -0.00848169091 -0.0088909236 -0.00886271902 -0.00837657331 -0.00782404262 -0.00732774748 -0.00643648099 -0.00499150729 -0.0032503882 -0.00218675665 -0.0020082191 -0.00247090356 -0.00300349504 -0.00331727678 -0.00345459399 -0.00356711458 -0.00376975869 -0.0040586865 -0.00433026124 -0.00448315321 -0.00448819222 -0.00439734751 -0.00425963384 -0.00405759127 -0.00366774356 -0.00293755292 
-0.00164785984 -0.0021809891 -0.00263743782 -0.00313140122 -0.00373176463 -0.00441110793 -0.00509079635 -0.00571862681 -0.00627611827 -0.00671051124 -0.0069225016 -0.00687749331 -0.00671954554 -0.00640509545 -0.00558538623 -0.0042001673 -0.00260320334 -0.00155767731 -0.00130349243 -0.00166412504 -0.00220743298 -0.00267526344 -0.00303487095 -0.00333953625 -0.00363446101 -0.00391521912 -0.00413681264 -0.004264922 -0.00429810194 -0.0042666628 -0.00418736013 -0.00402351948 -0.00364938524 -0.00292067338 
-0.0016922083 -0.0021948106 -0.00253989372 -0.00281915337 -0.00311338089 -0.00344599813 -0.00380259007 -0.00417144675 -0.00455188196 -0.00492322209 -0.00522767978 -0.00542879388 -0.00551856646 -0.00538840208 -0.00482792865 -0.00379575066 -0.00261108526 -0.0017589743 -0.00149008405 -0.00169790317 -0.00211368036 -0.00254039187 -0.00291680119 -0.00324398146 -0.00352871179 -0.0037673826 -0.00394194249 -0.00404622344 -0.00408713751 -0.00408301887 -0.00403284641 -0.00389114955 -0.0035331474 -0.00282142088 
-0.00159393761 -0.00204696049 -0.00231560603 -0.00247409506 -0.00260100658 -0.00273824891 -0.00289923173 -0.00309129185 -0.0033225677 -0.00359047457 -0.00387024627 -0.00412412328 -0.00430144644 -0.0043024805 -0.00400272772 -0.00339091203 -0.00265754771 -0.00209263238 -0.0018664265 -0.001950031 -0.00220044944 -0.00249677876 -0.00278378109 -0.00304126705 -0.00326210501 -0.00344031029 -0.00356805657 -0.00364723789 -0.00368465199 -0.00368970956 -0.00365365921 -0.00353013892 -0.00320472632 -0.00255329513 
-0.00129367724 -0.00165202848 -0.00185231671 -0.00194836044 -0.00200158985 -0.00205081768 -0.0021158655 -0.00220873194 -0.00233815899 -0.00250794592 -0.00270872343 -0.00291311967 -0.00307496754 -0.00312658566 -0.00300357478 -0.00270315192 -0.00232166875 -0.00200614413 -0.00185517105 -0.00187147111 -0.0019949549 -0.00216398305 -0.00234238696 -0.00250922133 -0.00265398162 -0.00277123692 -0.00285587966 -0.00291042644 -0.00293861225 -0.00294369233 -0.00291453193 -0.00281203127 -0.0025478051 -0.00202737743 
-0.00134263912 -0.00168808062 -0.00185067761 -0.00190463487 -0.00194085536 -0.00201307515 -0.00212983767 -0.00227176562 -0.00241876495 -0.00256905196 -0.00273095105 -0.00290896677 -0.00309412861 -0.00326857195 -0.0034141767 -0.00352488629 -0.00360507413 -0.00365950304 -0.00367798682 -0.00364526829 -0.00355189513 -0.00339300438 -0.00316570018 -0.00287516634 -0.00255224985 -0.0022507662 -0.00201865795 -0.00188174551 -0.00184094473 -0.00187927661 -0.00195909723 -0.00201222044 -0.00192540433 -0.00158825865 
-0.00167714753 -0.0021066407 -0.00230675617 -0.00238427801 -0.0024703668 -0.00263474723 -0.00287551048 -0.00313550902 -0.00337384233 -0.00359261396 -0.00381900482 -0.00406920259 -0.0043286907 -0.00456229421 -0.00473575349 -0.00483218704 -0.00486385832 -0.00484379153 -0.00475428571 -0.00456146718 -0.00425319913 -0.00384067063 -0.00332385717 -0.00272219824 -0.00210643645 -0.00158173044 -0.0012326788 -0.00109668182 -0.00115539834 -0.0013655548 -0.00166252821 -0.00193389102 -0.00201020594 -0.00173934495 
-0.00181807532 -0.00228028551 -0.00250577287 -0.00263002842 -0.00280876103 -0.00312175347 -0.00354442117 -0.00397157372 -0.00432528795 -0.00461773755 -0.00490873808 -0.00523294424 -0.00556700406 -0.00585773587 -0.00604298234 -0.00608640724 -0.00600633425 -0.00583589686 -0.00554826196 -0.00507170081 -0.00439114715 -0.00354680691 -0.00255553515 -0.00145685744 -0.000393636659 0.0004503902 0.00093934579 0.0010247644 0.000762638352 0.000241999019 -0.000435843656 -0.00109959941 -0.00151046067 -0.00148297034 
-0.00183254576 -0.00230365392 -0.00256486431 -0.00276853016 -0.00309103981 -0.0035751483 -0.00421786639 -0.00482875281 -0.00531704573 -0.00569429945 -0.00605992748 -0.00646841254 -0.00687835411 -0.00721722093 -0.00742022184 -0.00737630105 -0.00714216845 -0.00676015421 -0.00620573507 -0.00536829165 -0.00417377861 -0.00276033605 -0.00112850931 0.000648142875 0.00230314731 0.00355307827 0.00422723333 0.00422782919 0.00368379046 0.0027501614 0.00153677467 0.000321184541 -0.000578085634 -0.000934834502 
-0.00179776415 -0.00228295731 -0.00259990361 -0.00292070456 -0.00341266445 -0.00405682869 -0.00488715818 -0.00565070666 -0.00626552761 -0.00674799822 -0.00720627671 -0.0077094148 -0.00817731705 -0.00853979535 -0.00874703114 -0.00860376084 -0.00819436611 -0.00756314987 -0.00671605505 -0.00551165747 -0.00378263486 -0.00177032518 0.000556994781 0.00308778995 0.00537991494 0.00706607976 0.00795756488 0.00788553477 0.00705743389 0.00569105485 0.00387552127 0.0020264374 0.000563665141 -0.000246689999 
-0.00175188028 -0.00226338135 -0.00265529774 -0.00308243187 -0.0036945998 -0.00457784409 -0.00547943762 -0.00631639327 -0.00700919652 -0.00762984116 -0.00821788715 -0.00877089697 -0.00929345506 -0.00967458113 -0.00973879153 -0.00952444385 -0.00895251339 -0.00808513572 -0.00689026479 -0.00530247154 -0.00331722356 -0.00073115855 0.00224186699 0.00532326424 0.0081922151 0.010299723 0.0112677083 0.0112356782 0.0102678481 0.00844222784 0.00611851835 0.0036956675 0.00169492906 0.000445131459 
-0.00170622123 -0.00225098568 -0.00272555014 -0.00327812037 -0.00401763929 -0.00491490866 -0.00586095891 -0.00674978555 -0.00753348321 -0.0082768434 -0.00895836224 -0.00957988325 -0.0100694707 -0.0103969835 -0.0104436257 -0.0101375314 -0.00939456678 -0.00824217537 -0.00674979902 -0.00487873264 -0.00250240384 0.000402493233 0.00370794315 0.00713923711 0.0102763939 0.0125865141 0.0137292805 0.0137198263 0.0126386869 0.0106236541 0.00789849727 0.00502686595 0.00261019257 0.00101540735 
-0.00166418526 -0.00223425871 -0.00277259918 -0.00342250009 -0.00425970947 -0.00514948732 -0.00612532561 -0.00703423814 -0.00785557951 -0.00866450606 -0.00939241977 -0.0100549189 -0.0105107481 -0.010797617 -0.0108436366 -0.0104636077 -0.00957243407 -0.00815639137 -0.00637701053 -0.00422152982 -0.00150259422 0.00156285121 0.00494990806 0.00843218314 0.0115637691 0.0139006649 0.0151542431 0.0151625617 0.0139995285 0.0118866644 0.00891863473 0.00580057129 0.00316671829 0.00137839883 
-0.00162477514 -0.00220839819 -0.00278424539 -0.00347125413 -0.00433886885 -0.00538581607 -0.006310757 -0.00714263762 -0.00796471576 -0.00875037031 -0.00948784412 -0.010061895 -0.010569697 -0.0109047373 -0.0109311931 -0.0105160915 -0.00951618307 -0.00796948521 -0.00589210836 -0.00339249662 -0.000619611553 0.00258344515 0.00593942929 0.00921379449 0.0121849551 0.0144666111 0.0156913063 0.0157419555 0.0145479655 0.0121388176 0.00912823525 0.00599846586 0.00334106889 0.00151588363 
-0.00158263774 -0.00216946093 -0.00276204467 -0.00348316229 -0.00438344532 -0.00538741725 -0.00627252426 -0.00702510732 -0.00772220863 -0.0084021774 -0.00907299717 -0.00970909191 -0.0102485339 -0.0106309627 -0.0107130238 -0.0103037027 -0.00927331854 -0.00761243521 -0.00538892405 -0.00271970163 0.000266119075 0.00342634902 0.0065820326 0.00958657783 0.0122977735 0.0144226676 0.0156254084 0.0155777355 0.0142477087 0.0118443856 0.00882339976 0.00576695987 0.00321020159 0.00146031382 
-0.00152299396 -0.00208204434 -0.00264564696 -0.00332851951 -0.00417807199 -0.0050795023 -0.00590111042 -0.00658124476 -0.00717388132 -0.00774865064 -0.0083479612 -0.00904604543 -0.00962147317 -0.0100607321 -0.0102123491 -0.0098134748 -0.00875805578 -0.00701382205 -0.00471134951 -0.00198396054 0.00107160676 0.00407346586 0.00696552005 0.00968215155 0.0121094172 0.0140065675 0.0150788608 0.0148462472 0.0133742166 0.0110442099 0.00811076353 0.00522532251 0.00285781111 0.00125999137 
-0.00142360542 -0.00190202468 -0.00234900878 -0.00288961078 -0.00358259256 -0.00437976143 -0.00516284228 -0.00585433908 -0.00644441857 -0.00701668761 -0.00765200575 -0.00826745535 -0.0089648143 -0.00950180752 -0.00963228438 -0.00918258153 -0.00802136057 -0.00619188901 -0.00376441966 -0.000983104178 0.00181537928 0.00465039449 0.00731388038 0.00974798874 0.0119046345 0.0135306276 0.014168286 0.0137408547 0.0121919902 0.00971658723 0.00701147271 0.00443041535 0.00233800042 0.000956211815 
-0.00127532616 -0.00161674419 -0.00186394644 -0.00216859261 -0.00267580105 -0.00335821331 -0.00423076068 -0.00507024086 -0.00577669132 -0.00641704969 -0.00711251951 -0.00787836019 -0.00866046636 -0.00921544525 -0.00930464247 -0.00868758405 -0.00731084606 -0.00527992999 -0.00272603024 4.63940586e-05 0.00275402282 0.00539315775 0.00782065832 0.00999191284 0.0118093314 0.0130417462 0.0133531937 0.0125500348 0.0107573682 0.00829127745 0.00576269295 0.00348073606 0.00170585645 0.000579174836 
-0.00110202746 -0.00128841287 -0.00130851184 -0.00138601643 -0.00177597988 -0.00246618535 -0.00356721824 -0.00465877642 -0.00554169592 -0.00630260862 -0.00707763609 -0.00797102301 -0.00881469901 -0.00935484993 -0.009358447 -0.00849712405 -0.00680847389 -0.00449809537 -0.00174947438 0.00106679543 0.00372518653 0.00624067407 0.00849769506 0.0104331061 0.0119120673 0.0127356609 0.0126991588 0.0115136228 0.00944762804 0.00692426898 0.00452300435 0.002510133 0.00103082554 0.000166481217 
-0.000952938562 -0.0010323516 -0.000920913262 -0.000872503662 -0.00127199 -0.0023905539 -0.00371496343 -0.00495274075 -0.00594466642 -0.00674957552 -0.00754431538 -0.00841343048 -0.00933585145 -0.00992959498 -0.00974648881 -0.00869623576 -0.00668380369 -0.00391176851 -0.000953452626 0.00191843176 0.00463767008 0.00708214834 0.00922130885 0.0109315762 0.0121219529 0.0125661517 0.0119842066 0.0104976289 0.00825294212 0.0057652242 0.00344829231 0.0016236155 0.000391839168 -0.000239068907 
-0.000870724535 -0.000950065794 -0.000890241548 -0.00100123439 -0.00166715857 -0.00303998119 -0.00457351836 -0.00584737397 -0.00673162236 -0.00741157211 -0.00811933989 -0.00894441272 -0.00994031151 -0.0106065895 -0.0104763473 -0.00923566654 -0.00688184501 -0.00369135471 -0.000459462616 0.00253568243 0.00527132328 0.00767866117 0.00971774995 0.0112458987 0.0120509437 0.0120376935 0.0110680956 0.00937955447 0.00708970482 0.00466058294 0.00248164921 0.000845617448 -0.000182181711 -0.000615508396 
-0.000864814506 -0.00103817179 -0.00118455305 -0.00159323844 -0.00257230078 -0.00411897735 -0.00568534945 -0.00682509993 -0.00747207488 -0.0079375641 -0.00851900131 -0.00928273771 -0.0103647636 -0.011163058 -0.0111829252 -0.00993652049 -0.00743848451 -0.00395044655 -0.000491431904 0.00263261048 0.00542182303 0.00779794769 0.00970444935 0.0109647273 0.0113372017 0.0108955026 0.00963369922 0.00789031967 0.00571925923 0.00348364384 0.00153673045 0.000117727809 -0.000712563511 -0.000969684706 
-0.000907714592 -0.0012139474 -0.00159792418 -0.00231039786 -0.0035197813 -0.00504449651 -0.00650548445 -0.00747117616 -0.00793140861 -0.00816662558 -0.00857494831 -0.00949445385 -0.0105449177 -0.0114356611 -0.0115563139 -0.0105502242 -0.0082187934 -0.00504445959 -0.00137977856 0.00195478581 0.00471614474 0.00712606463 0.00892355 0.00973674684 0.00967335378 0.00889453689 0.00769621165 0.00596768368 0.0040028747 0.00207921885 0.000498486943 -0.000625515627 -0.00123603216 -0.00131468498 
-0.000964991331 -0.00138911319 -0.00195744522 -0.00285566511 -0.00414878157 -0.00563469861 -0.00693214798 -0.00775115336 -0.00812949581 -0.00830711323 -0.00865206959 -0.00940320913 -0.010354552 -0.0113081431 -0.0117823784 -0.0113113941 -0.00951274787 -0.00661703209 -0.00301871642 0.000361062176 0.00313419068 0.00552087292 0.00717181569 0.00765692434 0.00733291281 0.00639817977 0.00510064734 0.00351649499 0.00188787437 0.000482709795 -0.000648072445 -0.00141874384 -0.00177468811 -0.0016599 
-0.00101492902 -0.00152247102 -0.00220564403 -0.00319398761 -0.00448474735 -0.00590599522 -0.00705856192 -0.00778385844 -0.00817190163 -0.00836307224 -0.00868394785 -0.00928587757 -0.0101150219 -0.0110986209 -0.0119581151 -0.0120646539 -0.0108852596 -0.00842951932 -0.00504234607 -0.00172313065 0.000945802706 0.00328688958 0.00482496954 0.00507350277 0.0046439834 0.00365565861 0.00229509353 0.000886829191 -0.000385670455 -0.00124596479 -0.00189886139 -0.00227593385 -0.00233416632 -0.00200652212 
-0.00105301704 -0.00161323374 -0.00236179689 -0.00340105551 -0.00468613889 -0.00596419399 -0.00706024101 -0.00777012755 -0.00809454125 -0.00836163731 -0.00873191403 -0.00926983505 -0.0100222122 -0.0110253712 -0.0120890039 -0.0126481648 -0.0119947867 -0.00981647719 -0.00688011049 -0.00386720306 -0.0010419836 0.00103179763 0.00229690984 0.00280210405 0.00220319185 0.00105907784 -0.000220342058 -0.00147827712 -0.00243363949 -0.00307498473 -0.00323488683 -0.00316164492 -0.0028956193 -0.00234015612 
-0.00108701761 -0.00168315173 -0.00247498789 -0.00354049338 -0.00481604375 -0.00608468551 -0.00713656849 -0.00783000054 -0.00820371841 -0.00851972279 -0.00892591831 -0.00950142592 -0.0101707413 -0.0110646021 -0.0121739287 -0.012764493 -0.0123083276 -0.0105923061 -0.00801520835 -0.00525419903 -0.00270012579 -0.000764054778 0.000414493343 0.00076272623 0.000173764689 -0.000979577349 -0.00227597036 -0.00346668011 -0.00424519778 -0.00456537622 -0.00437008801 -0.00394673431 -0.00338871229 -0.00262829141 
-0.00112959174 -0.00176435045 -0.00260938159 -0.00373587118 -0.00506924775 -0.00641212887 -0.00751002884 -0.00825633532 -0.00871445488 -0.00906423454 -0.00945360922 -0.0100296572 -0.0105455499 -0.0112047058 -0.01215841 -0.0124944412 -0.0120015691 -0.0106488418 -0.00846359392 -0.00608651167 -0.00393009946 -0.00223969888 -0.00118481266 -0.000916228086 -0.00140883317 -0.00249859164 -0.00377323537 -0.00489482886 -0.00551907499 -0.00558543039 -0.00513460248 -0.00447398325 -0.00373140345 -0.00283092615 
-0.00118976759 -0.00187466707 -0.00279715985 -0.00403411811 -0.0055076676 -0.00697406885 -0.00821517418 -0.0090967904 -0.00966245546 -0.0100613306 -0.0104039258 -0.0106293827 -0.0110586031 -0.0115745378 -0.0118071046 -0.0119837412 -0.0115367166 -0.0102335283 -0.00857538414 -0.00679612253 -0.00514530641 -0.00379914731 -0.00286981088 -0.00244832802 -0.00272498433 -0.00362977227 -0.00484130743 -0.0058076973 -0.00622059137 -0.00599030786 -0.0054112793 -0.00468193099 -0.00388003748 -0.00292958528 
-0.00126617143 -0.00200377433 -0.00300590247 -0.0043572498 -0.00597862586 -0.00763202618 -0.00904331494 -0.010073922 -0.0107428774 -0.0110934637 -0.0112444436 -0.011272198 -0.0113663506 -0.011523082 -0.0115863939 -0.0114638946 -0.0109183302 -0.00987495335 -0.00873816434 -0.0075647346 -0.00643990088 -0.00538684299 -0.00449177212 -0.00386624576 -0.00386822677 -0.00450759625 -0.00545696107 -0.0061584291 -0.00632474148 -0.00596036595 -0.00533616387 -0.00463124878 -0.00387085767 -0.00294196654 
-0.0013509704 -0.00212791268 -0.00318108795 -0.00460185975 -0.00631749816 -0.00811064176 -0.00965099014 -0.0107965682 -0.0115369628 -0.0118248943 -0.0117763189 -0.0115753398 -0.0113238949 -0.0111595354 -0.0111052304 -0.0107649133 -0.0101590767 -0.00933172916 -0.00866568834 -0.00802598491 -0.00731012031 -0.00647057842 -0.00559008901 -0.00481142339 -0.00461020774 -0.00499570669 -0.00563275439 -0.00606273517 -0.0060401728 -0.00563763821 -0.00506053807 -0.00445345729 -0.0037825974 -0.0029108939 
-0.00143504874 -0.0022258118 -0.00327667231 -0.00469191722 -0.00641049843 -0.00817764518 -0.00978189712 -0.0110004983 -0.0117086411 -0.011980162 -0.0118258175 -0.0113404769 -0.0108599722 -0.010522483 -0.0101182198 -0.00963128732 -0.0089333663 -0.00839225411 -0.00799077589 -0.0076827922 -0.007221193 -0.00654771183 -0.00574589949 -0.00514191143 -0.00485764539 -0.00503903177 -0.00543107098 -0.00566367615 -0.00556554512 -0.00520456674 -0.00474031159 -0.00425675613 -0.00368411555 -0.00287135934 
-0.00151473222 -0.00228739637 -0.00326820875 -0.00456087719 -0.00613171477 -0.00778122948 -0.00929062109 -0.01046131 -0.0111789884 -0.0114391281 -0.0112244279 -0.0106522567 -0.00999435705 -0.00947271558 -0.00898888645 -0.00830336228 -0.007454137 -0.00678843507 -0.00651489967 -0.00643358826 -0.0062313453 -0.00581396458 -0.00526642682 -0.00483993711 -0.00465620791 -0.00478191758 -0.00503076339 -0.00516425424 -0.00506943525 -0.00480276028 -0.00446735919 -0.0041011439 -0.00360950773 -0.00284137159 
-0.00158721889 -0.00231530611 -0.00316684024 -0.0042426154 -0.00554002346 -0.0069267032 -0.00821541939 -0.00925046749 -0.00994280864 -0.0102341153 -0.0100860062 -0.00961559656 -0.00897169371 -0.00837616018 -0.00781979527 -0.0069091428 -0.00586985124 -0.00500027372 -0.00474606318 -0.00480056485 -0.00483699593 -0.00471787913 -0.00449852603 -0.00432137121 -0.00429927498 -0.0044370108 -0.00462346367 -0.00471833432 -0.00466174763 -0.00449277355 -0.0042699755 -0.00399437159 -0.00355932597 -0.00281955154 
-0.00164732038 -0.00231755651 -0.003013983 -0.00382682586 -0.00478614503 -0.00582050062 -0.0068078949 -0.00764517847 -0.00826682983 -0.00861899052 -0.00864522271 -0.00833897667 -0.00794084153 -0.00746313405 -0.00665323093 -0.00561105964 -0.00444936577 -0.00370554893 -0.00337716831 -0.00344331416 -0.00363112129 -0.00375732386 -0.00381230224 -0.00386651271 -0.00397822957 -0.00414564114 -0.00430359115 -0.00438592859 -0.00436719126 -0.00427322541 -0.00413045705 -0.00391619566 -0.00351724809 -0.00279505216 
-0.00168170551 -0.0022939184 -0.00284424153 -0.00341194025 -0.00404934491 -0.00473829176 -0.00541778295 -0.00603127783 -0.00654060925 -0.00690092715 -0.00706361633 -0.00701418552 -0.00683465071 -0.00647756822 -0.00576262656 -0.00476785736 -0.00369121984 -0.00295282634 -0.00263103904 -0.00269265081 -0.00292473308 -0.00317017409 -0.00337838919 -0.00356346154 -0.00374662891 -0.00392275263 -0.00406064985 -0.0041352492 -0.00414129551 -0.00409469411 -0.00400190903 -0.0038262722 -0.00345176337 -0.00274515182 
-0.00165873438 -0.00221355351 -0.00264505611 -0.00302407046 -0.0034146302 -0.00383214306 -0.00425867137 -0.00467022949 -0.00504757979 -0.00536757489 -0.00559294462 -0.00570357133 -0.00568868635 -0.00547698638 -0.00497121797 -0.00419300752 -0.00335209691 -0.00271582356 -0.00242889848 -0.00245210356 -0.00265027687 -0.00289642724 -0.00313293951 -0.00334642299 -0.00353508978 -0.00369404908 -0.00380918052 -0.00387437428 -0.00389182347 -0.00387130707 -0.00380782131 -0.00365838536 -0.00330784142 -0.00262813445 
-0.00151880996 -0.00199872007 -0.00233239881 -0.00258125854 -0.00280974138 -0.00304729777 -0.00329746898 -0.00355489233 -0.00381284327 -0.00406052538 -0.00427802397 -0.00443793065 -0.0045043365 -0.00441663818 -0.00411255167 -0.00361238895 -0.00304436825 -0.00259214797 -0.00236287477 -0.00235330324 -0.00248104007 -0.00266466854 -0.00285643422 -0.00303402991 -0.00318805719 -0.00331272661 -0.00340100677 -0.00345330106 -0.0034729663 -0.00346466106 -0.00341846879 -0.00329164774 -0.00297846902 -0.0023633356 
-0.00120952302 -0.00157681528 -0.00181711195 -0.00197673479 -0.00210677021 -0.00223576278 -0.00237449011 -0.00252532362 -0.00268704399 -0.00285576838 -0.00302039644 -0.00315981839 -0.00324083205 -0.00322115932 -0.00306799612 -0.00279230508 -0.00246731207 -0.00219368603 -0.00204112542 -0.0020165348 -0.00208225083 -0.00219354325 -0.00231918057 -0.00243974774 -0.00254519378 -0.00263061836 -0.00269138903 -0.00272894096 -0.00274523121 -0.00274122218 -0.00270594384 -0.0026036064 -0.00235308907 -0.00186610868 
-0.00106309963 -0.00135471019 -0.00151915414 -0.00161023486 -0.00168957358 -0.0017923902 -0.0019253371 -0.00207721007 -0.00223480181 -0.00239387266 -0.00255501568 -0.00271786669 -0.00287348485 -0.00300846402 -0.00310913396 -0.00316832328 -0.00318478549 -0.00315849381 -0.00308348094 -0.00295211197 -0.00276072349 -0.00251123754 -0.00221147655 -0.00187790678 -0.00154258725 -0.00124866401 -0.00103296815 -0.000916635465 -0.000899854914 -0.000965203764 -0.00107736888 -0.00117873995 -0.00118357045 -0.00101050936 
-0.00133736327 -0.00170899445 -0.00192357587 -0.00205555478 -0.00218923929 -0.00236898146 -0.00259705945 -0.00284464918 -0.00308580904 -0.00331511852 -0.00354105917 -0.00376622798 -0.00397733791 -0.0041511909 -0.00426480991 -0.0043031886 -0.00426554761 -0.00415623027 -0.00396607129 -0.00367745243 -0.00328659594 -0.00280592699 -0.00225153874 -0.00165579238 -0.0010804494 -0.000602582542 -0.000283918794 -0.000156303901 -0.000209761575 -0.000407391 -0.000691019805 -0.000971023084 -0.00112146156 -0.00103165472 
-0.00146876028 -0.0018831147 -0.00213889524 -0.00232440752 -0.00253434333 -0.00281614226 -0.00316513697 -0.00353114588 -0.00386782271 -0.00416971163 -0.00445740871 -0.00474053858 -0.0049994964 -0.00520299396 -0.00531404151 -0.00530336984 -0.00516985616 -0.0049272239 -0.0045630879 -0.00404170422 -0.00335692143 -0.00254096033 -0.00162583612 -0.000664843493 0.000234274111 0.000947694631 0.00138113686 0.0014903122 0.00130418129 0.000891044666 0.000336801784 -0.000228740021 -0.000636338435 -0.000752540576 
-0.00150657505 -0.00194451691 -0.00224337726 -0.00249960557 -0.00281257907 -0.003201468 -0.00369079402 -0.00418380788 -0.00462682481 -0.00500530125 -0.00535689945 -0.00570075402 -0.0060014837 -0.00622196142 -0.00633150937 -0.00624696549 -0.00598918258 -0.00557261491 -0.00499242581 -0.00419152723 -0.00312404158 -0.00189831703 -0.000535464665 0.000889223053 0.0021832173 0.00317322568 0.00374971089 0.0038178045 0.00345140366 0.00276762467 0.00185432809 0.000910113918 0.000151978803 -0.000263206996 
-0.00150489326 -0.00196444165 -0.00231205793 -0.00265430572 -0.00308798274 -0.00357505514 -0.00419878971 -0.00480336529 -0.00534688961 -0.00580518274 -0.0062255089 -0.00663663511 -0.00696841185 -0.00718565126 -0.00728756448 -0.00711279707 -0.00671707604 -0.00610271866 -0.00528959032 -0.00420532785 -0.00272842773 -0.00108352738 0.000750468237 0.00267847572 0.00438334767 0.00565555985 0.00639369994 0.00641795638 0.0058630069 0.00490253853 0.00359185694 0.00222624428 0.00107606193 0.000321068664 
-0.00149094733 -0.00197587097 -0.00237760723 -0.00278785557 -0.00329509116 -0.00398295654 -0.00467024233 -0.00534361418 -0.00593884346 -0.0064911759 -0.00700013893 -0.00744263804 -0.00781979744 -0.00805350343 -0.00801873237 -0.00777969694 -0.00725324396 -0.00646564508 -0.00537696495 -0.00396750746 -0.00230119102 -0.000222558531 0.00207000772 0.00435566931 0.00644995524 0.00801073548 0.00877210491 0.00882745177 0.00817750813 0.00688408473 0.00524436806 0.00350018493 0.00197777033 0.000896547838 
-0.00147339221 -0.00198602209 -0.00244434946 -0.0029388646 -0.00354128287 -0.00424596001 -0.00499823193 -0.0057274348 -0.00638577529 -0.00700685195 -0.00757121939 -0.00807220085 -0.00843937814 -0.00863542289 -0.00858402925 -0.00825573031 -0.00759542504 -0.00659855233 -0.00528902795 -0.00365023345 -0.00164806898 0.000683509213 0.00323103224 0.00578806022 0.00807835526 0.00977680014 0.0106580186 0.0106983938 0.0099397945 0.00851127564 0.00658827646 0.00453268873 0.00271428869 0.00137156404 
-0.00145325352 -0.0019869571 -0.00248958587 -0.00305008238 -0.00372499549 -0.00442033702 -0.00521349267 -0.00597514455 -0.00666036405 -0.0073218888 -0.00790939946 -0.00845321534 -0.0088015589 -0.00897034392 -0.00891148666 -0.00851269221 -0.00773438766 -0.00654238938 -0.00503243962 -0.00319180077 -0.000909867449 0.0015614313 0.00420838335 0.00685603726 0.00918160928 0.0109117301 0.0118627046 0.0118847654 0.0110357205 0.00953799015 0.00742367741 0.00517701917 0.00318514196 0.00168323654 
-0.001427043 -0.00197003199 -0.002495303 -0.0030718174 -0.00375025595 -0.00457465089 -0.00532820213 -0.00604661511 -0.00676305731 -0.00742211046 -0.00802969381 -0.00848956312 -0.00887686612 -0.00907363801 -0.00898166792 -0.00853899316 -0.00765913059 -0.00636706406 -0.00463866971 -0.00255517773 -0.000279106533 0.00231831708 0.00499211093 0.00754281766 0.0098055526 0.0115107358 0.0124105317 0.0124469988 0.0115834238 0.00983618338 0.00768649864 0.00540424483 0.00336435378 0.00181234487 
-0.00138858371 -0.0019276085 -0.0024553173 -0.00304368604 -0.00373803947 -0.00452009596 -0.0052608748 -0.00594889614 -0.00660579676 -0.00722269814 -0.00779822077 -0.00831315863 -0.00870622433 -0.00891451872 -0.00884139314 -0.00837423194 -0.00744070724 -0.0060348573 -0.00419725224 -0.0020135454 0.000413337263 0.00297800531 0.00553760572 0.00794233944 0.0100415564 0.0116228509 0.0124831093 0.0124278752 0.0114591442 0.00973152751 0.00754819368 0.00528481794 0.00328877758 0.00177484356 
-0.00132837938 -0.00184004636 -0.00233972499 -0.00289765002 -0.00355666497 -0.00427189349 -0.00498280525 -0.00564160613 -0.00625117302 -0.00682477119 -0.00736707881 -0.00794392037 -0.0083465124 -0.00857279163 -0.00852533623 -0.00803580076 -0.00705469709 -0.00555928416 -0.00365406378 -0.00143312138 0.00106160217 0.00352247035 0.00591583153 0.00813389757 0.0100284987 0.0114220072 0.0121781356 0.0119739146 0.010890376 0.00921616322 0.0070619209 0.00489081394 0.00301187321 0.00160340939 
-0.00123722864 -0.00169016555 -0.00211697951 -0.00259298462 -0.00316524627 -0.00382667565 -0.00451757655 -0.00518665372 -0.0058071067 -0.00639864943 -0.00698429573 -0.00746653497 -0.00794647284 -0.00822800668 -0.00814544994 -0.00761017693 -0.00654250928 -0.00498353228 -0.00297515103 -0.000690797735 0.00161260564 0.00398717897 0.00623225445 0.00824456448 0.00993750319 0.011138794 0.0115650147 0.0112440553 0.0101173035 0.00828163327 0.00626587504 0.00428210336 0.00258311049 0.00133324731 
-0.00111723292 -0.00148397604 -0.00180174988 -0.00216463167 -0.00265516525 -0.00325286247 -0.00399421963 -0.00474290205 -0.00542519723 -0.0060548316 -0.00666416669 -0.00723592182 -0.00773905023 -0.00801667896 -0.00791402745 -0.00727205804 -0.00606600734 -0.0043772338 -0.0022836413 2.08134982e-06 0.00226906665 0.00450487311 0.00657483694 0.00838578358 0.00982329787 0.0107376693 0.0109580265 0.0103902947 0.00910111805 0.00727883457 0.00535301211 0.00354810068 0.0020567908 0.000995769559 
-0.000989564678 -0.00126652855 -0.00146981825 -0.00173614919 -0.00220261089 -0.00279502524 -0.0036652928 -0.00453811431 -0.00530027793 -0.00598548737 -0.00662944435 -0.00727674032 -0.00780038218 -0.00805689302 -0.00791643169 -0.00712607046 -0.00572868275 -0.00387876056 -0.00166046919 0.000662143178 0.00289754243 0.00503610483 0.00695313192 0.00857144535 0.00974687643 0.0103563359 0.0103455596 0.00952056911 0.00807791556 0.00624244477 0.00441145155 0.00277866483 0.0014871356 0.000622623598 
-0.000889006339 -0.00110852915 -0.00125022084 -0.00145850774 -0.00192636453 -0.00282775525 -0.00378635143 -0.0047170264 -0.00553721943 -0.00624297295 -0.00690224388 -0.00752113101 -0.00809385654 -0.00838953605 -0.00811168916 -0.00723081627 -0.00566453071 -0.00351933046 -0.00118618042 0.00116357428 0.00344858178 0.00550705912 0.007297601 0.0087084838 0.00966517947 0.010015321 0.00959203986 0.00857266408 0.00702940654 0.00527303016 0.00352032677 0.00202848037 0.00091978657 0.00024300744 
-0.000842699666 -0.00106795414 -0.00124572496 -0.00154697885 -0.00216779841 -0.00317977392 -0.00426033931 -0.0052237931 -0.00599980481 -0.00665417168 -0.00727354063 -0.00786152844 -0.00846251687 -0.0087847935 -0.0085515481 -0.00757076224 -0.00582541204 -0.00345604913 -0.000969497389 0.00145286902 0.00373441279 0.00573798031 0.0074087731 0.00865856857 0.00934400775 0.00938784821 0.0087126189 0.00754106753 0.00597094199 0.00426665422 0.00264144877 0.00130859874 0.000373027312 -0.000127296103 
-0.000855495751 -0.00114347815 -0.0014405106 -0.00190293927 -0.00268330513 -0.00378238358 -0.00489010087 -0.00580548414 -0.00647342596 -0.00703063101 -0.00759957723 -0.00813170486 -0.00878215326 -0.00916088677 -0.00902334495 -0.0080432321 -0.00625676669 -0.00372915547 -0.00114949409 0.00133089981 0.00363566171 0.00558121264 0.00711929486 0.00817871684 0.00858039753 0.00836995866 0.0074946117 0.00628013035 0.00476883531 0.00319404515 0.00174352837 0.000595193516 -0.000159997487 -0.000489048545 
-0.000908349833 -0.00128450485 -0.00172183799 -0.00235483138 -0.00326781951 -0.00434315994 -0.00541726686 -0.00625219605 -0.00682881787 -0.0072470095 -0.00769498216 -0.00839719161 -0.00902999949 -0.00947064695 -0.00934075274 -0.00849316354 -0.00679011069 -0.00456307484 -0.00187434347 0.000717843282 0.00295114494 0.00488960715 0.00633560545 0.00707530204 0.00720793846 0.00677298583 0.00598910906 0.00476127629 0.0033669562 0.00197600945 0.000780908149 -0.000135185472 -0.000693519502 -0.000846619736 
-0.000976547068 -0.0014355679 -0.00198856636 -0.00273280065 -0.00370025446 -0.00478330001 -0.005778771 -0.0065310441 -0.00704834408 -0.00741628781 -0.00782972293 -0.0084328768 -0.00905776932 -0.00956004019 -0.00964803242 -0.009079331 -0.00767838956 -0.00561151671 -0.00301757853 -0.000448645777 0.00174550871 0.00362931099 0.00495673028 0.00547686523 0.00543605148 0.00490542126 0.00403667037 0.00291213892 0.0017241499 0.000663138953 -0.00023659854 -0.000892045894 -0.00123296302 -0.00120161454 
-0.00104231854 -0.00156732533 -0.00220155294 -0.00301051008 -0.00399073022 -0.00506746636 -0.00598979743 -0.00667942186 -0.00718983745 -0.00753882383 -0.00792420885 -0.0084439046 -0.0090300086 -0.00958915907 -0.00992149067 -0.0096730605 -0.0086055403 -0.00681727236 -0.00438578779 -0.00189682145 0.000159071502 0.00198725371 0.00323573376 0.00355959148 0.00345068164 0.00287974401 0.00196348874 0.000964685152 -3.20597056e-06 -0.000704527553 -0.00129841138 -0.00167042175 -0.00177223095 -0.00154855015 
-0.00110028241 -0.00167412972 -0.00236490423 -0.00322467983 -0.00422916433 -0.0052233122 -0.00613810782 -0.00683168004 -0.00726594938 -0.00764775848 -0.00804795928 -0.00850949582 -0.00906205557 -0.00966157697 -0.0101356455 -0.0101713328 -0.00943722688 -0.00777357135 -0.00568005934 -0.00346898423 -0.00129659162 0.000285159765 0.00129159145 0.00184627251 0.00158244068 0.000900084934 8.00249108e-05 -0.000796166725 -0.00152791193 -0.00212564678 -0.00237503159 -0.00242948798 -0.00228615041 -0.00187134525 
-0.00115339205 -0.00176564023 -0.0024999315 -0.00339351443 -0.00440928006 -0.00542635732 -0.0063280516 -0.00701433461 -0.00748150768 -0.00786809105 -0.00825950834 -0.00872829359 -0.00920930583 -0.00974552345 -0.0102944122 -0.0103831353 -0.00978633453 -0.00845173099 -0.00659916405 -0.00458411458 -0.00266606206 -0.00119482567 -0.000252203913 0.000149724995 -9.59576614e-05 -0.000757338385 -0.00155086122 -0.00232866808 -0.00290906836 -0.00325544412 -0.0032662367 -0.00307883089 -0.00272435146 -0.00214473871 
-0.00120835455 -0.00185788036 -0.00263805442 -0.00358037653 -0.00464261978 -0.00572183892 -0.00665910902 -0.00738175273 -0.00789931065 -0.00829117123 -0.00864071756 -0.00910574021 -0.00946030736 -0.00983082742 -0.0103569878 -0.0103321239 -0.00975764792 -0.00870644078 -0.00711166683 -0.00537417924 -0.00375683456 -0.00245954399 -0.00160350659 -0.00128957013 -0.00148365748 -0.00208685684 -0.00281925882 -0.00350287566 -0.00393052757 -0.00407675894 -0.00389156762 -0.00353262582 -0.00303808559 -0.00234289895 
-0.0012693733 -0.00195928034 -0.00279364701 -0.00380800327 -0.00495863972 -0.00610564647 -0.00712924136 -0.00792868771 -0.00850594567 -0.00892659651 -0.00925857225 -0.00944307515 -0.00976311919 -0.010085843 -0.010086098 -0.0100632979 -0.0096071105 -0.0085625895 -0.0073235347 -0.00597869351 -0.00470077371 -0.00363398489 -0.00288082387 -0.00249682228 -0.00259302376 -0.00307801653 -0.00376128099 -0.00431655786 -0.0045903103 -0.00449247293 -0.00419862805 -0.00376624551 -0.00320719617 -0.00245556649 
-0.00133396524 -0.00206147428 -0.00294630627 -0.00402672029 -0.00525917369 -0.00651386793 -0.00762596519 -0.00849936706 -0.00912633357 -0.00950824682 -0.00971274549 -0.00979574137 -0.00988802406 -0.00996164356 -0.00990808311 -0.00971221007 -0.00922082576 -0.00836401873 -0.00742649867 -0.0064511864 -0.00551030355 -0.0046532492 -0.00396300429 -0.00350736582 -0.00347374818 -0.00381038444 -0.00432319748 -0.00471515435 -0.0048252206 -0.00463082948 -0.00426987286 -0.00381572829 -0.00325290308 -0.00249354131 
-0.00139529766 -0.00214756857 -0.00306134538 -0.00417785113 -0.00545593587 -0.00678809005 -0.00795997778 -0.00888018383 -0.0095369342 -0.00986250683 -0.00993968944 -0.0098986274 -0.00976526922 -0.00961291042 -0.00950612202 -0.00917197488 -0.00866676142 -0.00794320223 -0.00729063407 -0.0066344037 -0.00596927318 -0.00528654569 -0.00466903237 -0.00415833504 -0.004033778 -0.00422576326 -0.00455193443 -0.00478087046 -0.00477104482 -0.00453775044 -0.00417540285 -0.00375036124 -0.00322040363 -0.00248394568 
-0.00144550105 -0.0022013735 -0.00310734778 -0.00421403763 -0.00548759707 -0.0067776723 -0.00797853374 -0.0089316248 -0.00952997396 -0.00983701238 -0.00985348864 -0.00963023126 -0.00937069589 -0.00911624091 -0.00872464837 -0.00830935649 -0.0077558564 -0.00727437065 -0.00677881947 -0.00633758763 -0.00584868752 -0.00531420394 -0.00477715641 -0.0044330984 -0.00425021549 -0.00431768421 -0.0045009197 -0.0046101261 -0.00454317322 -0.00431580955 -0.00400032127 -0.00363275438 -0.00315305739 -0.00245086911 
-0.00148171437 -0.00221578502 -0.00306771914 -0.00408945762 -0.00526121194 -0.00647151345 -0.00759680389 -0.00850002453 -0.00908919638 -0.00936482267 -0.00933129166 -0.00906329044 -0.00868728312 -0.00829949712 -0.00787258378 -0.00733628825 -0.0067210545 -0.00617260539 -0.00579438225 -0.00552111365 -0.00522617805 -0.00487667504 -0.00451370645 -0.00425917817 -0.00413458768 -0.0041708434 -0.00427499984 -0.00432352483 -0.00424667762 -0.00406064293 -0.00381103391 -0.00350931587 -0.00308018074 -0.00241167195 
-0.00150311425 -0.00219332465 -0.00295058735 -0.00382823234 -0.00482562027 -0.00586927543 -0.00684723188 -0.00765092934 -0.00820739883 -0.0084784601 -0.00845853191 -0.00824002129 -0.00784693 -0.00739471872 -0.00695599916 -0.00630239187 -0.00561372776 -0.00495566486 -0.0046361508 -0.00447932935 -0.00435324999 -0.00419641975 -0.00402661261 -0.00390217077 -0.00386608549 -0.00391531702 -0.00399156581 -0.00401957948 -0.00396031371 -0.00382612166 -0.00364235381 -0.00339884371 -0.00301192583 -0.00237129912 
-0.00150832163 -0.00214196798 -0.00278363715 -0.00348580614 -0.00426796765 -0.00508931874 -0.00587260402 -0.00654120916 -0.00703849335 -0.00732982845 -0.00739574765 -0.00722255096 -0.0069618383 -0.00659336977 -0.00596983895 -0.00527404575 -0.00452665298 -0.00403092592 -0.00368478682 -0.00356051595 -0.00354568481 -0.00354329075 -0.00353366531 -0.0035390706 -0.00358148904 -0.00365601492 -0.00372559216 -0.00375201903 -0.00371657667 -0.00362884167 -0.00349769363 -0.00329918239 -0.00294439709 -0.00232643506 
-0.00149018588 -0.00206336002 -0.00258954167 -0.00311928256 -0.00368766921 -0.00428305088 -0.00486262163 -0.00537952011 -0.00579568299 -0.00607969986 -0.00620732766 -0.00617059711 -0.00601779809 -0.00571427592 -0.00517974296 -0.00451633474 -0.00383165386 -0.00333473776 -0.00303435408 -0.00294549334 -0.00298445272 -0.0030679957 -0.00315569704 -0.00324260172 -0.00333343608 -0.00342225522 -0.00348889312 -0.00351719738 -0.00350158555 -0.00344757391 -0.00335380044 -0.00318776216 -0.00285854082 -0.00226227284 
-0.00142789718 -0.00193752837 -0.00236006882 -0.00274415802 -0.00313379135 -0.00353774008 -0.00393914559 -0.00431323103 -0.00463712167 -0.00489004862 -0.00504958437 -0.00510540395 -0.00504882241 -0.00484318206 -0.00445334278 -0.00391930952 -0.00336397717 -0.00292343821 -0.00267024302 -0.0025979984 -0.00264836823 -0.00275351753 -0.00287093195 -0.00298411537 -0.00308665791 -0.00317323462 -0.00323312635 -0.00326169597 -0.00325826157 -0.00322607381 -0.003157495 -0.00301643938 -0.00271292579 -0.00214698361 
-0.00127926633 -0.00171055569 -0.00203865911 -0.00230813024 -0.00256396499 -0.00282453783 -0.00308783126 -0.003343264 -0.0035786486 -0.00378165032 -0.00393691961 -0.0040277726 -0.00403252983 -0.00392035844 -0.00366843904 -0.00330279966 -0.00290497382 -0.00257585963 -0.00237820812 -0.00231714022 -0.00235361201 -0.00244030578 -0.00254335116 -0.00264388451 -0.00273269685 -0.00280432096 -0.00285295174 -0.00287808054 -0.00288055675 -0.00286121444 -0.00281005177 -0.0026919197 -0.00242478966 -0.00191805119 
-0.00100487578 -0.00132886215 -0.00156279748 -0.00174099899 -0.00189968259 -0.00205730023 -0.00221820238 -0.00237961218 -0.00253543233 -0.00267896881 -0.00280051319 -0.00288552992 -0.00291400471 -0.00286364931 -0.00272236329 -0.00250501227 -0.00226020572 -0.00204962363 -0.0019169539 -0.00186968977 -0.00188806214 -0.00194411874 -0.0020157223 -0.00208756192 -0.00215124038 -0.00220266632 -0.00223779854 -0.00225715788 -0.00226125499 -0.00224917606 -0.00221100067 -0.00211778838 -0.00190670686 -0.00150876031 
